1	200	0	200	
1	200	500	200	
1	200	1000	200	
1	200	1500	200	
1	200	2000	200	
1	200	2500	200	
1	200	3000	200	
1	200	3500	200	
1	200	4000	200	
1	200	4500	200	
1	200	5000	200	
1	200	5500	200	
1	200	6000	200	
1	200	6500	200	
1	200	7000	200	
1	200	7500	200	
1	200	8000	200	
1	200	8500	200	
1	200	9000	200	
1	200	9500	200	
1	800	0	200	
1	800	500	200	
1	800	1000	200	
1	800	1500	200	
1	800	2000	200	
1	800	2500	200	
1	800	3000	200	
1	800	3500	200	
1	800	4000	200	
1	800	4500	200	
1	800	5000	200	
1	800	5500	200	
1	800	6000	200	
1	800	6500	200	
1	800	7000	200	
1	800	7500	200	
1	800	8000	200	
1	800	8500	200	
1	800	9000	200	
1	800	9500	200	
1	2200	0	200	
1	2200	500	200	
1	2200	1000	200	
1	2200	1500	200	
1	2200	2000	200	
1	2200	2500	200	
1	2200	3000	200	
1	2200	3500	200	
1	2200	4000	200	
1	2200	4500	200	
1	2200	5000	200	
1	2200	5500	200	
1	2200	6000	200	
1	2200	6500	200	
1	2200	7000	200	
1	2200	7500	200	
1	2200	8000	200	
1	2200	8500	200	
1	2200	9000	200	
1	2200	9500	200	
1	5000	0	200	
1	5000	500	200	
1	5000	1000	200	
1	5000	1500	200	
1	5000	2000	200	
1	5000	2500	200	
1	5000	3000	200	
1	5000	3500	200	
1	5000	4000	200	
1	5000	4500	200	
1	5000	5000	200	
1	5000	5500	200	
1	5000	6000	200	
1	5000	6500	200	
1	5000	7000	200	
1	5000	7500	200	
1	5000	8000	200	
1	5000	8500	200	
1	5000	9000	200	
1	5000	9500	200	
1	12000	0	200	
1	12000	500	200	
1	12000	1000	200	
1	12000	1500	200	
1	12000	2000	200	
1	12000	2500	200	
1	12000	3000	200	
1	12000	3500	200	
1	12000	4000	200	
1	12000	4500	200	
1	12000	5000	200	
1	12000	5500	200	
1	12000	6000	200	
1	12000	6500	200	
1	12000	7000	200	
1	12000	7500	200	
1	12000	8000	200	
1	12000	8500	200	
1	12000	9000	200	
1	12000	9500	200	
1	25000	0	200	
1	25000	500	200	
1	25000	1000	200	
1	25000	1500	200	
1	25000	2000	200	
1	25000	2500	200	
1	25000	3000	200	
1	25000	3500	200	
1	25000	4000	200	
1	25000	4500	200	
1	25000	5000	200	
1	25000	5500	200	
1	25000	6000	200	
1	25000	6500	200	
1	25000	7000	200	
1	25000	7500	200	
1	25000	8000	200	
1	25000	8500	200	
1	25000	9000	200	
1	25000	9500	200	
201	200	0	200	
201	200	500	200	
201	200	1000	200	
201	200	1500	200	
201	200	2000	200	
201	200	2500	200	
201	200	3000	200	
201	200	3500	200	
201	200	4000	200	
201	200	4500	200	
201	200	5000	200	
201	200	5500	200	
201	200	6000	200	
201	200	6500	200	
201	200	7000	200	
201	200	7500	200	
201	200	8000	200	
201	200	8500	200	
201	200	9000	200	
201	200	9500	200	
201	800	0	200	
201	800	500	200	
201	800	1000	200	
201	800	1500	200	
201	800	2000	200	
201	800	2500	200	
201	800	3000	200	
201	800	3500	200	
201	800	4000	200	
201	800	4500	200	
201	800	5000	200	
201	800	5500	200	
201	800	6000	200	
201	800	6500	200	
201	800	7000	200	
201	800	7500	200	
201	800	8000	800	
201	800	8500	800	
201	800	9000	800	
201	800	9500	800	
201	2200	0	200	
201	2200	500	200	
201	2200	1000	200	
201	2200	1500	200	
201	2200	2000	200	
201	2200	2500	200	
201	2200	3000	200	
201	2200	3500	200	
201	2200	4000	200	
201	2200	4500	200	
201	2200	5000	200	
201	2200	5500	200	
201	2200	6000	200	
201	2200	6500	200	
201	2200	7000	200	
201	2200	7500	200	
201	2200	8000	800	
201	2200	8500	800	
201	2200	9000	800	
201	2200	9500	800	
201	5000	0	200	
201	5000	500	200	
201	5000	1000	200	
201	5000	1500	200	
201	5000	2000	200	
201	5000	2500	200	
201	5000	3000	200	
201	5000	3500	200	
201	5000	4000	200	
201	5000	4500	200	
201	5000	5000	200	
201	5000	5500	200	
201	5000	6000	200	
201	5000	6500	200	
201	5000	7000	200	
201	5000	7500	200	
201	5000	8000	800	
201	5000	8500	800	
201	5000	9000	800	
201	5000	9500	800	
201	12000	0	200	
201	12000	500	200	
201	12000	1000	200	
201	12000	1500	200	
201	12000	2000	200	
201	12000	2500	200	
201	12000	3000	200	
201	12000	3500	200	
201	12000	4000	200	
201	12000	4500	200	
201	12000	5000	200	
201	12000	5500	200	
201	12000	6000	200	
201	12000	6500	200	
201	12000	7000	200	
201	12000	7500	200	
201	12000	8000	800	
201	12000	8500	800	
201	12000	9000	800	
201	12000	9500	800	
201	25000	0	200	
201	25000	500	200	
201	25000	1000	200	
201	25000	1500	200	
201	25000	2000	200	
201	25000	2500	200	
201	25000	3000	200	
201	25000	3500	200	
201	25000	4000	200	
201	25000	4500	200	
201	25000	5000	200	
201	25000	5500	200	
201	25000	6000	200	
201	25000	6500	200	
201	25000	7000	200	
201	25000	7500	200	
201	25000	8000	800	
201	25000	8500	800	
201	25000	9000	800	
201	25000	9500	800	
401	200	0	200	
401	200	500	200	
401	200	1000	200	
401	200	1500	200	
401	200	2000	200	
401	200	2500	200	
401	200	3000	200	
401	200	3500	200	
401	200	4000	200	
401	200	4500	200	
401	200	5000	200	
401	200	5500	200	
401	200	6000	200	
401	200	6500	200	
401	200	7000	200	
401	200	7500	200	
401	200	8000	200	
401	200	8500	200	
401	200	9000	200	
401	200	9500	200	
401	800	0	200	
401	800	500	200	
401	800	1000	200	
401	800	1500	200	
401	800	2000	200	
401	800	2500	200	
401	800	3000	200	
401	800	3500	200	
401	800	4000	200	
401	800	4500	200	
401	800	5000	200	
401	800	5500	200	
401	800	6000	200	
401	800	6500	200	
401	800	7000	200	
401	800	7500	200	
401	800	8000	800	
401	800	8500	800	
401	800	9000	200	
401	800	9500	200	
401	2200	0	200	
401	2200	500	200	
401	2200	1000	200	
401	2200	1500	200	
401	2200	2000	200	
401	2200	2500	200	
401	2200	3000	200	
401	2200	3500	200	
401	2200	4000	200	
401	2200	4500	200	
401	2200	5000	200	
401	2200	5500	200	
401	2200	6000	200	
401	2200	6500	200	
401	2200	7000	200	
401	2200	7500	200	
401	2200	8000	800	
401	2200	8500	800	
401	2200	9000	200	
401	2200	9500	200	
401	5000	0	200	
401	5000	500	200	
401	5000	1000	200	
401	5000	1500	200	
401	5000	2000	200	
401	5000	2500	200	
401	5000	3000	200	
401	5000	3500	200	
401	5000	4000	200	
401	5000	4500	200	
401	5000	5000	200	
401	5000	5500	200	
401	5000	6000	200	
401	5000	6500	200	
401	5000	7000	200	
401	5000	7500	200	
401	5000	8000	800	
401	5000	8500	800	
401	5000	9000	200	
401	5000	9500	200	
401	12000	0	200	
401	12000	500	200	
401	12000	1000	200	
401	12000	1500	200	
401	12000	2000	200	
401	12000	2500	200	
401	12000	3000	200	
401	12000	3500	200	
401	12000	4000	200	
401	12000	4500	200	
401	12000	5000	200	
401	12000	5500	200	
401	12000	6000	200	
401	12000	6500	200	
401	12000	7000	200	
401	12000	7500	200	
401	12000	8000	800	
401	12000	8500	800	
401	12000	9000	200	
401	12000	9500	200	
401	25000	0	200	
401	25000	500	200	
401	25000	1000	200	
401	25000	1500	200	
401	25000	2000	200	
401	25000	2500	200	
401	25000	3000	200	
401	25000	3500	200	
401	25000	4000	200	
401	25000	4500	200	
401	25000	5000	200	
401	25000	5500	200	
401	25000	6000	200	
401	25000	6500	200	
401	25000	7000	200	
401	25000	7500	200	
401	25000	8000	800	
401	25000	8500	800	
401	25000	9000	200	
401	25000	9500	200	
601	200	0	200	
601	200	500	200	
601	200	1000	200	
601	200	1500	200	
601	200	2000	200	
601	200	2500	200	
601	200	3000	200	
601	200	3500	200	
601	200	4000	200	
601	200	4500	200	
601	200	5000	200	
601	200	5500	200	
601	200	6000	200	
601	200	6500	200	
601	200	7000	800	
601	200	7500	800	
601	200	8000	800	
601	200	8500	800	
601	200	9000	800	
601	200	9500	800	
601	800	0	200	
601	800	500	200	
601	800	1000	200	
601	800	1500	200	
601	800	2000	200	
601	800	2500	200	
601	800	3000	200	
601	800	3500	200	
601	800	4000	200	
601	800	4500	200	
601	800	5000	200	
601	800	5500	200	
601	800	6000	800	
601	800	6500	800	
601	800	7000	800	
601	800	7500	800	
601	800	8000	800	
601	800	8500	800	
601	800	9000	800	
601	800	9500	800	
601	2200	0	200	
601	2200	500	200	
601	2200	1000	200	
601	2200	1500	200	
601	2200	2000	200	
601	2200	2500	200	
601	2200	3000	200	
601	2200	3500	200	
601	2200	4000	200	
601	2200	4500	200	
601	2200	5000	200	
601	2200	5500	200	
601	2200	6000	800	
601	2200	6500	800	
601	2200	7000	800	
601	2200	7500	800	
601	2200	8000	800	
601	2200	8500	800	
601	2200	9000	800	
601	2200	9500	800	
601	5000	0	200	
601	5000	500	200	
601	5000	1000	200	
601	5000	1500	200	
601	5000	2000	200	
601	5000	2500	200	
601	5000	3000	200	
601	5000	3500	200	
601	5000	4000	200	
601	5000	4500	200	
601	5000	5000	200	
601	5000	5500	200	
601	5000	6000	800	
601	5000	6500	800	
601	5000	7000	800	
601	5000	7500	800	
601	5000	8000	800	
601	5000	8500	800	
601	5000	9000	800	
601	5000	9500	800	
601	12000	0	200	
601	12000	500	200	
601	12000	1000	200	
601	12000	1500	200	
601	12000	2000	200	
601	12000	2500	200	
601	12000	3000	200	
601	12000	3500	200	
601	12000	4000	200	
601	12000	4500	200	
601	12000	5000	200	
601	12000	5500	200	
601	12000	6000	800	
601	12000	6500	800	
601	12000	7000	800	
601	12000	7500	800	
601	12000	8000	800	
601	12000	8500	800	
601	12000	9000	800	
601	12000	9500	800	
601	25000	0	200	
601	25000	500	200	
601	25000	1000	200	
601	25000	1500	200	
601	25000	2000	200	
601	25000	2500	200	
601	25000	3000	200	
601	25000	3500	200	
601	25000	4000	200	
601	25000	4500	200	
601	25000	5000	200	
601	25000	5500	200	
601	25000	6000	800	
601	25000	6500	800	
601	25000	7000	800	
601	25000	7500	800	
601	25000	8000	800	
601	25000	8500	800	
601	25000	9000	800	
601	25000	9500	800	
801	200	0	200	
801	200	500	200	
801	200	1000	200	
801	200	1500	200	
801	200	2000	800	
801	200	2500	800	
801	200	3000	800	
801	200	3500	800	
801	200	4000	800	
801	200	4500	800	
801	200	5000	800	
801	200	5500	800	
801	200	6000	800	
801	200	6500	800	
801	200	7000	800	
801	200	7500	800	
801	200	8000	200	
801	200	8500	200	
801	200	9000	200	
801	200	9500	200	
801	800	0	200	
801	800	500	200	
801	800	1000	200	
801	800	1500	200	
801	800	2000	800	
801	800	2500	800	
801	800	3000	800	
801	800	3500	800	
801	800	4000	800	
801	800	4500	800	
801	800	5000	800	
801	800	5500	800	
801	800	6000	800	
801	800	6500	800	
801	800	7000	800	
801	800	7500	800	
801	800	8000	800	
801	800	8500	800	
801	800	9000	800	
801	800	9500	800	
801	2200	0	200	
801	2200	500	200	
801	2200	1000	200	
801	2200	1500	200	
801	2200	2000	800	
801	2200	2500	800	
801	2200	3000	800	
801	2200	3500	800	
801	2200	4000	800	
801	2200	4500	800	
801	2200	5000	800	
801	2200	5500	800	
801	2200	6000	2200	
801	2200	6500	2200	
801	2200	7000	2200	
801	2200	7500	2200	
801	2200	8000	2200	
801	2200	8500	2200	
801	2200	9000	2200	
801	2200	9500	2200	
801	5000	0	200	
801	5000	500	200	
801	5000	1000	200	
801	5000	1500	200	
801	5000	2000	800	
801	5000	2500	800	
801	5000	3000	800	
801	5000	3500	800	
801	5000	4000	800	
801	5000	4500	800	
801	5000	5000	800	
801	5000	5500	800	
801	5000	6000	2200	
801	5000	6500	2200	
801	5000	7000	2200	
801	5000	7500	2200	
801	5000	8000	2200	
801	5000	8500	2200	
801	5000	9000	2200	
801	5000	9500	2200	
801	12000	0	200	
801	12000	500	200	
801	12000	1000	200	
801	12000	1500	200	
801	12000	2000	800	
801	12000	2500	800	
801	12000	3000	800	
801	12000	3500	800	
801	12000	4000	800	
801	12000	4500	800	
801	12000	5000	800	
801	12000	5500	800	
801	12000	6000	2200	
801	12000	6500	2200	
801	12000	7000	2200	
801	12000	7500	2200	
801	12000	8000	2200	
801	12000	8500	2200	
801	12000	9000	2200	
801	12000	9500	2200	
801	25000	0	200	
801	25000	500	200	
801	25000	1000	200	
801	25000	1500	200	
801	25000	2000	800	
801	25000	2500	800	
801	25000	3000	800	
801	25000	3500	800	
801	25000	4000	800	
801	25000	4500	800	
801	25000	5000	800	
801	25000	5500	800	
801	25000	6000	2200	
801	25000	6500	2200	
801	25000	7000	2200	
801	25000	7500	2200	
801	25000	8000	2200	
801	25000	8500	2200	
801	25000	9000	2200	
801	25000	9500	2200	
1001	200	0	200	
1001	200	500	200	
1001	200	1000	200	
1001	200	1500	200	
1001	200	2000	800	
1001	200	2500	800	
1001	200	3000	800	
1001	200	3500	800	
1001	200	4000	800	
1001	200	4500	800	
1001	200	5000	800	
1001	200	5500	800	
1001	200	6000	200	
1001	200	6500	200	
1001	200	7000	200	
1001	200	7500	200	
1001	200	8000	800	
1001	200	8500	800	
1001	200	9000	200	
1001	200	9500	200	
1001	800	0	200	
1001	800	500	200	
1001	800	1000	200	
1001	800	1500	200	
1001	800	2000	800	
1001	800	2500	800	
1001	800	3000	800	
1001	800	3500	800	
1001	800	4000	800	
1001	800	4500	800	
1001	800	5000	800	
1001	800	5500	800	
1001	800	6000	800	
1001	800	6500	800	
1001	800	7000	800	
1001	800	7500	800	
1001	800	8000	800	
1001	800	8500	800	
1001	800	9000	800	
1001	800	9500	800	
1001	2200	0	200	
1001	2200	500	200	
1001	2200	1000	200	
1001	2200	1500	200	
1001	2200	2000	800	
1001	2200	2500	800	
1001	2200	3000	800	
1001	2200	3500	800	
1001	2200	4000	800	
1001	2200	4500	800	
1001	2200	5000	2200	
1001	2200	5500	2200	
1001	2200	6000	2200	
1001	2200	6500	2200	
1001	2200	7000	2200	
1001	2200	7500	2200	
1001	2200	8000	2200	
1001	2200	8500	2200	
1001	2200	9000	2200	
1001	2200	9500	2200	
1001	5000	0	200	
1001	5000	500	200	
1001	5000	1000	200	
1001	5000	1500	200	
1001	5000	2000	800	
1001	5000	2500	800	
1001	5000	3000	800	
1001	5000	3500	800	
1001	5000	4000	800	
1001	5000	4500	800	
1001	5000	5000	2200	
1001	5000	5500	2200	
1001	5000	6000	2200	
1001	5000	6500	2200	
1001	5000	7000	2200	
1001	5000	7500	2200	
1001	5000	8000	2200	
1001	5000	8500	2200	
1001	5000	9000	2200	
1001	5000	9500	2200	
1001	12000	0	200	
1001	12000	500	200	
1001	12000	1000	200	
1001	12000	1500	200	
1001	12000	2000	800	
1001	12000	2500	800	
1001	12000	3000	800	
1001	12000	3500	800	
1001	12000	4000	800	
1001	12000	4500	800	
1001	12000	5000	2200	
1001	12000	5500	2200	
1001	12000	6000	2200	
1001	12000	6500	2200	
1001	12000	7000	2200	
1001	12000	7500	2200	
1001	12000	8000	2200	
1001	12000	8500	2200	
1001	12000	9000	2200	
1001	12000	9500	2200	
1001	25000	0	200	
1001	25000	500	200	
1001	25000	1000	200	
1001	25000	1500	200	
1001	25000	2000	800	
1001	25000	2500	800	
1001	25000	3000	800	
1001	25000	3500	800	
1001	25000	4000	800	
1001	25000	4500	800	
1001	25000	5000	2200	
1001	25000	5500	2200	
1001	25000	6000	2200	
1001	25000	6500	2200	
1001	25000	7000	2200	
1001	25000	7500	2200	
1001	25000	8000	2200	
1001	25000	8500	2200	
1001	25000	9000	2200	
1001	25000	9500	2200	
1201	200	0	200	
1201	200	500	200	
1201	200	1000	200	
1201	200	1500	200	
1201	200	2000	800	
1201	200	2500	800	
1201	200	3000	800	
1201	200	3500	800	
1201	200	4000	200	
1201	200	4500	200	
1201	200	5000	200	
1201	200	5500	200	
1201	200	6000	200	
1201	200	6500	200	
1201	200	7000	200	
1201	200	7500	200	
1201	200	8000	800	
1201	200	8500	800	
1201	200	9000	200	
1201	200	9500	200	
1201	800	0	200	
1201	800	500	200	
1201	800	1000	200	
1201	800	1500	200	
1201	800	2000	800	
1201	800	2500	800	
1201	800	3000	800	
1201	800	3500	800	
1201	800	4000	800	
1201	800	4500	800	
1201	800	5000	800	
1201	800	5500	800	
1201	800	6000	800	
1201	800	6500	800	
1201	800	7000	800	
1201	800	7500	800	
1201	800	8000	800	
1201	800	8500	800	
1201	800	9000	800	
1201	800	9500	800	
1201	2200	0	200	
1201	2200	500	200	
1201	2200	1000	200	
1201	2200	1500	200	
1201	2200	2000	800	
1201	2200	2500	800	
1201	2200	3000	800	
1201	2200	3500	800	
1201	2200	4000	2200	
1201	2200	4500	2200	
1201	2200	5000	2200	
1201	2200	5500	2200	
1201	2200	6000	2200	
1201	2200	6500	2200	
1201	2200	7000	2200	
1201	2200	7500	2200	
1201	2200	8000	2200	
1201	2200	8500	2200	
1201	2200	9000	2200	
1201	2200	9500	2200	
1201	5000	0	200	
1201	5000	500	200	
1201	5000	1000	200	
1201	5000	1500	200	
1201	5000	2000	800	
1201	5000	2500	800	
1201	5000	3000	800	
1201	5000	3500	800	
1201	5000	4000	2200	
1201	5000	4500	2200	
1201	5000	5000	2200	
1201	5000	5500	2200	
1201	5000	6000	2200	
1201	5000	6500	2200	
1201	5000	7000	2200	
1201	5000	7500	2200	
1201	5000	8000	2200	
1201	5000	8500	2200	
1201	5000	9000	2200	
1201	5000	9500	2200	
1201	12000	0	200	
1201	12000	500	200	
1201	12000	1000	200	
1201	12000	1500	200	
1201	12000	2000	800	
1201	12000	2500	800	
1201	12000	3000	800	
1201	12000	3500	800	
1201	12000	4000	2200	
1201	12000	4500	2200	
1201	12000	5000	2200	
1201	12000	5500	2200	
1201	12000	6000	2200	
1201	12000	6500	2200	
1201	12000	7000	2200	
1201	12000	7500	2200	
1201	12000	8000	2200	
1201	12000	8500	2200	
1201	12000	9000	2200	
1201	12000	9500	2200	
1201	25000	0	200	
1201	25000	500	200	
1201	25000	1000	200	
1201	25000	1500	200	
1201	25000	2000	800	
1201	25000	2500	800	
1201	25000	3000	800	
1201	25000	3500	800	
1201	25000	4000	2200	
1201	25000	4500	2200	
1201	25000	5000	2200	
1201	25000	5500	2200	
1201	25000	6000	2200	
1201	25000	6500	2200	
1201	25000	7000	2200	
1201	25000	7500	2200	
1201	25000	8000	2200	
1201	25000	8500	2200	
1201	25000	9000	2200	
1201	25000	9500	2200	
1401	200	0	200	
1401	200	500	200	
1401	200	1000	200	
1401	200	1500	200	
1401	200	2000	800	
1401	200	2500	800	
1401	200	3000	800	
1401	200	3500	800	
1401	200	4000	200	
1401	200	4500	200	
1401	200	5000	200	
1401	200	5500	200	
1401	200	6000	200	
1401	200	6500	200	
1401	200	7000	200	
1401	200	7500	200	
1401	200	8000	800	
1401	200	8500	800	
1401	200	9000	200	
1401	200	9500	200	
1401	800	0	200	
1401	800	500	200	
1401	800	1000	200	
1401	800	1500	200	
1401	800	2000	800	
1401	800	2500	800	
1401	800	3000	800	
1401	800	3500	800	
1401	800	4000	800	
1401	800	4500	800	
1401	800	5000	800	
1401	800	5500	800	
1401	800	6000	800	
1401	800	6500	800	
1401	800	7000	800	
1401	800	7500	800	
1401	800	8000	800	
1401	800	8500	800	
1401	800	9000	800	
1401	800	9500	800	
1401	2200	0	200	
1401	2200	500	200	
1401	2200	1000	200	
1401	2200	1500	200	
1401	2200	2000	800	
1401	2200	2500	800	
1401	2200	3000	800	
1401	2200	3500	800	
1401	2200	4000	2200	
1401	2200	4500	2200	
1401	2200	5000	2200	
1401	2200	5500	2200	
1401	2200	6000	2200	
1401	2200	6500	2200	
1401	2200	7000	2200	
1401	2200	7500	2200	
1401	2200	8000	2200	
1401	2200	8500	2200	
1401	2200	9000	2200	
1401	2200	9500	2200	
1401	5000	0	200	
1401	5000	500	200	
1401	5000	1000	200	
1401	5000	1500	200	
1401	5000	2000	800	
1401	5000	2500	800	
1401	5000	3000	800	
1401	5000	3500	800	
1401	5000	4000	2200	
1401	5000	4500	2200	
1401	5000	5000	2200	
1401	5000	5500	2200	
1401	5000	6000	2200	
1401	5000	6500	2200	
1401	5000	7000	2200	
1401	5000	7500	2200	
1401	5000	8000	2200	
1401	5000	8500	2200	
1401	5000	9000	2200	
1401	5000	9500	2200	
1401	12000	0	200	
1401	12000	500	200	
1401	12000	1000	200	
1401	12000	1500	200	
1401	12000	2000	800	
1401	12000	2500	800	
1401	12000	3000	800	
1401	12000	3500	800	
1401	12000	4000	2200	
1401	12000	4500	2200	
1401	12000	5000	2200	
1401	12000	5500	2200	
1401	12000	6000	2200	
1401	12000	6500	2200	
1401	12000	7000	2200	
1401	12000	7500	2200	
1401	12000	8000	2200	
1401	12000	8500	2200	
1401	12000	9000	2200	
1401	12000	9500	2200	
1401	25000	0	200	
1401	25000	500	200	
1401	25000	1000	200	
1401	25000	1500	200	
1401	25000	2000	800	
1401	25000	2500	800	
1401	25000	3000	800	
1401	25000	3500	800	
1401	25000	4000	2200	
1401	25000	4500	2200	
1401	25000	5000	2200	
1401	25000	5500	2200	
1401	25000	6000	2200	
1401	25000	6500	2200	
1401	25000	7000	2200	
1401	25000	7500	2200	
1401	25000	8000	2200	
1401	25000	8500	2200	
1401	25000	9000	2200	
1401	25000	9500	2200	
1601	200	0	800	
1601	200	500	800	
1601	200	1000	800	
1601	200	1500	800	
1601	200	2000	800	
1601	200	2500	800	
1601	200	3000	800	
1601	200	3500	800	
1601	200	4000	800	
1601	200	4500	800	
1601	200	5000	800	
1601	200	5500	800	
1601	200	6000	800	
1601	200	6500	800	
1601	200	7000	2200	
1601	200	7500	2200	
1601	200	8000	2200	
1601	200	8500	2200	
1601	200	9000	2200	
1601	200	9500	2200	
1601	800	0	800	
1601	800	500	800	
1601	800	1000	800	
1601	800	1500	800	
1601	800	2000	800	
1601	800	2500	800	
1601	800	3000	800	
1601	800	3500	800	
1601	800	4000	800	
1601	800	4500	800	
1601	800	5000	800	
1601	800	5500	800	
1601	800	6000	800	
1601	800	6500	800	
1601	800	7000	2200	
1601	800	7500	2200	
1601	800	8000	2200	
1601	800	8500	2200	
1601	800	9000	2200	
1601	800	9500	2200	
1601	2200	0	800	
1601	2200	500	800	
1601	2200	1000	800	
1601	2200	1500	800	
1601	2200	2000	800	
1601	2200	2500	800	
1601	2200	3000	800	
1601	2200	3500	800	
1601	2200	4000	800	
1601	2200	4500	800	
1601	2200	5000	800	
1601	2200	5500	800	
1601	2200	6000	2200	
1601	2200	6500	2200	
1601	2200	7000	2200	
1601	2200	7500	2200	
1601	2200	8000	2200	
1601	2200	8500	2200	
1601	2200	9000	2200	
1601	2200	9500	2200	
1601	5000	0	800	
1601	5000	500	800	
1601	5000	1000	800	
1601	5000	1500	800	
1601	5000	2000	800	
1601	5000	2500	800	
1601	5000	3000	800	
1601	5000	3500	800	
1601	5000	4000	800	
1601	5000	4500	800	
1601	5000	5000	800	
1601	5000	5500	800	
1601	5000	6000	2200	
1601	5000	6500	2200	
1601	5000	7000	2200	
1601	5000	7500	2200	
1601	5000	8000	2200	
1601	5000	8500	2200	
1601	5000	9000	2200	
1601	5000	9500	2200	
1601	12000	0	800	
1601	12000	500	800	
1601	12000	1000	800	
1601	12000	1500	800	
1601	12000	2000	800	
1601	12000	2500	800	
1601	12000	3000	800	
1601	12000	3500	800	
1601	12000	4000	800	
1601	12000	4500	800	
1601	12000	5000	800	
1601	12000	5500	800	
1601	12000	6000	2200	
1601	12000	6500	2200	
1601	12000	7000	2200	
1601	12000	7500	2200	
1601	12000	8000	2200	
1601	12000	8500	2200	
1601	12000	9000	2200	
1601	12000	9500	2200	
1601	25000	0	800	
1601	25000	500	800	
1601	25000	1000	800	
1601	25000	1500	800	
1601	25000	2000	800	
1601	25000	2500	800	
1601	25000	3000	800	
1601	25000	3500	800	
1601	25000	4000	800	
1601	25000	4500	800	
1601	25000	5000	800	
1601	25000	5500	800	
1601	25000	6000	2200	
1601	25000	6500	2200	
1601	25000	7000	2200	
1601	25000	7500	2200	
1601	25000	8000	2200	
1601	25000	8500	2200	
1601	25000	9000	2200	
1601	25000	9500	2200	
1801	200	0	800	
1801	200	500	800	
1801	200	1000	800	
1801	200	1500	800	
1801	200	2000	800	
1801	200	2500	800	
1801	200	3000	800	
1801	200	3500	800	
1801	200	4000	800	
1801	200	4500	800	
1801	200	5000	800	
1801	200	5500	800	
1801	200	6000	800	
1801	200	6500	800	
1801	200	7000	2200	
1801	200	7500	2200	
1801	200	8000	2200	
1801	200	8500	2200	
1801	200	9000	800	
1801	200	9500	800	
1801	800	0	800	
1801	800	500	800	
1801	800	1000	800	
1801	800	1500	800	
1801	800	2000	800	
1801	800	2500	800	
1801	800	3000	800	
1801	800	3500	800	
1801	800	4000	800	
1801	800	4500	800	
1801	800	5000	800	
1801	800	5500	800	
1801	800	6000	800	
1801	800	6500	800	
1801	800	7000	2200	
1801	800	7500	2200	
1801	800	8000	2200	
1801	800	8500	2200	
1801	800	9000	800	
1801	800	9500	800	
1801	2200	0	800	
1801	2200	500	800	
1801	2200	1000	800	
1801	2200	1500	800	
1801	2200	2000	800	
1801	2200	2500	800	
1801	2200	3000	800	
1801	2200	3500	800	
1801	2200	4000	800	
1801	2200	4500	800	
1801	2200	5000	800	
1801	2200	5500	800	
1801	2200	6000	2200	
1801	2200	6500	2200	
1801	2200	7000	2200	
1801	2200	7500	2200	
1801	2200	8000	2200	
1801	2200	8500	2200	
1801	2200	9000	2200	
1801	2200	9500	2200	
1801	5000	0	800	
1801	5000	500	800	
1801	5000	1000	800	
1801	5000	1500	800	
1801	5000	2000	800	
1801	5000	2500	800	
1801	5000	3000	800	
1801	5000	3500	800	
1801	5000	4000	800	
1801	5000	4500	800	
1801	5000	5000	800	
1801	5000	5500	800	
1801	5000	6000	2200	
1801	5000	6500	2200	
1801	5000	7000	2200	
1801	5000	7500	2200	
1801	5000	8000	2200	
1801	5000	8500	2200	
1801	5000	9000	2200	
1801	5000	9500	2200	
1801	12000	0	800	
1801	12000	500	800	
1801	12000	1000	800	
1801	12000	1500	800	
1801	12000	2000	800	
1801	12000	2500	800	
1801	12000	3000	800	
1801	12000	3500	800	
1801	12000	4000	800	
1801	12000	4500	800	
1801	12000	5000	800	
1801	12000	5500	800	
1801	12000	6000	2200	
1801	12000	6500	2200	
1801	12000	7000	2200	
1801	12000	7500	2200	
1801	12000	8000	2200	
1801	12000	8500	2200	
1801	12000	9000	2200	
1801	12000	9500	2200	
1801	25000	0	800	
1801	25000	500	800	
1801	25000	1000	800	
1801	25000	1500	800	
1801	25000	2000	800	
1801	25000	2500	800	
1801	25000	3000	800	
1801	25000	3500	800	
1801	25000	4000	800	
1801	25000	4500	800	
1801	25000	5000	800	
1801	25000	5500	800	
1801	25000	6000	2200	
1801	25000	6500	2200	
1801	25000	7000	2200	
1801	25000	7500	2200	
1801	25000	8000	2200	
1801	25000	8500	2200	
1801	25000	9000	2200	
1801	25000	9500	2200	
2001	200	0	800	
2001	200	500	800	
2001	200	1000	800	
2001	200	1500	800	
2001	200	2000	800	
2001	200	2500	800	
2001	200	3000	800	
2001	200	3500	800	
2001	200	4000	800	
2001	200	4500	800	
2001	200	5000	800	
2001	200	5500	800	
2001	200	6000	800	
2001	200	6500	800	
2001	200	7000	800	
2001	200	7500	800	
2001	200	8000	800	
2001	200	8500	800	
2001	200	9000	800	
2001	200	9500	800	
2001	800	0	800	
2001	800	500	800	
2001	800	1000	800	
2001	800	1500	800	
2001	800	2000	800	
2001	800	2500	800	
2001	800	3000	800	
2001	800	3500	800	
2001	800	4000	800	
2001	800	4500	800	
2001	800	5000	800	
2001	800	5500	800	
2001	800	6000	800	
2001	800	6500	800	
2001	800	7000	800	
2001	800	7500	800	
2001	800	8000	800	
2001	800	8500	800	
2001	800	9000	800	
2001	800	9500	800	
2001	2200	0	800	
2001	2200	500	800	
2001	2200	1000	800	
2001	2200	1500	800	
2001	2200	2000	800	
2001	2200	2500	800	
2001	2200	3000	800	
2001	2200	3500	800	
2001	2200	4000	800	
2001	2200	4500	800	
2001	2200	5000	800	
2001	2200	5500	800	
2001	2200	6000	2200	
2001	2200	6500	2200	
2001	2200	7000	2200	
2001	2200	7500	2200	
2001	2200	8000	2200	
2001	2200	8500	2200	
2001	2200	9000	800	
2001	2200	9500	800	
2001	5000	0	800	
2001	5000	500	800	
2001	5000	1000	800	
2001	5000	1500	800	
2001	5000	2000	800	
2001	5000	2500	800	
2001	5000	3000	800	
2001	5000	3500	800	
2001	5000	4000	800	
2001	5000	4500	800	
2001	5000	5000	5000	
2001	5000	5500	5000	
2001	5000	6000	2200	
2001	5000	6500	2200	
2001	5000	7000	2200	
2001	5000	7500	2200	
2001	5000	8000	2200	
2001	5000	8500	2200	
2001	5000	9000	5000	
2001	5000	9500	5000	
2001	12000	0	800	
2001	12000	500	800	
2001	12000	1000	800	
2001	12000	1500	800	
2001	12000	2000	800	
2001	12000	2500	800	
2001	12000	3000	800	
2001	12000	3500	800	
2001	12000	4000	800	
2001	12000	4500	800	
2001	12000	5000	5000	
2001	12000	5500	5000	
2001	12000	6000	2200	
2001	12000	6500	2200	
2001	12000	7000	2200	
2001	12000	7500	2200	
2001	12000	8000	2200	
2001	12000	8500	2200	
2001	12000	9000	5000	
2001	12000	9500	5000	
2001	25000	0	800	
2001	25000	500	800	
2001	25000	1000	800	
2001	25000	1500	800	
2001	25000	2000	800	
2001	25000	2500	800	
2001	25000	3000	800	
2001	25000	3500	800	
2001	25000	4000	800	
2001	25000	4500	800	
2001	25000	5000	5000	
2001	25000	5500	5000	
2001	25000	6000	2200	
2001	25000	6500	2200	
2001	25000	7000	2200	
2001	25000	7500	2200	
2001	25000	8000	2200	
2001	25000	8500	2200	
2001	25000	9000	5000	
2001	25000	9500	5000	
2201	200	0	800	
2201	200	500	800	
2201	200	1000	800	
2201	200	1500	800	
2201	200	2000	2200	
2201	200	2500	2200	
2201	200	3000	2200	
2201	200	3500	2200	
2201	200	4000	2200	
2201	200	4500	2200	
2201	200	5000	2200	
2201	200	5500	2200	
2201	200	6000	800	
2201	200	6500	800	
2201	200	7000	800	
2201	200	7500	800	
2201	200	8000	2200	
2201	200	8500	2200	
2201	200	9000	800	
2201	200	9500	800	
2201	800	0	800	
2201	800	500	800	
2201	800	1000	800	
2201	800	1500	800	
2201	800	2000	2200	
2201	800	2500	2200	
2201	800	3000	2200	
2201	800	3500	2200	
2201	800	4000	2200	
2201	800	4500	2200	
2201	800	5000	2200	
2201	800	5500	2200	
2201	800	6000	800	
2201	800	6500	800	
2201	800	7000	800	
2201	800	7500	800	
2201	800	8000	2200	
2201	800	8500	2200	
2201	800	9000	800	
2201	800	9500	800	
2201	2200	0	800	
2201	2200	500	800	
2201	2200	1000	800	
2201	2200	1500	800	
2201	2200	2000	2200	
2201	2200	2500	2200	
2201	2200	3000	2200	
2201	2200	3500	2200	
2201	2200	4000	2200	
2201	2200	4500	2200	
2201	2200	5000	2200	
2201	2200	5500	2200	
2201	2200	6000	2200	
2201	2200	6500	2200	
2201	2200	7000	2200	
2201	2200	7500	2200	
2201	2200	8000	2200	
2201	2200	8500	2200	
2201	2200	9000	2200	
2201	2200	9500	2200	
2201	5000	0	800	
2201	5000	500	800	
2201	5000	1000	800	
2201	5000	1500	800	
2201	5000	2000	2200	
2201	5000	2500	2200	
2201	5000	3000	2200	
2201	5000	3500	2200	
2201	5000	4000	2200	
2201	5000	4500	2200	
2201	5000	5000	5000	
2201	5000	5500	5000	
2201	5000	6000	5000	
2201	5000	6500	5000	
2201	5000	7000	5000	
2201	5000	7500	5000	
2201	5000	8000	5000	
2201	5000	8500	5000	
2201	5000	9000	5000	
2201	5000	9500	5000	
2201	12000	0	800	
2201	12000	500	800	
2201	12000	1000	800	
2201	12000	1500	800	
2201	12000	2000	2200	
2201	12000	2500	2200	
2201	12000	3000	2200	
2201	12000	3500	2200	
2201	12000	4000	2200	
2201	12000	4500	2200	
2201	12000	5000	5000	
2201	12000	5500	5000	
2201	12000	6000	5000	
2201	12000	6500	5000	
2201	12000	7000	5000	
2201	12000	7500	5000	
2201	12000	8000	5000	
2201	12000	8500	5000	
2201	12000	9000	5000	
2201	12000	9500	5000	
2201	25000	0	800	
2201	25000	500	800	
2201	25000	1000	800	
2201	25000	1500	800	
2201	25000	2000	2200	
2201	25000	2500	2200	
2201	25000	3000	2200	
2201	25000	3500	2200	
2201	25000	4000	2200	
2201	25000	4500	2200	
2201	25000	5000	5000	
2201	25000	5500	5000	
2201	25000	6000	5000	
2201	25000	6500	5000	
2201	25000	7000	5000	
2201	25000	7500	5000	
2201	25000	8000	5000	
2201	25000	8500	5000	
2201	25000	9000	5000	
2201	25000	9500	5000	
2401	200	0	800	
2401	200	500	800	
2401	200	1000	800	
2401	200	1500	800	
2401	200	2000	2200	
2401	200	2500	2200	
2401	200	3000	2200	
2401	200	3500	2200	
2401	200	4000	2200	
2401	200	4500	2200	
2401	200	5000	2200	
2401	200	5500	2200	
2401	200	6000	800	
2401	200	6500	800	
2401	200	7000	800	
2401	200	7500	800	
2401	200	8000	2200	
2401	200	8500	2200	
2401	200	9000	800	
2401	200	9500	800	
2401	800	0	800	
2401	800	500	800	
2401	800	1000	800	
2401	800	1500	800	
2401	800	2000	2200	
2401	800	2500	2200	
2401	800	3000	2200	
2401	800	3500	2200	
2401	800	4000	2200	
2401	800	4500	2200	
2401	800	5000	2200	
2401	800	5500	2200	
2401	800	6000	800	
2401	800	6500	800	
2401	800	7000	800	
2401	800	7500	800	
2401	800	8000	2200	
2401	800	8500	2200	
2401	800	9000	800	
2401	800	9500	800	
2401	2200	0	800	
2401	2200	500	800	
2401	2200	1000	800	
2401	2200	1500	800	
2401	2200	2000	2200	
2401	2200	2500	2200	
2401	2200	3000	2200	
2401	2200	3500	2200	
2401	2200	4000	2200	
2401	2200	4500	2200	
2401	2200	5000	2200	
2401	2200	5500	2200	
2401	2200	6000	2200	
2401	2200	6500	2200	
2401	2200	7000	2200	
2401	2200	7500	2200	
2401	2200	8000	2200	
2401	2200	8500	2200	
2401	2200	9000	2200	
2401	2200	9500	2200	
2401	5000	0	800	
2401	5000	500	800	
2401	5000	1000	800	
2401	5000	1500	800	
2401	5000	2000	2200	
2401	5000	2500	2200	
2401	5000	3000	2200	
2401	5000	3500	2200	
2401	5000	4000	2200	
2401	5000	4500	2200	
2401	5000	5000	5000	
2401	5000	5500	5000	
2401	5000	6000	5000	
2401	5000	6500	5000	
2401	5000	7000	5000	
2401	5000	7500	5000	
2401	5000	8000	5000	
2401	5000	8500	5000	
2401	5000	9000	5000	
2401	5000	9500	5000	
2401	12000	0	800	
2401	12000	500	800	
2401	12000	1000	800	
2401	12000	1500	800	
2401	12000	2000	2200	
2401	12000	2500	2200	
2401	12000	3000	2200	
2401	12000	3500	2200	
2401	12000	4000	2200	
2401	12000	4500	2200	
2401	12000	5000	5000	
2401	12000	5500	5000	
2401	12000	6000	5000	
2401	12000	6500	5000	
2401	12000	7000	5000	
2401	12000	7500	5000	
2401	12000	8000	5000	
2401	12000	8500	5000	
2401	12000	9000	5000	
2401	12000	9500	5000	
2401	25000	0	800	
2401	25000	500	800	
2401	25000	1000	800	
2401	25000	1500	800	
2401	25000	2000	2200	
2401	25000	2500	2200	
2401	25000	3000	2200	
2401	25000	3500	2200	
2401	25000	4000	2200	
2401	25000	4500	2200	
2401	25000	5000	5000	
2401	25000	5500	5000	
2401	25000	6000	5000	
2401	25000	6500	5000	
2401	25000	7000	5000	
2401	25000	7500	5000	
2401	25000	8000	5000	
2401	25000	8500	5000	
2401	25000	9000	5000	
2401	25000	9500	5000	
2601	200	0	800	
2601	200	500	800	
2601	200	1000	800	
2601	200	1500	800	
2601	200	2000	2200	
2601	200	2500	2200	
2601	200	3000	2200	
2601	200	3500	2200	
2601	200	4000	800	
2601	200	4500	800	
2601	200	5000	800	
2601	200	5500	800	
2601	200	6000	800	
2601	200	6500	800	
2601	200	7000	800	
2601	200	7500	800	
2601	200	8000	2200	
2601	200	8500	2200	
2601	200	9000	800	
2601	200	9500	800	
2601	800	0	800	
2601	800	500	800	
2601	800	1000	800	
2601	800	1500	800	
2601	800	2000	2200	
2601	800	2500	2200	
2601	800	3000	2200	
2601	800	3500	2200	
2601	800	4000	800	
2601	800	4500	800	
2601	800	5000	800	
2601	800	5500	800	
2601	800	6000	800	
2601	800	6500	800	
2601	800	7000	800	
2601	800	7500	800	
2601	800	8000	2200	
2601	800	8500	2200	
2601	800	9000	800	
2601	800	9500	800	
2601	2200	0	800	
2601	2200	500	800	
2601	2200	1000	800	
2601	2200	1500	800	
2601	2200	2000	2200	
2601	2200	2500	2200	
2601	2200	3000	2200	
2601	2200	3500	2200	
2601	2200	4000	2200	
2601	2200	4500	2200	
2601	2200	5000	2200	
2601	2200	5500	2200	
2601	2200	6000	2200	
2601	2200	6500	2200	
2601	2200	7000	2200	
2601	2200	7500	2200	
2601	2200	8000	2200	
2601	2200	8500	2200	
2601	2200	9000	2200	
2601	2200	9500	2200	
2601	5000	0	800	
2601	5000	500	800	
2601	5000	1000	800	
2601	5000	1500	800	
2601	5000	2000	2200	
2601	5000	2500	2200	
2601	5000	3000	2200	
2601	5000	3500	2200	
2601	5000	4000	5000	
2601	5000	4500	5000	
2601	5000	5000	5000	
2601	5000	5500	5000	
2601	5000	6000	5000	
2601	5000	6500	5000	
2601	5000	7000	5000	
2601	5000	7500	5000	
2601	5000	8000	5000	
2601	5000	8500	5000	
2601	5000	9000	5000	
2601	5000	9500	5000	
2601	12000	0	800	
2601	12000	500	800	
2601	12000	1000	800	
2601	12000	1500	800	
2601	12000	2000	2200	
2601	12000	2500	2200	
2601	12000	3000	2200	
2601	12000	3500	2200	
2601	12000	4000	5000	
2601	12000	4500	5000	
2601	12000	5000	5000	
2601	12000	5500	5000	
2601	12000	6000	5000	
2601	12000	6500	5000	
2601	12000	7000	5000	
2601	12000	7500	5000	
2601	12000	8000	5000	
2601	12000	8500	5000	
2601	12000	9000	5000	
2601	12000	9500	5000	
2601	25000	0	800	
2601	25000	500	800	
2601	25000	1000	800	
2601	25000	1500	800	
2601	25000	2000	2200	
2601	25000	2500	2200	
2601	25000	3000	2200	
2601	25000	3500	2200	
2601	25000	4000	5000	
2601	25000	4500	5000	
2601	25000	5000	5000	
2601	25000	5500	5000	
2601	25000	6000	5000	
2601	25000	6500	5000	
2601	25000	7000	5000	
2601	25000	7500	5000	
2601	25000	8000	5000	
2601	25000	8500	5000	
2601	25000	9000	5000	
2601	25000	9500	5000	
2801	200	0	800	
2801	200	500	800	
2801	200	1000	800	
2801	200	1500	800	
2801	200	2000	2200	
2801	200	2500	2200	
2801	200	3000	2200	
2801	200	3500	2200	
2801	200	4000	800	
2801	200	4500	800	
2801	200	5000	800	
2801	200	5500	800	
2801	200	6000	800	
2801	200	6500	800	
2801	200	7000	800	
2801	200	7500	800	
2801	200	8000	2200	
2801	200	8500	2200	
2801	200	9000	800	
2801	200	9500	800	
2801	800	0	800	
2801	800	500	800	
2801	800	1000	800	
2801	800	1500	800	
2801	800	2000	2200	
2801	800	2500	2200	
2801	800	3000	2200	
2801	800	3500	2200	
2801	800	4000	800	
2801	800	4500	800	
2801	800	5000	800	
2801	800	5500	800	
2801	800	6000	800	
2801	800	6500	800	
2801	800	7000	800	
2801	800	7500	800	
2801	800	8000	2200	
2801	800	8500	2200	
2801	800	9000	800	
2801	800	9500	800	
2801	2200	0	800	
2801	2200	500	800	
2801	2200	1000	800	
2801	2200	1500	800	
2801	2200	2000	2200	
2801	2200	2500	2200	
2801	2200	3000	2200	
2801	2200	3500	2200	
2801	2200	4000	2200	
2801	2200	4500	2200	
2801	2200	5000	2200	
2801	2200	5500	2200	
2801	2200	6000	2200	
2801	2200	6500	2200	
2801	2200	7000	2200	
2801	2200	7500	2200	
2801	2200	8000	2200	
2801	2200	8500	2200	
2801	2200	9000	2200	
2801	2200	9500	2200	
2801	5000	0	800	
2801	5000	500	800	
2801	5000	1000	800	
2801	5000	1500	800	
2801	5000	2000	2200	
2801	5000	2500	2200	
2801	5000	3000	2200	
2801	5000	3500	2200	
2801	5000	4000	5000	
2801	5000	4500	5000	
2801	5000	5000	5000	
2801	5000	5500	5000	
2801	5000	6000	5000	
2801	5000	6500	5000	
2801	5000	7000	5000	
2801	5000	7500	5000	
2801	5000	8000	5000	
2801	5000	8500	5000	
2801	5000	9000	5000	
2801	5000	9500	5000	
2801	12000	0	800	
2801	12000	500	800	
2801	12000	1000	800	
2801	12000	1500	800	
2801	12000	2000	2200	
2801	12000	2500	2200	
2801	12000	3000	2200	
2801	12000	3500	2200	
2801	12000	4000	5000	
2801	12000	4500	5000	
2801	12000	5000	5000	
2801	12000	5500	5000	
2801	12000	6000	5000	
2801	12000	6500	5000	
2801	12000	7000	5000	
2801	12000	7500	5000	
2801	12000	8000	5000	
2801	12000	8500	5000	
2801	12000	9000	12000	
2801	12000	9500	12000	
2801	25000	0	800	
2801	25000	500	800	
2801	25000	1000	800	
2801	25000	1500	800	
2801	25000	2000	2200	
2801	25000	2500	2200	
2801	25000	3000	2200	
2801	25000	3500	2200	
2801	25000	4000	5000	
2801	25000	4500	5000	
2801	25000	5000	5000	
2801	25000	5500	5000	
2801	25000	6000	5000	
2801	25000	6500	5000	
2801	25000	7000	5000	
2801	25000	7500	5000	
2801	25000	8000	5000	
2801	25000	8500	5000	
2801	25000	9000	12000	
2801	25000	9500	12000	
3001	200	0	800	
3001	200	500	800	
3001	200	1000	800	
3001	200	1500	800	
3001	200	2000	2200	
3001	200	2500	2200	
3001	200	3000	2200	
3001	200	3500	2200	
3001	200	4000	800	
3001	200	4500	800	
3001	200	5000	800	
3001	200	5500	800	
3001	200	6000	800	
3001	200	6500	800	
3001	200	7000	800	
3001	200	7500	800	
3001	200	8000	2200	
3001	200	8500	2200	
3001	200	9000	800	
3001	200	9500	800	
3001	800	0	800	
3001	800	500	800	
3001	800	1000	800	
3001	800	1500	800	
3001	800	2000	2200	
3001	800	2500	2200	
3001	800	3000	2200	
3001	800	3500	2200	
3001	800	4000	800	
3001	800	4500	800	
3001	800	5000	800	
3001	800	5500	800	
3001	800	6000	800	
3001	800	6500	800	
3001	800	7000	800	
3001	800	7500	800	
3001	800	8000	2200	
3001	800	8500	2200	
3001	800	9000	800	
3001	800	9500	800	
3001	2200	0	800	
3001	2200	500	800	
3001	2200	1000	800	
3001	2200	1500	800	
3001	2200	2000	2200	
3001	2200	2500	2200	
3001	2200	3000	2200	
3001	2200	3500	2200	
3001	2200	4000	2200	
3001	2200	4500	2200	
3001	2200	5000	2200	
3001	2200	5500	2200	
3001	2200	6000	2200	
3001	2200	6500	2200	
3001	2200	7000	2200	
3001	2200	7500	2200	
3001	2200	8000	2200	
3001	2200	8500	2200	
3001	2200	9000	2200	
3001	2200	9500	2200	
3001	5000	0	800	
3001	5000	500	800	
3001	5000	1000	800	
3001	5000	1500	800	
3001	5000	2000	2200	
3001	5000	2500	2200	
3001	5000	3000	2200	
3001	5000	3500	2200	
3001	5000	4000	5000	
3001	5000	4500	5000	
3001	5000	5000	5000	
3001	5000	5500	5000	
3001	5000	6000	5000	
3001	5000	6500	5000	
3001	5000	7000	5000	
3001	5000	7500	5000	
3001	5000	8000	5000	
3001	5000	8500	5000	
3001	5000	9000	5000	
3001	5000	9500	5000	
3001	12000	0	800	
3001	12000	500	800	
3001	12000	1000	800	
3001	12000	1500	800	
3001	12000	2000	2200	
3001	12000	2500	2200	
3001	12000	3000	2200	
3001	12000	3500	2200	
3001	12000	4000	5000	
3001	12000	4500	5000	
3001	12000	5000	5000	
3001	12000	5500	5000	
3001	12000	6000	5000	
3001	12000	6500	5000	
3001	12000	7000	5000	
3001	12000	7500	5000	
3001	12000	8000	12000	
3001	12000	8500	12000	
3001	12000	9000	12000	
3001	12000	9500	12000	
3001	25000	0	800	
3001	25000	500	800	
3001	25000	1000	800	
3001	25000	1500	800	
3001	25000	2000	2200	
3001	25000	2500	2200	
3001	25000	3000	2200	
3001	25000	3500	2200	
3001	25000	4000	5000	
3001	25000	4500	5000	
3001	25000	5000	5000	
3001	25000	5500	5000	
3001	25000	6000	5000	
3001	25000	6500	5000	
3001	25000	7000	5000	
3001	25000	7500	5000	
3001	25000	8000	12000	
3001	25000	8500	12000	
3001	25000	9000	12000	
3001	25000	9500	12000	
3201	200	0	800	
3201	200	500	800	
3201	200	1000	800	
3201	200	1500	800	
3201	200	2000	2200	
3201	200	2500	2200	
3201	200	3000	2200	
3201	200	3500	2200	
3201	200	4000	800	
3201	200	4500	800	
3201	200	5000	800	
3201	200	5500	800	
3201	200	6000	800	
3201	200	6500	800	
3201	200	7000	800	
3201	200	7500	800	
3201	200	8000	2200	
3201	200	8500	2200	
3201	200	9000	800	
3201	200	9500	800	
3201	800	0	800	
3201	800	500	800	
3201	800	1000	800	
3201	800	1500	800	
3201	800	2000	2200	
3201	800	2500	2200	
3201	800	3000	2200	
3201	800	3500	2200	
3201	800	4000	800	
3201	800	4500	800	
3201	800	5000	800	
3201	800	5500	800	
3201	800	6000	800	
3201	800	6500	800	
3201	800	7000	800	
3201	800	7500	800	
3201	800	8000	2200	
3201	800	8500	2200	
3201	800	9000	800	
3201	800	9500	800	
3201	2200	0	800	
3201	2200	500	800	
3201	2200	1000	800	
3201	2200	1500	800	
3201	2200	2000	2200	
3201	2200	2500	2200	
3201	2200	3000	2200	
3201	2200	3500	2200	
3201	2200	4000	2200	
3201	2200	4500	2200	
3201	2200	5000	2200	
3201	2200	5500	2200	
3201	2200	6000	2200	
3201	2200	6500	2200	
3201	2200	7000	2200	
3201	2200	7500	2200	
3201	2200	8000	2200	
3201	2200	8500	2200	
3201	2200	9000	2200	
3201	2200	9500	2200	
3201	5000	0	800	
3201	5000	500	800	
3201	5000	1000	800	
3201	5000	1500	800	
3201	5000	2000	2200	
3201	5000	2500	2200	
3201	5000	3000	2200	
3201	5000	3500	2200	
3201	5000	4000	5000	
3201	5000	4500	5000	
3201	5000	5000	5000	
3201	5000	5500	5000	
3201	5000	6000	5000	
3201	5000	6500	5000	
3201	5000	7000	5000	
3201	5000	7500	5000	
3201	5000	8000	5000	
3201	5000	8500	5000	
3201	5000	9000	5000	
3201	5000	9500	5000	
3201	12000	0	800	
3201	12000	500	800	
3201	12000	1000	800	
3201	12000	1500	800	
3201	12000	2000	2200	
3201	12000	2500	2200	
3201	12000	3000	2200	
3201	12000	3500	2200	
3201	12000	4000	5000	
3201	12000	4500	5000	
3201	12000	5000	5000	
3201	12000	5500	5000	
3201	12000	6000	5000	
3201	12000	6500	5000	
3201	12000	7000	5000	
3201	12000	7500	5000	
3201	12000	8000	12000	
3201	12000	8500	12000	
3201	12000	9000	12000	
3201	12000	9500	12000	
3201	25000	0	800	
3201	25000	500	800	
3201	25000	1000	800	
3201	25000	1500	800	
3201	25000	2000	2200	
3201	25000	2500	2200	
3201	25000	3000	2200	
3201	25000	3500	2200	
3201	25000	4000	5000	
3201	25000	4500	5000	
3201	25000	5000	5000	
3201	25000	5500	5000	
3201	25000	6000	5000	
3201	25000	6500	5000	
3201	25000	7000	5000	
3201	25000	7500	5000	
3201	25000	8000	12000	
3201	25000	8500	12000	
3201	25000	9000	12000	
3201	25000	9500	12000	
3401	200	0	800	
3401	200	500	800	
3401	200	1000	800	
3401	200	1500	800	
3401	200	2000	800	
3401	200	2500	800	
3401	200	3000	800	
3401	200	3500	800	
3401	200	4000	800	
3401	200	4500	800	
3401	200	5000	800	
3401	200	5500	800	
3401	200	6000	2200	
3401	200	6500	2200	
3401	200	7000	5000	
3401	200	7500	5000	
3401	200	8000	5000	
3401	200	8500	5000	
3401	200	9000	5000	
3401	200	9500	5000	
3401	800	0	800	
3401	800	500	800	
3401	800	1000	800	
3401	800	1500	800	
3401	800	2000	800	
3401	800	2500	800	
3401	800	3000	800	
3401	800	3500	800	
3401	800	4000	800	
3401	800	4500	800	
3401	800	5000	800	
3401	800	5500	800	
3401	800	6000	2200	
3401	800	6500	2200	
3401	800	7000	5000	
3401	800	7500	5000	
3401	800	8000	5000	
3401	800	8500	5000	
3401	800	9000	5000	
3401	800	9500	5000	
3401	2200	0	800	
3401	2200	500	800	
3401	2200	1000	800	
3401	2200	1500	800	
3401	2200	2000	2200	
3401	2200	2500	2200	
3401	2200	3000	800	
3401	2200	3500	800	
3401	2200	4000	2200	
3401	2200	4500	2200	
3401	2200	5000	2200	
3401	2200	5500	2200	
3401	2200	6000	2200	
3401	2200	6500	2200	
3401	2200	7000	5000	
3401	2200	7500	5000	
3401	2200	8000	5000	
3401	2200	8500	5000	
3401	2200	9000	5000	
3401	2200	9500	5000	
3401	5000	0	800	
3401	5000	500	800	
3401	5000	1000	800	
3401	5000	1500	800	
3401	5000	2000	2200	
3401	5000	2500	2200	
3401	5000	3000	5000	
3401	5000	3500	5000	
3401	5000	4000	5000	
3401	5000	4500	5000	
3401	5000	5000	5000	
3401	5000	5500	5000	
3401	5000	6000	5000	
3401	5000	6500	5000	
3401	5000	7000	5000	
3401	5000	7500	5000	
3401	5000	8000	5000	
3401	5000	8500	5000	
3401	5000	9000	5000	
3401	5000	9500	5000	
3401	12000	0	800	
3401	12000	500	800	
3401	12000	1000	800	
3401	12000	1500	800	
3401	12000	2000	2200	
3401	12000	2500	2200	
3401	12000	3000	5000	
3401	12000	3500	5000	
3401	12000	4000	5000	
3401	12000	4500	5000	
3401	12000	5000	5000	
3401	12000	5500	5000	
3401	12000	6000	5000	
3401	12000	6500	5000	
3401	12000	7000	5000	
3401	12000	7500	5000	
3401	12000	8000	5000	
3401	12000	8500	5000	
3401	12000	9000	5000	
3401	12000	9500	5000	
3401	25000	0	800	
3401	25000	500	800	
3401	25000	1000	800	
3401	25000	1500	800	
3401	25000	2000	2200	
3401	25000	2500	2200	
3401	25000	3000	5000	
3401	25000	3500	5000	
3401	25000	4000	5000	
3401	25000	4500	5000	
3401	25000	5000	5000	
3401	25000	5500	5000	
3401	25000	6000	5000	
3401	25000	6500	5000	
3401	25000	7000	5000	
3401	25000	7500	5000	
3401	25000	8000	5000	
3401	25000	8500	5000	
3401	25000	9000	5000	
3401	25000	9500	5000	
3601	200	0	800	
3601	200	500	800	
3601	200	1000	800	
3601	200	1500	800	
3601	200	2000	800	
3601	200	2500	800	
3601	200	3000	800	
3601	200	3500	800	
3601	200	4000	800	
3601	200	4500	800	
3601	200	5000	800	
3601	200	5500	800	
3601	200	6000	2200	
3601	200	6500	2200	
3601	200	7000	5000	
3601	200	7500	5000	
3601	200	8000	5000	
3601	200	8500	5000	
3601	200	9000	5000	
3601	200	9500	5000	
3601	800	0	800	
3601	800	500	800	
3601	800	1000	800	
3601	800	1500	800	
3601	800	2000	800	
3601	800	2500	800	
3601	800	3000	800	
3601	800	3500	800	
3601	800	4000	800	
3601	800	4500	800	
3601	800	5000	800	
3601	800	5500	800	
3601	800	6000	2200	
3601	800	6500	2200	
3601	800	7000	5000	
3601	800	7500	5000	
3601	800	8000	5000	
3601	800	8500	5000	
3601	800	9000	5000	
3601	800	9500	5000	
3601	2200	0	800	
3601	2200	500	800	
3601	2200	1000	800	
3601	2200	1500	800	
3601	2200	2000	2200	
3601	2200	2500	2200	
3601	2200	3000	800	
3601	2200	3500	800	
3601	2200	4000	2200	
3601	2200	4500	2200	
3601	2200	5000	2200	
3601	2200	5500	2200	
3601	2200	6000	2200	
3601	2200	6500	2200	
3601	2200	7000	5000	
3601	2200	7500	5000	
3601	2200	8000	5000	
3601	2200	8500	5000	
3601	2200	9000	5000	
3601	2200	9500	5000	
3601	5000	0	800	
3601	5000	500	800	
3601	5000	1000	800	
3601	5000	1500	800	
3601	5000	2000	2200	
3601	5000	2500	2200	
3601	5000	3000	5000	
3601	5000	3500	5000	
3601	5000	4000	5000	
3601	5000	4500	5000	
3601	5000	5000	5000	
3601	5000	5500	5000	
3601	5000	6000	5000	
3601	5000	6500	5000	
3601	5000	7000	5000	
3601	5000	7500	5000	
3601	5000	8000	5000	
3601	5000	8500	5000	
3601	5000	9000	5000	
3601	5000	9500	5000	
3601	12000	0	800	
3601	12000	500	800	
3601	12000	1000	800	
3601	12000	1500	800	
3601	12000	2000	2200	
3601	12000	2500	2200	
3601	12000	3000	5000	
3601	12000	3500	5000	
3601	12000	4000	5000	
3601	12000	4500	5000	
3601	12000	5000	5000	
3601	12000	5500	5000	
3601	12000	6000	5000	
3601	12000	6500	5000	
3601	12000	7000	5000	
3601	12000	7500	5000	
3601	12000	8000	5000	
3601	12000	8500	5000	
3601	12000	9000	5000	
3601	12000	9500	5000	
3601	25000	0	800	
3601	25000	500	800	
3601	25000	1000	800	
3601	25000	1500	800	
3601	25000	2000	2200	
3601	25000	2500	2200	
3601	25000	3000	5000	
3601	25000	3500	5000	
3601	25000	4000	5000	
3601	25000	4500	5000	
3601	25000	5000	5000	
3601	25000	5500	5000	
3601	25000	6000	5000	
3601	25000	6500	5000	
3601	25000	7000	5000	
3601	25000	7500	5000	
3601	25000	8000	5000	
3601	25000	8500	5000	
3601	25000	9000	5000	
3601	25000	9500	5000	
3801	200	0	800	
3801	200	500	800	
3801	200	1000	800	
3801	200	1500	800	
3801	200	2000	800	
3801	200	2500	800	
3801	200	3000	800	
3801	200	3500	800	
3801	200	4000	800	
3801	200	4500	800	
3801	200	5000	800	
3801	200	5500	800	
3801	200	6000	2200	
3801	200	6500	2200	
3801	200	7000	5000	
3801	200	7500	5000	
3801	200	8000	5000	
3801	200	8500	5000	
3801	200	9000	5000	
3801	200	9500	5000	
3801	800	0	800	
3801	800	500	800	
3801	800	1000	800	
3801	800	1500	800	
3801	800	2000	800	
3801	800	2500	800	
3801	800	3000	800	
3801	800	3500	800	
3801	800	4000	800	
3801	800	4500	800	
3801	800	5000	800	
3801	800	5500	800	
3801	800	6000	2200	
3801	800	6500	2200	
3801	800	7000	5000	
3801	800	7500	5000	
3801	800	8000	5000	
3801	800	8500	5000	
3801	800	9000	5000	
3801	800	9500	5000	
3801	2200	0	800	
3801	2200	500	800	
3801	2200	1000	800	
3801	2200	1500	800	
3801	2200	2000	2200	
3801	2200	2500	2200	
3801	2200	3000	800	
3801	2200	3500	800	
3801	2200	4000	2200	
3801	2200	4500	2200	
3801	2200	5000	2200	
3801	2200	5500	2200	
3801	2200	6000	2200	
3801	2200	6500	2200	
3801	2200	7000	5000	
3801	2200	7500	5000	
3801	2200	8000	5000	
3801	2200	8500	5000	
3801	2200	9000	5000	
3801	2200	9500	5000	
3801	5000	0	800	
3801	5000	500	800	
3801	5000	1000	800	
3801	5000	1500	800	
3801	5000	2000	2200	
3801	5000	2500	2200	
3801	5000	3000	5000	
3801	5000	3500	5000	
3801	5000	4000	5000	
3801	5000	4500	5000	
3801	5000	5000	5000	
3801	5000	5500	5000	
3801	5000	6000	5000	
3801	5000	6500	5000	
3801	5000	7000	5000	
3801	5000	7500	5000	
3801	5000	8000	5000	
3801	5000	8500	5000	
3801	5000	9000	5000	
3801	5000	9500	5000	
3801	12000	0	800	
3801	12000	500	800	
3801	12000	1000	800	
3801	12000	1500	800	
3801	12000	2000	2200	
3801	12000	2500	2200	
3801	12000	3000	5000	
3801	12000	3500	5000	
3801	12000	4000	5000	
3801	12000	4500	5000	
3801	12000	5000	5000	
3801	12000	5500	5000	
3801	12000	6000	5000	
3801	12000	6500	5000	
3801	12000	7000	5000	
3801	12000	7500	5000	
3801	12000	8000	5000	
3801	12000	8500	5000	
3801	12000	9000	5000	
3801	12000	9500	5000	
3801	25000	0	800	
3801	25000	500	800	
3801	25000	1000	800	
3801	25000	1500	800	
3801	25000	2000	2200	
3801	25000	2500	2200	
3801	25000	3000	5000	
3801	25000	3500	5000	
3801	25000	4000	5000	
3801	25000	4500	5000	
3801	25000	5000	5000	
3801	25000	5500	5000	
3801	25000	6000	5000	
3801	25000	6500	5000	
3801	25000	7000	5000	
3801	25000	7500	5000	
3801	25000	8000	5000	
3801	25000	8500	5000	
3801	25000	9000	5000	
3801	25000	9500	5000	
4001	200	0	800	
4001	200	500	800	
4001	200	1000	800	
4001	200	1500	800	
4001	200	2000	800	
4001	200	2500	800	
4001	200	3000	800	
4001	200	3500	800	
4001	200	4000	800	
4001	200	4500	800	
4001	200	5000	800	
4001	200	5500	800	
4001	200	6000	2200	
4001	200	6500	2200	
4001	200	7000	5000	
4001	200	7500	5000	
4001	200	8000	5000	
4001	200	8500	5000	
4001	200	9000	5000	
4001	200	9500	5000	
4001	800	0	800	
4001	800	500	800	
4001	800	1000	800	
4001	800	1500	800	
4001	800	2000	800	
4001	800	2500	800	
4001	800	3000	800	
4001	800	3500	800	
4001	800	4000	800	
4001	800	4500	800	
4001	800	5000	800	
4001	800	5500	800	
4001	800	6000	2200	
4001	800	6500	2200	
4001	800	7000	5000	
4001	800	7500	5000	
4001	800	8000	5000	
4001	800	8500	5000	
4001	800	9000	5000	
4001	800	9500	5000	
4001	2200	0	800	
4001	2200	500	800	
4001	2200	1000	800	
4001	2200	1500	800	
4001	2200	2000	2200	
4001	2200	2500	2200	
4001	2200	3000	800	
4001	2200	3500	800	
4001	2200	4000	2200	
4001	2200	4500	2200	
4001	2200	5000	2200	
4001	2200	5500	2200	
4001	2200	6000	2200	
4001	2200	6500	2200	
4001	2200	7000	5000	
4001	2200	7500	5000	
4001	2200	8000	5000	
4001	2200	8500	5000	
4001	2200	9000	5000	
4001	2200	9500	5000	
4001	5000	0	800	
4001	5000	500	800	
4001	5000	1000	800	
4001	5000	1500	800	
4001	5000	2000	2200	
4001	5000	2500	2200	
4001	5000	3000	5000	
4001	5000	3500	5000	
4001	5000	4000	5000	
4001	5000	4500	5000	
4001	5000	5000	5000	
4001	5000	5500	5000	
4001	5000	6000	5000	
4001	5000	6500	5000	
4001	5000	7000	5000	
4001	5000	7500	5000	
4001	5000	8000	5000	
4001	5000	8500	5000	
4001	5000	9000	5000	
4001	5000	9500	5000	
4001	12000	0	800	
4001	12000	500	800	
4001	12000	1000	800	
4001	12000	1500	800	
4001	12000	2000	2200	
4001	12000	2500	2200	
4001	12000	3000	5000	
4001	12000	3500	5000	
4001	12000	4000	5000	
4001	12000	4500	5000	
4001	12000	5000	5000	
4001	12000	5500	5000	
4001	12000	6000	5000	
4001	12000	6500	5000	
4001	12000	7000	5000	
4001	12000	7500	5000	
4001	12000	8000	5000	
4001	12000	8500	5000	
4001	12000	9000	12000	
4001	12000	9500	12000	
4001	25000	0	800	
4001	25000	500	800	
4001	25000	1000	800	
4001	25000	1500	800	
4001	25000	2000	2200	
4001	25000	2500	2200	
4001	25000	3000	5000	
4001	25000	3500	5000	
4001	25000	4000	5000	
4001	25000	4500	5000	
4001	25000	5000	5000	
4001	25000	5500	5000	
4001	25000	6000	5000	
4001	25000	6500	5000	
4001	25000	7000	5000	
4001	25000	7500	5000	
4001	25000	8000	5000	
4001	25000	8500	5000	
4001	25000	9000	12000	
4001	25000	9500	12000	
4201	200	0	2200	
4201	200	500	2200	
4201	200	1000	2200	
4201	200	1500	2200	
4201	200	2000	2200	
4201	200	2500	2200	
4201	200	3000	2200	
4201	200	3500	2200	
4201	200	4000	2200	
4201	200	4500	2200	
4201	200	5000	2200	
4201	200	5500	2200	
4201	200	6000	2200	
4201	200	6500	2200	
4201	200	7000	5000	
4201	200	7500	5000	
4201	200	8000	5000	
4201	200	8500	5000	
4201	200	9000	2200	
4201	200	9500	2200	
4201	800	0	2200	
4201	800	500	2200	
4201	800	1000	2200	
4201	800	1500	2200	
4201	800	2000	2200	
4201	800	2500	2200	
4201	800	3000	2200	
4201	800	3500	2200	
4201	800	4000	2200	
4201	800	4500	2200	
4201	800	5000	2200	
4201	800	5500	2200	
4201	800	6000	2200	
4201	800	6500	2200	
4201	800	7000	5000	
4201	800	7500	5000	
4201	800	8000	5000	
4201	800	8500	5000	
4201	800	9000	2200	
4201	800	9500	2200	
4201	2200	0	2200	
4201	2200	500	2200	
4201	2200	1000	2200	
4201	2200	1500	2200	
4201	2200	2000	2200	
4201	2200	2500	2200	
4201	2200	3000	2200	
4201	2200	3500	2200	
4201	2200	4000	2200	
4201	2200	4500	2200	
4201	2200	5000	2200	
4201	2200	5500	2200	
4201	2200	6000	2200	
4201	2200	6500	2200	
4201	2200	7000	5000	
4201	2200	7500	5000	
4201	2200	8000	5000	
4201	2200	8500	5000	
4201	2200	9000	2200	
4201	2200	9500	2200	
4201	5000	0	2200	
4201	5000	500	2200	
4201	5000	1000	2200	
4201	5000	1500	2200	
4201	5000	2000	2200	
4201	5000	2500	2200	
4201	5000	3000	2200	
4201	5000	3500	2200	
4201	5000	4000	2200	
4201	5000	4500	2200	
4201	5000	5000	2200	
4201	5000	5500	2200	
4201	5000	6000	5000	
4201	5000	6500	5000	
4201	5000	7000	5000	
4201	5000	7500	5000	
4201	5000	8000	5000	
4201	5000	8500	5000	
4201	5000	9000	5000	
4201	5000	9500	5000	
4201	12000	0	2200	
4201	12000	500	2200	
4201	12000	1000	2200	
4201	12000	1500	2200	
4201	12000	2000	2200	
4201	12000	2500	2200	
4201	12000	3000	2200	
4201	12000	3500	2200	
4201	12000	4000	2200	
4201	12000	4500	2200	
4201	12000	5000	2200	
4201	12000	5500	2200	
4201	12000	6000	12000	
4201	12000	6500	12000	
4201	12000	7000	5000	
4201	12000	7500	5000	
4201	12000	8000	5000	
4201	12000	8500	5000	
4201	12000	9000	12000	
4201	12000	9500	12000	
4201	25000	0	2200	
4201	25000	500	2200	
4201	25000	1000	2200	
4201	25000	1500	2200	
4201	25000	2000	2200	
4201	25000	2500	2200	
4201	25000	3000	2200	
4201	25000	3500	2200	
4201	25000	4000	2200	
4201	25000	4500	2200	
4201	25000	5000	2200	
4201	25000	5500	2200	
4201	25000	6000	12000	
4201	25000	6500	12000	
4201	25000	7000	5000	
4201	25000	7500	5000	
4201	25000	8000	5000	
4201	25000	8500	5000	
4201	25000	9000	12000	
4201	25000	9500	12000	
4401	200	0	2200	
4401	200	500	2200	
4401	200	1000	2200	
4401	200	1500	2200	
4401	200	2000	2200	
4401	200	2500	2200	
4401	200	3000	2200	
4401	200	3500	2200	
4401	200	4000	2200	
4401	200	4500	2200	
4401	200	5000	2200	
4401	200	5500	2200	
4401	200	6000	2200	
4401	200	6500	2200	
4401	200	7000	5000	
4401	200	7500	5000	
4401	200	8000	5000	
4401	200	8500	5000	
4401	200	9000	2200	
4401	200	9500	2200	
4401	800	0	2200	
4401	800	500	2200	
4401	800	1000	2200	
4401	800	1500	2200	
4401	800	2000	2200	
4401	800	2500	2200	
4401	800	3000	2200	
4401	800	3500	2200	
4401	800	4000	2200	
4401	800	4500	2200	
4401	800	5000	2200	
4401	800	5500	2200	
4401	800	6000	2200	
4401	800	6500	2200	
4401	800	7000	5000	
4401	800	7500	5000	
4401	800	8000	5000	
4401	800	8500	5000	
4401	800	9000	2200	
4401	800	9500	2200	
4401	2200	0	2200	
4401	2200	500	2200	
4401	2200	1000	2200	
4401	2200	1500	2200	
4401	2200	2000	2200	
4401	2200	2500	2200	
4401	2200	3000	2200	
4401	2200	3500	2200	
4401	2200	4000	2200	
4401	2200	4500	2200	
4401	2200	5000	2200	
4401	2200	5500	2200	
4401	2200	6000	2200	
4401	2200	6500	2200	
4401	2200	7000	5000	
4401	2200	7500	5000	
4401	2200	8000	5000	
4401	2200	8500	5000	
4401	2200	9000	2200	
4401	2200	9500	2200	
4401	5000	0	2200	
4401	5000	500	2200	
4401	5000	1000	2200	
4401	5000	1500	2200	
4401	5000	2000	2200	
4401	5000	2500	2200	
4401	5000	3000	2200	
4401	5000	3500	2200	
4401	5000	4000	2200	
4401	5000	4500	2200	
4401	5000	5000	2200	
4401	5000	5500	2200	
4401	5000	6000	5000	
4401	5000	6500	5000	
4401	5000	7000	5000	
4401	5000	7500	5000	
4401	5000	8000	5000	
4401	5000	8500	5000	
4401	5000	9000	5000	
4401	5000	9500	5000	
4401	12000	0	2200	
4401	12000	500	2200	
4401	12000	1000	2200	
4401	12000	1500	2200	
4401	12000	2000	2200	
4401	12000	2500	2200	
4401	12000	3000	2200	
4401	12000	3500	2200	
4401	12000	4000	2200	
4401	12000	4500	2200	
4401	12000	5000	2200	
4401	12000	5500	2200	
4401	12000	6000	12000	
4401	12000	6500	12000	
4401	12000	7000	5000	
4401	12000	7500	5000	
4401	12000	8000	5000	
4401	12000	8500	5000	
4401	12000	9000	12000	
4401	12000	9500	12000	
4401	25000	0	2200	
4401	25000	500	2200	
4401	25000	1000	2200	
4401	25000	1500	2200	
4401	25000	2000	2200	
4401	25000	2500	2200	
4401	25000	3000	2200	
4401	25000	3500	2200	
4401	25000	4000	2200	
4401	25000	4500	2200	
4401	25000	5000	2200	
4401	25000	5500	2200	
4401	25000	6000	12000	
4401	25000	6500	12000	
4401	25000	7000	5000	
4401	25000	7500	5000	
4401	25000	8000	5000	
4401	25000	8500	5000	
4401	25000	9000	12000	
4401	25000	9500	12000	
4601	200	0	2200	
4601	200	500	2200	
4601	200	1000	2200	
4601	200	1500	2200	
4601	200	2000	2200	
4601	200	2500	2200	
4601	200	3000	2200	
4601	200	3500	2200	
4601	200	4000	2200	
4601	200	4500	2200	
4601	200	5000	2200	
4601	200	5500	2200	
4601	200	6000	2200	
4601	200	6500	2200	
4601	200	7000	5000	
4601	200	7500	5000	
4601	200	8000	5000	
4601	200	8500	5000	
4601	200	9000	2200	
4601	200	9500	2200	
4601	800	0	2200	
4601	800	500	2200	
4601	800	1000	2200	
4601	800	1500	2200	
4601	800	2000	2200	
4601	800	2500	2200	
4601	800	3000	2200	
4601	800	3500	2200	
4601	800	4000	2200	
4601	800	4500	2200	
4601	800	5000	2200	
4601	800	5500	2200	
4601	800	6000	2200	
4601	800	6500	2200	
4601	800	7000	5000	
4601	800	7500	5000	
4601	800	8000	5000	
4601	800	8500	5000	
4601	800	9000	2200	
4601	800	9500	2200	
4601	2200	0	2200	
4601	2200	500	2200	
4601	2200	1000	2200	
4601	2200	1500	2200	
4601	2200	2000	2200	
4601	2200	2500	2200	
4601	2200	3000	2200	
4601	2200	3500	2200	
4601	2200	4000	2200	
4601	2200	4500	2200	
4601	2200	5000	2200	
4601	2200	5500	2200	
4601	2200	6000	2200	
4601	2200	6500	2200	
4601	2200	7000	5000	
4601	2200	7500	5000	
4601	2200	8000	5000	
4601	2200	8500	5000	
4601	2200	9000	2200	
4601	2200	9500	2200	
4601	5000	0	2200	
4601	5000	500	2200	
4601	5000	1000	2200	
4601	5000	1500	2200	
4601	5000	2000	2200	
4601	5000	2500	2200	
4601	5000	3000	2200	
4601	5000	3500	2200	
4601	5000	4000	2200	
4601	5000	4500	2200	
4601	5000	5000	2200	
4601	5000	5500	2200	
4601	5000	6000	5000	
4601	5000	6500	5000	
4601	5000	7000	5000	
4601	5000	7500	5000	
4601	5000	8000	5000	
4601	5000	8500	5000	
4601	5000	9000	5000	
4601	5000	9500	5000	
4601	12000	0	2200	
4601	12000	500	2200	
4601	12000	1000	2200	
4601	12000	1500	2200	
4601	12000	2000	2200	
4601	12000	2500	2200	
4601	12000	3000	2200	
4601	12000	3500	2200	
4601	12000	4000	2200	
4601	12000	4500	2200	
4601	12000	5000	2200	
4601	12000	5500	2200	
4601	12000	6000	12000	
4601	12000	6500	12000	
4601	12000	7000	5000	
4601	12000	7500	5000	
4601	12000	8000	5000	
4601	12000	8500	5000	
4601	12000	9000	12000	
4601	12000	9500	12000	
4601	25000	0	2200	
4601	25000	500	2200	
4601	25000	1000	2200	
4601	25000	1500	2200	
4601	25000	2000	2200	
4601	25000	2500	2200	
4601	25000	3000	2200	
4601	25000	3500	2200	
4601	25000	4000	2200	
4601	25000	4500	2200	
4601	25000	5000	2200	
4601	25000	5500	2200	
4601	25000	6000	12000	
4601	25000	6500	12000	
4601	25000	7000	5000	
4601	25000	7500	5000	
4601	25000	8000	5000	
4601	25000	8500	5000	
4601	25000	9000	12000	
4601	25000	9500	12000	
4801	200	0	2200	
4801	200	500	2200	
4801	200	1000	2200	
4801	200	1500	2200	
4801	200	2000	2200	
4801	200	2500	2200	
4801	200	3000	2200	
4801	200	3500	2200	
4801	200	4000	2200	
4801	200	4500	2200	
4801	200	5000	2200	
4801	200	5500	2200	
4801	200	6000	2200	
4801	200	6500	2200	
4801	200	7000	2200	
4801	200	7500	2200	
4801	200	8000	2200	
4801	200	8500	2200	
4801	200	9000	2200	
4801	200	9500	2200	
4801	800	0	2200	
4801	800	500	2200	
4801	800	1000	2200	
4801	800	1500	2200	
4801	800	2000	2200	
4801	800	2500	2200	
4801	800	3000	2200	
4801	800	3500	2200	
4801	800	4000	2200	
4801	800	4500	2200	
4801	800	5000	2200	
4801	800	5500	2200	
4801	800	6000	2200	
4801	800	6500	2200	
4801	800	7000	2200	
4801	800	7500	2200	
4801	800	8000	2200	
4801	800	8500	2200	
4801	800	9000	2200	
4801	800	9500	2200	
4801	2200	0	2200	
4801	2200	500	2200	
4801	2200	1000	2200	
4801	2200	1500	2200	
4801	2200	2000	2200	
4801	2200	2500	2200	
4801	2200	3000	2200	
4801	2200	3500	2200	
4801	2200	4000	2200	
4801	2200	4500	2200	
4801	2200	5000	2200	
4801	2200	5500	2200	
4801	2200	6000	2200	
4801	2200	6500	2200	
4801	2200	7000	2200	
4801	2200	7500	2200	
4801	2200	8000	2200	
4801	2200	8500	2200	
4801	2200	9000	2200	
4801	2200	9500	2200	
4801	5000	0	2200	
4801	5000	500	2200	
4801	5000	1000	2200	
4801	5000	1500	2200	
4801	5000	2000	2200	
4801	5000	2500	2200	
4801	5000	3000	2200	
4801	5000	3500	2200	
4801	5000	4000	2200	
4801	5000	4500	2200	
4801	5000	5000	2200	
4801	5000	5500	2200	
4801	5000	6000	5000	
4801	5000	6500	5000	
4801	5000	7000	5000	
4801	5000	7500	5000	
4801	5000	8000	5000	
4801	5000	8500	5000	
4801	5000	9000	2200	
4801	5000	9500	2200	
4801	12000	0	2200	
4801	12000	500	2200	
4801	12000	1000	2200	
4801	12000	1500	2200	
4801	12000	2000	2200	
4801	12000	2500	2200	
4801	12000	3000	2200	
4801	12000	3500	2200	
4801	12000	4000	2200	
4801	12000	4500	2200	
4801	12000	5000	12000	
4801	12000	5500	12000	
4801	12000	6000	12000	
4801	12000	6500	12000	
4801	12000	7000	5000	
4801	12000	7500	5000	
4801	12000	8000	12000	
4801	12000	8500	12000	
4801	12000	9000	12000	
4801	12000	9500	12000	
4801	25000	0	2200	
4801	25000	500	2200	
4801	25000	1000	2200	
4801	25000	1500	2200	
4801	25000	2000	2200	
4801	25000	2500	2200	
4801	25000	3000	2200	
4801	25000	3500	2200	
4801	25000	4000	2200	
4801	25000	4500	2200	
4801	25000	5000	12000	
4801	25000	5500	12000	
4801	25000	6000	12000	
4801	25000	6500	12000	
4801	25000	7000	5000	
4801	25000	7500	5000	
4801	25000	8000	12000	
4801	25000	8500	12000	
4801	25000	9000	12000	
4801	25000	9500	12000	
5001	200	0	2200	
5001	200	500	2200	
5001	200	1000	2200	
5001	200	1500	2200	
5001	200	2000	5000	
5001	200	2500	5000	
5001	200	3000	5000	
5001	200	3500	5000	
5001	200	4000	5000	
5001	200	4500	5000	
5001	200	5000	5000	
5001	200	5500	5000	
5001	200	6000	2200	
5001	200	6500	2200	
5001	200	7000	2200	
5001	200	7500	2200	
5001	200	8000	5000	
5001	200	8500	5000	
5001	200	9000	2200	
5001	200	9500	2200	
5001	800	0	2200	
5001	800	500	2200	
5001	800	1000	2200	
5001	800	1500	2200	
5001	800	2000	5000	
5001	800	2500	5000	
5001	800	3000	5000	
5001	800	3500	5000	
5001	800	4000	5000	
5001	800	4500	5000	
5001	800	5000	5000	
5001	800	5500	5000	
5001	800	6000	2200	
5001	800	6500	2200	
5001	800	7000	2200	
5001	800	7500	2200	
5001	800	8000	5000	
5001	800	8500	5000	
5001	800	9000	2200	
5001	800	9500	2200	
5001	2200	0	2200	
5001	2200	500	2200	
5001	2200	1000	2200	
5001	2200	1500	2200	
5001	2200	2000	5000	
5001	2200	2500	5000	
5001	2200	3000	5000	
5001	2200	3500	5000	
5001	2200	4000	5000	
5001	2200	4500	5000	
5001	2200	5000	5000	
5001	2200	5500	5000	
5001	2200	6000	2200	
5001	2200	6500	2200	
5001	2200	7000	2200	
5001	2200	7500	2200	
5001	2200	8000	5000	
5001	2200	8500	5000	
5001	2200	9000	2200	
5001	2200	9500	2200	
5001	5000	0	2200	
5001	5000	500	2200	
5001	5000	1000	2200	
5001	5000	1500	2200	
5001	5000	2000	5000	
5001	5000	2500	5000	
5001	5000	3000	5000	
5001	5000	3500	5000	
5001	5000	4000	5000	
5001	5000	4500	5000	
5001	5000	5000	5000	
5001	5000	5500	5000	
5001	5000	6000	5000	
5001	5000	6500	5000	
5001	5000	7000	5000	
5001	5000	7500	5000	
5001	5000	8000	5000	
5001	5000	8500	5000	
5001	5000	9000	5000	
5001	5000	9500	5000	
5001	12000	0	2200	
5001	12000	500	2200	
5001	12000	1000	2200	
5001	12000	1500	2200	
5001	12000	2000	5000	
5001	12000	2500	5000	
5001	12000	3000	5000	
5001	12000	3500	5000	
5001	12000	4000	5000	
5001	12000	4500	5000	
5001	12000	5000	12000	
5001	12000	5500	12000	
5001	12000	6000	12000	
5001	12000	6500	12000	
5001	12000	7000	12000	
5001	12000	7500	12000	
5001	12000	8000	12000	
5001	12000	8500	12000	
5001	12000	9000	12000	
5001	12000	9500	12000	
5001	25000	0	2200	
5001	25000	500	2200	
5001	25000	1000	2200	
5001	25000	1500	2200	
5001	25000	2000	5000	
5001	25000	2500	5000	
5001	25000	3000	5000	
5001	25000	3500	5000	
5001	25000	4000	5000	
5001	25000	4500	5000	
5001	25000	5000	12000	
5001	25000	5500	12000	
5001	25000	6000	12000	
5001	25000	6500	12000	
5001	25000	7000	12000	
5001	25000	7500	12000	
5001	25000	8000	12000	
5001	25000	8500	12000	
5001	25000	9000	12000	
5001	25000	9500	12000	
5201	200	0	2200	
5201	200	500	2200	
5201	200	1000	2200	
5201	200	1500	2200	
5201	200	2000	5000	
5201	200	2500	5000	
5201	200	3000	5000	
5201	200	3500	5000	
5201	200	4000	5000	
5201	200	4500	5000	
5201	200	5000	5000	
5201	200	5500	5000	
5201	200	6000	2200	
5201	200	6500	2200	
5201	200	7000	2200	
5201	200	7500	2200	
5201	200	8000	5000	
5201	200	8500	5000	
5201	200	9000	2200	
5201	200	9500	2200	
5201	800	0	2200	
5201	800	500	2200	
5201	800	1000	2200	
5201	800	1500	2200	
5201	800	2000	5000	
5201	800	2500	5000	
5201	800	3000	5000	
5201	800	3500	5000	
5201	800	4000	5000	
5201	800	4500	5000	
5201	800	5000	5000	
5201	800	5500	5000	
5201	800	6000	2200	
5201	800	6500	2200	
5201	800	7000	2200	
5201	800	7500	2200	
5201	800	8000	5000	
5201	800	8500	5000	
5201	800	9000	2200	
5201	800	9500	2200	
5201	2200	0	2200	
5201	2200	500	2200	
5201	2200	1000	2200	
5201	2200	1500	2200	
5201	2200	2000	5000	
5201	2200	2500	5000	
5201	2200	3000	5000	
5201	2200	3500	5000	
5201	2200	4000	5000	
5201	2200	4500	5000	
5201	2200	5000	5000	
5201	2200	5500	5000	
5201	2200	6000	2200	
5201	2200	6500	2200	
5201	2200	7000	2200	
5201	2200	7500	2200	
5201	2200	8000	5000	
5201	2200	8500	5000	
5201	2200	9000	2200	
5201	2200	9500	2200	
5201	5000	0	2200	
5201	5000	500	2200	
5201	5000	1000	2200	
5201	5000	1500	2200	
5201	5000	2000	5000	
5201	5000	2500	5000	
5201	5000	3000	5000	
5201	5000	3500	5000	
5201	5000	4000	5000	
5201	5000	4500	5000	
5201	5000	5000	5000	
5201	5000	5500	5000	
5201	5000	6000	5000	
5201	5000	6500	5000	
5201	5000	7000	5000	
5201	5000	7500	5000	
5201	5000	8000	5000	
5201	5000	8500	5000	
5201	5000	9000	5000	
5201	5000	9500	5000	
5201	12000	0	2200	
5201	12000	500	2200	
5201	12000	1000	2200	
5201	12000	1500	2200	
5201	12000	2000	5000	
5201	12000	2500	5000	
5201	12000	3000	5000	
5201	12000	3500	5000	
5201	12000	4000	5000	
5201	12000	4500	5000	
5201	12000	5000	12000	
5201	12000	5500	12000	
5201	12000	6000	12000	
5201	12000	6500	12000	
5201	12000	7000	12000	
5201	12000	7500	12000	
5201	12000	8000	12000	
5201	12000	8500	12000	
5201	12000	9000	12000	
5201	12000	9500	12000	
5201	25000	0	2200	
5201	25000	500	2200	
5201	25000	1000	2200	
5201	25000	1500	2200	
5201	25000	2000	5000	
5201	25000	2500	5000	
5201	25000	3000	5000	
5201	25000	3500	5000	
5201	25000	4000	5000	
5201	25000	4500	5000	
5201	25000	5000	12000	
5201	25000	5500	12000	
5201	25000	6000	12000	
5201	25000	6500	12000	
5201	25000	7000	12000	
5201	25000	7500	12000	
5201	25000	8000	12000	
5201	25000	8500	12000	
5201	25000	9000	12000	
5201	25000	9500	12000	
5401	200	0	2200	
5401	200	500	2200	
5401	200	1000	2200	
5401	200	1500	2200	
5401	200	2000	5000	
5401	200	2500	5000	
5401	200	3000	5000	
5401	200	3500	5000	
5401	200	4000	5000	
5401	200	4500	5000	
5401	200	5000	5000	
5401	200	5500	5000	
5401	200	6000	2200	
5401	200	6500	2200	
5401	200	7000	2200	
5401	200	7500	2200	
5401	200	8000	5000	
5401	200	8500	5000	
5401	200	9000	2200	
5401	200	9500	2200	
5401	800	0	2200	
5401	800	500	2200	
5401	800	1000	2200	
5401	800	1500	2200	
5401	800	2000	5000	
5401	800	2500	5000	
5401	800	3000	5000	
5401	800	3500	5000	
5401	800	4000	5000	
5401	800	4500	5000	
5401	800	5000	5000	
5401	800	5500	5000	
5401	800	6000	2200	
5401	800	6500	2200	
5401	800	7000	2200	
5401	800	7500	2200	
5401	800	8000	5000	
5401	800	8500	5000	
5401	800	9000	2200	
5401	800	9500	2200	
5401	2200	0	2200	
5401	2200	500	2200	
5401	2200	1000	2200	
5401	2200	1500	2200	
5401	2200	2000	5000	
5401	2200	2500	5000	
5401	2200	3000	5000	
5401	2200	3500	5000	
5401	2200	4000	5000	
5401	2200	4500	5000	
5401	2200	5000	5000	
5401	2200	5500	5000	
5401	2200	6000	2200	
5401	2200	6500	2200	
5401	2200	7000	2200	
5401	2200	7500	2200	
5401	2200	8000	5000	
5401	2200	8500	5000	
5401	2200	9000	2200	
5401	2200	9500	2200	
5401	5000	0	2200	
5401	5000	500	2200	
5401	5000	1000	2200	
5401	5000	1500	2200	
5401	5000	2000	5000	
5401	5000	2500	5000	
5401	5000	3000	5000	
5401	5000	3500	5000	
5401	5000	4000	5000	
5401	5000	4500	5000	
5401	5000	5000	5000	
5401	5000	5500	5000	
5401	5000	6000	5000	
5401	5000	6500	5000	
5401	5000	7000	5000	
5401	5000	7500	5000	
5401	5000	8000	5000	
5401	5000	8500	5000	
5401	5000	9000	5000	
5401	5000	9500	5000	
5401	12000	0	2200	
5401	12000	500	2200	
5401	12000	1000	2200	
5401	12000	1500	2200	
5401	12000	2000	5000	
5401	12000	2500	5000	
5401	12000	3000	5000	
5401	12000	3500	5000	
5401	12000	4000	5000	
5401	12000	4500	5000	
5401	12000	5000	12000	
5401	12000	5500	12000	
5401	12000	6000	12000	
5401	12000	6500	12000	
5401	12000	7000	12000	
5401	12000	7500	12000	
5401	12000	8000	12000	
5401	12000	8500	12000	
5401	12000	9000	12000	
5401	12000	9500	12000	
5401	25000	0	2200	
5401	25000	500	2200	
5401	25000	1000	2200	
5401	25000	1500	2200	
5401	25000	2000	5000	
5401	25000	2500	5000	
5401	25000	3000	5000	
5401	25000	3500	5000	
5401	25000	4000	5000	
5401	25000	4500	5000	
5401	25000	5000	12000	
5401	25000	5500	12000	
5401	25000	6000	12000	
5401	25000	6500	12000	
5401	25000	7000	12000	
5401	25000	7500	12000	
5401	25000	8000	12000	
5401	25000	8500	12000	
5401	25000	9000	12000	
5401	25000	9500	12000	
5601	200	0	2200	
5601	200	500	2200	
5601	200	1000	2200	
5601	200	1500	2200	
5601	200	2000	5000	
5601	200	2500	5000	
5601	200	3000	5000	
5601	200	3500	5000	
5601	200	4000	5000	
5601	200	4500	5000	
5601	200	5000	5000	
5601	200	5500	5000	
5601	200	6000	2200	
5601	200	6500	2200	
5601	200	7000	2200	
5601	200	7500	2200	
5601	200	8000	5000	
5601	200	8500	5000	
5601	200	9000	2200	
5601	200	9500	2200	
5601	800	0	2200	
5601	800	500	2200	
5601	800	1000	2200	
5601	800	1500	2200	
5601	800	2000	5000	
5601	800	2500	5000	
5601	800	3000	5000	
5601	800	3500	5000	
5601	800	4000	5000	
5601	800	4500	5000	
5601	800	5000	5000	
5601	800	5500	5000	
5601	800	6000	2200	
5601	800	6500	2200	
5601	800	7000	2200	
5601	800	7500	2200	
5601	800	8000	5000	
5601	800	8500	5000	
5601	800	9000	2200	
5601	800	9500	2200	
5601	2200	0	2200	
5601	2200	500	2200	
5601	2200	1000	2200	
5601	2200	1500	2200	
5601	2200	2000	5000	
5601	2200	2500	5000	
5601	2200	3000	5000	
5601	2200	3500	5000	
5601	2200	4000	5000	
5601	2200	4500	5000	
5601	2200	5000	5000	
5601	2200	5500	5000	
5601	2200	6000	2200	
5601	2200	6500	2200	
5601	2200	7000	2200	
5601	2200	7500	2200	
5601	2200	8000	5000	
5601	2200	8500	5000	
5601	2200	9000	2200	
5601	2200	9500	2200	
5601	5000	0	2200	
5601	5000	500	2200	
5601	5000	1000	2200	
5601	5000	1500	2200	
5601	5000	2000	5000	
5601	5000	2500	5000	
5601	5000	3000	5000	
5601	5000	3500	5000	
5601	5000	4000	5000	
5601	5000	4500	5000	
5601	5000	5000	5000	
5601	5000	5500	5000	
5601	5000	6000	5000	
5601	5000	6500	5000	
5601	5000	7000	5000	
5601	5000	7500	5000	
5601	5000	8000	5000	
5601	5000	8500	5000	
5601	5000	9000	5000	
5601	5000	9500	5000	
5601	12000	0	2200	
5601	12000	500	2200	
5601	12000	1000	2200	
5601	12000	1500	2200	
5601	12000	2000	5000	
5601	12000	2500	5000	
5601	12000	3000	5000	
5601	12000	3500	5000	
5601	12000	4000	5000	
5601	12000	4500	5000	
5601	12000	5000	12000	
5601	12000	5500	12000	
5601	12000	6000	12000	
5601	12000	6500	12000	
5601	12000	7000	12000	
5601	12000	7500	12000	
5601	12000	8000	12000	
5601	12000	8500	12000	
5601	12000	9000	12000	
5601	12000	9500	12000	
5601	25000	0	2200	
5601	25000	500	2200	
5601	25000	1000	2200	
5601	25000	1500	2200	
5601	25000	2000	5000	
5601	25000	2500	5000	
5601	25000	3000	5000	
5601	25000	3500	5000	
5601	25000	4000	5000	
5601	25000	4500	5000	
5601	25000	5000	12000	
5601	25000	5500	12000	
5601	25000	6000	12000	
5601	25000	6500	12000	
5601	25000	7000	12000	
5601	25000	7500	12000	
5601	25000	8000	12000	
5601	25000	8500	12000	
5601	25000	9000	25000	
5601	25000	9500	25000	
5801	200	0	2200	
5801	200	500	2200	
5801	200	1000	2200	
5801	200	1500	2200	
5801	200	2000	5000	
5801	200	2500	5000	
5801	200	3000	5000	
5801	200	3500	5000	
5801	200	4000	5000	
5801	200	4500	5000	
5801	200	5000	5000	
5801	200	5500	5000	
5801	200	6000	2200	
5801	200	6500	2200	
5801	200	7000	2200	
5801	200	7500	2200	
5801	200	8000	5000	
5801	200	8500	5000	
5801	200	9000	2200	
5801	200	9500	2200	
5801	800	0	2200	
5801	800	500	2200	
5801	800	1000	2200	
5801	800	1500	2200	
5801	800	2000	5000	
5801	800	2500	5000	
5801	800	3000	5000	
5801	800	3500	5000	
5801	800	4000	5000	
5801	800	4500	5000	
5801	800	5000	5000	
5801	800	5500	5000	
5801	800	6000	2200	
5801	800	6500	2200	
5801	800	7000	2200	
5801	800	7500	2200	
5801	800	8000	5000	
5801	800	8500	5000	
5801	800	9000	2200	
5801	800	9500	2200	
5801	2200	0	2200	
5801	2200	500	2200	
5801	2200	1000	2200	
5801	2200	1500	2200	
5801	2200	2000	5000	
5801	2200	2500	5000	
5801	2200	3000	5000	
5801	2200	3500	5000	
5801	2200	4000	5000	
5801	2200	4500	5000	
5801	2200	5000	5000	
5801	2200	5500	5000	
5801	2200	6000	2200	
5801	2200	6500	2200	
5801	2200	7000	2200	
5801	2200	7500	2200	
5801	2200	8000	5000	
5801	2200	8500	5000	
5801	2200	9000	2200	
5801	2200	9500	2200	
5801	5000	0	2200	
5801	5000	500	2200	
5801	5000	1000	2200	
5801	5000	1500	2200	
5801	5000	2000	5000	
5801	5000	2500	5000	
5801	5000	3000	5000	
5801	5000	3500	5000	
5801	5000	4000	5000	
5801	5000	4500	5000	
5801	5000	5000	5000	
5801	5000	5500	5000	
5801	5000	6000	5000	
5801	5000	6500	5000	
5801	5000	7000	5000	
5801	5000	7500	5000	
5801	5000	8000	5000	
5801	5000	8500	5000	
5801	5000	9000	5000	
5801	5000	9500	5000	
5801	12000	0	2200	
5801	12000	500	2200	
5801	12000	1000	2200	
5801	12000	1500	2200	
5801	12000	2000	5000	
5801	12000	2500	5000	
5801	12000	3000	5000	
5801	12000	3500	5000	
5801	12000	4000	5000	
5801	12000	4500	5000	
5801	12000	5000	12000	
5801	12000	5500	12000	
5801	12000	6000	12000	
5801	12000	6500	12000	
5801	12000	7000	12000	
5801	12000	7500	12000	
5801	12000	8000	12000	
5801	12000	8500	12000	
5801	12000	9000	12000	
5801	12000	9500	12000	
5801	25000	0	2200	
5801	25000	500	2200	
5801	25000	1000	2200	
5801	25000	1500	2200	
5801	25000	2000	5000	
5801	25000	2500	5000	
5801	25000	3000	5000	
5801	25000	3500	5000	
5801	25000	4000	5000	
5801	25000	4500	5000	
5801	25000	5000	12000	
5801	25000	5500	12000	
5801	25000	6000	12000	
5801	25000	6500	12000	
5801	25000	7000	12000	
5801	25000	7500	12000	
5801	25000	8000	12000	
5801	25000	8500	12000	
5801	25000	9000	25000	
5801	25000	9500	25000	
6001	200	0	2200	
6001	200	500	2200	
6001	200	1000	2200	
6001	200	1500	2200	
6001	200	2000	5000	
6001	200	2500	5000	
6001	200	3000	5000	
6001	200	3500	5000	
6001	200	4000	2200	
6001	200	4500	2200	
6001	200	5000	2200	
6001	200	5500	2200	
6001	200	6000	2200	
6001	200	6500	2200	
6001	200	7000	2200	
6001	200	7500	2200	
6001	200	8000	5000	
6001	200	8500	5000	
6001	200	9000	2200	
6001	200	9500	2200	
6001	800	0	2200	
6001	800	500	2200	
6001	800	1000	2200	
6001	800	1500	2200	
6001	800	2000	5000	
6001	800	2500	5000	
6001	800	3000	5000	
6001	800	3500	5000	
6001	800	4000	2200	
6001	800	4500	2200	
6001	800	5000	2200	
6001	800	5500	2200	
6001	800	6000	2200	
6001	800	6500	2200	
6001	800	7000	2200	
6001	800	7500	2200	
6001	800	8000	5000	
6001	800	8500	5000	
6001	800	9000	2200	
6001	800	9500	2200	
6001	2200	0	2200	
6001	2200	500	2200	
6001	2200	1000	2200	
6001	2200	1500	2200	
6001	2200	2000	5000	
6001	2200	2500	5000	
6001	2200	3000	5000	
6001	2200	3500	5000	
6001	2200	4000	2200	
6001	2200	4500	2200	
6001	2200	5000	2200	
6001	2200	5500	2200	
6001	2200	6000	2200	
6001	2200	6500	2200	
6001	2200	7000	2200	
6001	2200	7500	2200	
6001	2200	8000	5000	
6001	2200	8500	5000	
6001	2200	9000	2200	
6001	2200	9500	2200	
6001	5000	0	2200	
6001	5000	500	2200	
6001	5000	1000	2200	
6001	5000	1500	2200	
6001	5000	2000	5000	
6001	5000	2500	5000	
6001	5000	3000	5000	
6001	5000	3500	5000	
6001	5000	4000	5000	
6001	5000	4500	5000	
6001	5000	5000	5000	
6001	5000	5500	5000	
6001	5000	6000	5000	
6001	5000	6500	5000	
6001	5000	7000	5000	
6001	5000	7500	5000	
6001	5000	8000	5000	
6001	5000	8500	5000	
6001	5000	9000	5000	
6001	5000	9500	5000	
6001	12000	0	2200	
6001	12000	500	2200	
6001	12000	1000	2200	
6001	12000	1500	2200	
6001	12000	2000	5000	
6001	12000	2500	5000	
6001	12000	3000	5000	
6001	12000	3500	5000	
6001	12000	4000	12000	
6001	12000	4500	12000	
6001	12000	5000	12000	
6001	12000	5500	12000	
6001	12000	6000	12000	
6001	12000	6500	12000	
6001	12000	7000	12000	
6001	12000	7500	12000	
6001	12000	8000	12000	
6001	12000	8500	12000	
6001	12000	9000	12000	
6001	12000	9500	12000	
6001	25000	0	2200	
6001	25000	500	2200	
6001	25000	1000	2200	
6001	25000	1500	2200	
6001	25000	2000	5000	
6001	25000	2500	5000	
6001	25000	3000	5000	
6001	25000	3500	5000	
6001	25000	4000	12000	
6001	25000	4500	12000	
6001	25000	5000	12000	
6001	25000	5500	12000	
6001	25000	6000	12000	
6001	25000	6500	12000	
6001	25000	7000	12000	
6001	25000	7500	12000	
6001	25000	8000	12000	
6001	25000	8500	12000	
6001	25000	9000	12000	
6001	25000	9500	12000	
6201	200	0	2200	
6201	200	500	2200	
6201	200	1000	2200	
6201	200	1500	2200	
6201	200	2000	5000	
6201	200	2500	5000	
6201	200	3000	5000	
6201	200	3500	5000	
6201	200	4000	2200	
6201	200	4500	2200	
6201	200	5000	2200	
6201	200	5500	2200	
6201	200	6000	2200	
6201	200	6500	2200	
6201	200	7000	2200	
6201	200	7500	2200	
6201	200	8000	5000	
6201	200	8500	5000	
6201	200	9000	2200	
6201	200	9500	2200	
6201	800	0	2200	
6201	800	500	2200	
6201	800	1000	2200	
6201	800	1500	2200	
6201	800	2000	5000	
6201	800	2500	5000	
6201	800	3000	5000	
6201	800	3500	5000	
6201	800	4000	2200	
6201	800	4500	2200	
6201	800	5000	2200	
6201	800	5500	2200	
6201	800	6000	2200	
6201	800	6500	2200	
6201	800	7000	2200	
6201	800	7500	2200	
6201	800	8000	5000	
6201	800	8500	5000	
6201	800	9000	2200	
6201	800	9500	2200	
6201	2200	0	2200	
6201	2200	500	2200	
6201	2200	1000	2200	
6201	2200	1500	2200	
6201	2200	2000	5000	
6201	2200	2500	5000	
6201	2200	3000	5000	
6201	2200	3500	5000	
6201	2200	4000	2200	
6201	2200	4500	2200	
6201	2200	5000	2200	
6201	2200	5500	2200	
6201	2200	6000	2200	
6201	2200	6500	2200	
6201	2200	7000	2200	
6201	2200	7500	2200	
6201	2200	8000	5000	
6201	2200	8500	5000	
6201	2200	9000	2200	
6201	2200	9500	2200	
6201	5000	0	2200	
6201	5000	500	2200	
6201	5000	1000	2200	
6201	5000	1500	2200	
6201	5000	2000	5000	
6201	5000	2500	5000	
6201	5000	3000	5000	
6201	5000	3500	5000	
6201	5000	4000	5000	
6201	5000	4500	5000	
6201	5000	5000	5000	
6201	5000	5500	5000	
6201	5000	6000	5000	
6201	5000	6500	5000	
6201	5000	7000	5000	
6201	5000	7500	5000	
6201	5000	8000	5000	
6201	5000	8500	5000	
6201	5000	9000	5000	
6201	5000	9500	5000	
6201	12000	0	2200	
6201	12000	500	2200	
6201	12000	1000	2200	
6201	12000	1500	2200	
6201	12000	2000	5000	
6201	12000	2500	5000	
6201	12000	3000	5000	
6201	12000	3500	5000	
6201	12000	4000	12000	
6201	12000	4500	12000	
6201	12000	5000	12000	
6201	12000	5500	12000	
6201	12000	6000	12000	
6201	12000	6500	12000	
6201	12000	7000	12000	
6201	12000	7500	12000	
6201	12000	8000	12000	
6201	12000	8500	12000	
6201	12000	9000	12000	
6201	12000	9500	12000	
6201	25000	0	2200	
6201	25000	500	2200	
6201	25000	1000	2200	
6201	25000	1500	2200	
6201	25000	2000	5000	
6201	25000	2500	5000	
6201	25000	3000	5000	
6201	25000	3500	5000	
6201	25000	4000	12000	
6201	25000	4500	12000	
6201	25000	5000	12000	
6201	25000	5500	12000	
6201	25000	6000	12000	
6201	25000	6500	12000	
6201	25000	7000	12000	
6201	25000	7500	12000	
6201	25000	8000	12000	
6201	25000	8500	12000	
6201	25000	9000	12000	
6201	25000	9500	12000	
6401	200	0	2200	
6401	200	500	2200	
6401	200	1000	2200	
6401	200	1500	2200	
6401	200	2000	5000	
6401	200	2500	5000	
6401	200	3000	5000	
6401	200	3500	5000	
6401	200	4000	2200	
6401	200	4500	2200	
6401	200	5000	2200	
6401	200	5500	2200	
6401	200	6000	2200	
6401	200	6500	2200	
6401	200	7000	2200	
6401	200	7500	2200	
6401	200	8000	5000	
6401	200	8500	5000	
6401	200	9000	2200	
6401	200	9500	2200	
6401	800	0	2200	
6401	800	500	2200	
6401	800	1000	2200	
6401	800	1500	2200	
6401	800	2000	5000	
6401	800	2500	5000	
6401	800	3000	5000	
6401	800	3500	5000	
6401	800	4000	2200	
6401	800	4500	2200	
6401	800	5000	2200	
6401	800	5500	2200	
6401	800	6000	2200	
6401	800	6500	2200	
6401	800	7000	2200	
6401	800	7500	2200	
6401	800	8000	5000	
6401	800	8500	5000	
6401	800	9000	2200	
6401	800	9500	2200	
6401	2200	0	2200	
6401	2200	500	2200	
6401	2200	1000	2200	
6401	2200	1500	2200	
6401	2200	2000	5000	
6401	2200	2500	5000	
6401	2200	3000	5000	
6401	2200	3500	5000	
6401	2200	4000	2200	
6401	2200	4500	2200	
6401	2200	5000	2200	
6401	2200	5500	2200	
6401	2200	6000	2200	
6401	2200	6500	2200	
6401	2200	7000	2200	
6401	2200	7500	2200	
6401	2200	8000	5000	
6401	2200	8500	5000	
6401	2200	9000	2200	
6401	2200	9500	2200	
6401	5000	0	2200	
6401	5000	500	2200	
6401	5000	1000	2200	
6401	5000	1500	2200	
6401	5000	2000	5000	
6401	5000	2500	5000	
6401	5000	3000	5000	
6401	5000	3500	5000	
6401	5000	4000	5000	
6401	5000	4500	5000	
6401	5000	5000	5000	
6401	5000	5500	5000	
6401	5000	6000	5000	
6401	5000	6500	5000	
6401	5000	7000	5000	
6401	5000	7500	5000	
6401	5000	8000	5000	
6401	5000	8500	5000	
6401	5000	9000	5000	
6401	5000	9500	5000	
6401	12000	0	2200	
6401	12000	500	2200	
6401	12000	1000	2200	
6401	12000	1500	2200	
6401	12000	2000	5000	
6401	12000	2500	5000	
6401	12000	3000	5000	
6401	12000	3500	5000	
6401	12000	4000	12000	
6401	12000	4500	12000	
6401	12000	5000	12000	
6401	12000	5500	12000	
6401	12000	6000	12000	
6401	12000	6500	12000	
6401	12000	7000	12000	
6401	12000	7500	12000	
6401	12000	8000	12000	
6401	12000	8500	12000	
6401	12000	9000	12000	
6401	12000	9500	12000	
6401	25000	0	2200	
6401	25000	500	2200	
6401	25000	1000	2200	
6401	25000	1500	2200	
6401	25000	2000	5000	
6401	25000	2500	5000	
6401	25000	3000	5000	
6401	25000	3500	5000	
6401	25000	4000	12000	
6401	25000	4500	12000	
6401	25000	5000	12000	
6401	25000	5500	12000	
6401	25000	6000	12000	
6401	25000	6500	12000	
6401	25000	7000	12000	
6401	25000	7500	12000	
6401	25000	8000	12000	
6401	25000	8500	12000	
6401	25000	9000	12000	
6401	25000	9500	12000	
6601	200	0	2200	
6601	200	500	2200	
6601	200	1000	2200	
6601	200	1500	2200	
6601	200	2000	5000	
6601	200	2500	5000	
6601	200	3000	5000	
6601	200	3500	5000	
6601	200	4000	2200	
6601	200	4500	2200	
6601	200	5000	2200	
6601	200	5500	2200	
6601	200	6000	2200	
6601	200	6500	2200	
6601	200	7000	2200	
6601	200	7500	2200	
6601	200	8000	5000	
6601	200	8500	5000	
6601	200	9000	2200	
6601	200	9500	2200	
6601	800	0	2200	
6601	800	500	2200	
6601	800	1000	2200	
6601	800	1500	2200	
6601	800	2000	5000	
6601	800	2500	5000	
6601	800	3000	5000	
6601	800	3500	5000	
6601	800	4000	2200	
6601	800	4500	2200	
6601	800	5000	2200	
6601	800	5500	2200	
6601	800	6000	2200	
6601	800	6500	2200	
6601	800	7000	2200	
6601	800	7500	2200	
6601	800	8000	5000	
6601	800	8500	5000	
6601	800	9000	2200	
6601	800	9500	2200	
6601	2200	0	2200	
6601	2200	500	2200	
6601	2200	1000	2200	
6601	2200	1500	2200	
6601	2200	2000	5000	
6601	2200	2500	5000	
6601	2200	3000	5000	
6601	2200	3500	5000	
6601	2200	4000	2200	
6601	2200	4500	2200	
6601	2200	5000	2200	
6601	2200	5500	2200	
6601	2200	6000	2200	
6601	2200	6500	2200	
6601	2200	7000	2200	
6601	2200	7500	2200	
6601	2200	8000	5000	
6601	2200	8500	5000	
6601	2200	9000	2200	
6601	2200	9500	2200	
6601	5000	0	2200	
6601	5000	500	2200	
6601	5000	1000	2200	
6601	5000	1500	2200	
6601	5000	2000	5000	
6601	5000	2500	5000	
6601	5000	3000	5000	
6601	5000	3500	5000	
6601	5000	4000	5000	
6601	5000	4500	5000	
6601	5000	5000	5000	
6601	5000	5500	5000	
6601	5000	6000	5000	
6601	5000	6500	5000	
6601	5000	7000	5000	
6601	5000	7500	5000	
6601	5000	8000	5000	
6601	5000	8500	5000	
6601	5000	9000	5000	
6601	5000	9500	5000	
6601	12000	0	2200	
6601	12000	500	2200	
6601	12000	1000	2200	
6601	12000	1500	2200	
6601	12000	2000	5000	
6601	12000	2500	5000	
6601	12000	3000	5000	
6601	12000	3500	5000	
6601	12000	4000	12000	
6601	12000	4500	12000	
6601	12000	5000	12000	
6601	12000	5500	12000	
6601	12000	6000	12000	
6601	12000	6500	12000	
6601	12000	7000	12000	
6601	12000	7500	12000	
6601	12000	8000	12000	
6601	12000	8500	12000	
6601	12000	9000	12000	
6601	12000	9500	12000	
6601	25000	0	2200	
6601	25000	500	2200	
6601	25000	1000	2200	
6601	25000	1500	2200	
6601	25000	2000	5000	
6601	25000	2500	5000	
6601	25000	3000	5000	
6601	25000	3500	5000	
6601	25000	4000	12000	
6601	25000	4500	12000	
6601	25000	5000	12000	
6601	25000	5500	12000	
6601	25000	6000	12000	
6601	25000	6500	12000	
6601	25000	7000	12000	
6601	25000	7500	12000	
6601	25000	8000	12000	
6601	25000	8500	12000	
6601	25000	9000	12000	
6601	25000	9500	12000	
6801	200	0	2200	
6801	200	500	2200	
6801	200	1000	2200	
6801	200	1500	2200	
6801	200	2000	5000	
6801	200	2500	5000	
6801	200	3000	5000	
6801	200	3500	5000	
6801	200	4000	2200	
6801	200	4500	2200	
6801	200	5000	2200	
6801	200	5500	2200	
6801	200	6000	2200	
6801	200	6500	2200	
6801	200	7000	2200	
6801	200	7500	2200	
6801	200	8000	5000	
6801	200	8500	5000	
6801	200	9000	2200	
6801	200	9500	2200	
6801	800	0	2200	
6801	800	500	2200	
6801	800	1000	2200	
6801	800	1500	2200	
6801	800	2000	5000	
6801	800	2500	5000	
6801	800	3000	5000	
6801	800	3500	5000	
6801	800	4000	2200	
6801	800	4500	2200	
6801	800	5000	2200	
6801	800	5500	2200	
6801	800	6000	2200	
6801	800	6500	2200	
6801	800	7000	2200	
6801	800	7500	2200	
6801	800	8000	5000	
6801	800	8500	5000	
6801	800	9000	2200	
6801	800	9500	2200	
6801	2200	0	2200	
6801	2200	500	2200	
6801	2200	1000	2200	
6801	2200	1500	2200	
6801	2200	2000	5000	
6801	2200	2500	5000	
6801	2200	3000	5000	
6801	2200	3500	5000	
6801	2200	4000	2200	
6801	2200	4500	2200	
6801	2200	5000	2200	
6801	2200	5500	2200	
6801	2200	6000	2200	
6801	2200	6500	2200	
6801	2200	7000	2200	
6801	2200	7500	2200	
6801	2200	8000	5000	
6801	2200	8500	5000	
6801	2200	9000	2200	
6801	2200	9500	2200	
6801	5000	0	2200	
6801	5000	500	2200	
6801	5000	1000	2200	
6801	5000	1500	2200	
6801	5000	2000	5000	
6801	5000	2500	5000	
6801	5000	3000	5000	
6801	5000	3500	5000	
6801	5000	4000	5000	
6801	5000	4500	5000	
6801	5000	5000	5000	
6801	5000	5500	5000	
6801	5000	6000	5000	
6801	5000	6500	5000	
6801	5000	7000	5000	
6801	5000	7500	5000	
6801	5000	8000	5000	
6801	5000	8500	5000	
6801	5000	9000	5000	
6801	5000	9500	5000	
6801	12000	0	2200	
6801	12000	500	2200	
6801	12000	1000	2200	
6801	12000	1500	2200	
6801	12000	2000	5000	
6801	12000	2500	5000	
6801	12000	3000	5000	
6801	12000	3500	5000	
6801	12000	4000	12000	
6801	12000	4500	12000	
6801	12000	5000	12000	
6801	12000	5500	12000	
6801	12000	6000	12000	
6801	12000	6500	12000	
6801	12000	7000	12000	
6801	12000	7500	12000	
6801	12000	8000	12000	
6801	12000	8500	12000	
6801	12000	9000	12000	
6801	12000	9500	12000	
6801	25000	0	2200	
6801	25000	500	2200	
6801	25000	1000	2200	
6801	25000	1500	2200	
6801	25000	2000	5000	
6801	25000	2500	5000	
6801	25000	3000	5000	
6801	25000	3500	5000	
6801	25000	4000	12000	
6801	25000	4500	12000	
6801	25000	5000	12000	
6801	25000	5500	12000	
6801	25000	6000	12000	
6801	25000	6500	12000	
6801	25000	7000	12000	
6801	25000	7500	12000	
6801	25000	8000	12000	
6801	25000	8500	12000	
6801	25000	9000	12000	
6801	25000	9500	12000	
7001	200	0	2200	
7001	200	500	2200	
7001	200	1000	2200	
7001	200	1500	2200	
7001	200	2000	5000	
7001	200	2500	5000	
7001	200	3000	5000	
7001	200	3500	5000	
7001	200	4000	2200	
7001	200	4500	2200	
7001	200	5000	2200	
7001	200	5500	2200	
7001	200	6000	2200	
7001	200	6500	2200	
7001	200	7000	2200	
7001	200	7500	2200	
7001	200	8000	5000	
7001	200	8500	5000	
7001	200	9000	2200	
7001	200	9500	2200	
7001	800	0	2200	
7001	800	500	2200	
7001	800	1000	2200	
7001	800	1500	2200	
7001	800	2000	5000	
7001	800	2500	5000	
7001	800	3000	5000	
7001	800	3500	5000	
7001	800	4000	2200	
7001	800	4500	2200	
7001	800	5000	2200	
7001	800	5500	2200	
7001	800	6000	2200	
7001	800	6500	2200	
7001	800	7000	2200	
7001	800	7500	2200	
7001	800	8000	5000	
7001	800	8500	5000	
7001	800	9000	2200	
7001	800	9500	2200	
7001	2200	0	2200	
7001	2200	500	2200	
7001	2200	1000	2200	
7001	2200	1500	2200	
7001	2200	2000	5000	
7001	2200	2500	5000	
7001	2200	3000	5000	
7001	2200	3500	5000	
7001	2200	4000	2200	
7001	2200	4500	2200	
7001	2200	5000	2200	
7001	2200	5500	2200	
7001	2200	6000	2200	
7001	2200	6500	2200	
7001	2200	7000	2200	
7001	2200	7500	2200	
7001	2200	8000	5000	
7001	2200	8500	5000	
7001	2200	9000	2200	
7001	2200	9500	2200	
7001	5000	0	2200	
7001	5000	500	2200	
7001	5000	1000	2200	
7001	5000	1500	2200	
7001	5000	2000	5000	
7001	5000	2500	5000	
7001	5000	3000	5000	
7001	5000	3500	5000	
7001	5000	4000	5000	
7001	5000	4500	5000	
7001	5000	5000	5000	
7001	5000	5500	5000	
7001	5000	6000	5000	
7001	5000	6500	5000	
7001	5000	7000	5000	
7001	5000	7500	5000	
7001	5000	8000	5000	
7001	5000	8500	5000	
7001	5000	9000	5000	
7001	5000	9500	5000	
7001	12000	0	2200	
7001	12000	500	2200	
7001	12000	1000	2200	
7001	12000	1500	2200	
7001	12000	2000	5000	
7001	12000	2500	5000	
7001	12000	3000	5000	
7001	12000	3500	5000	
7001	12000	4000	12000	
7001	12000	4500	12000	
7001	12000	5000	12000	
7001	12000	5500	12000	
7001	12000	6000	12000	
7001	12000	6500	12000	
7001	12000	7000	12000	
7001	12000	7500	12000	
7001	12000	8000	12000	
7001	12000	8500	12000	
7001	12000	9000	12000	
7001	12000	9500	12000	
7001	25000	0	2200	
7001	25000	500	2200	
7001	25000	1000	2200	
7001	25000	1500	2200	
7001	25000	2000	5000	
7001	25000	2500	5000	
7001	25000	3000	5000	
7001	25000	3500	5000	
7001	25000	4000	12000	
7001	25000	4500	12000	
7001	25000	5000	12000	
7001	25000	5500	12000	
7001	25000	6000	12000	
7001	25000	6500	12000	
7001	25000	7000	12000	
7001	25000	7500	12000	
7001	25000	8000	12000	
7001	25000	8500	12000	
7001	25000	9000	12000	
7001	25000	9500	12000	
7201	200	0	2200	
7201	200	500	2200	
7201	200	1000	2200	
7201	200	1500	2200	
7201	200	2000	5000	
7201	200	2500	5000	
7201	200	3000	5000	
7201	200	3500	5000	
7201	200	4000	2200	
7201	200	4500	2200	
7201	200	5000	2200	
7201	200	5500	2200	
7201	200	6000	2200	
7201	200	6500	2200	
7201	200	7000	2200	
7201	200	7500	2200	
7201	200	8000	5000	
7201	200	8500	5000	
7201	200	9000	2200	
7201	200	9500	2200	
7201	800	0	2200	
7201	800	500	2200	
7201	800	1000	2200	
7201	800	1500	2200	
7201	800	2000	5000	
7201	800	2500	5000	
7201	800	3000	5000	
7201	800	3500	5000	
7201	800	4000	2200	
7201	800	4500	2200	
7201	800	5000	2200	
7201	800	5500	2200	
7201	800	6000	2200	
7201	800	6500	2200	
7201	800	7000	2200	
7201	800	7500	2200	
7201	800	8000	5000	
7201	800	8500	5000	
7201	800	9000	2200	
7201	800	9500	2200	
7201	2200	0	2200	
7201	2200	500	2200	
7201	2200	1000	2200	
7201	2200	1500	2200	
7201	2200	2000	5000	
7201	2200	2500	5000	
7201	2200	3000	5000	
7201	2200	3500	5000	
7201	2200	4000	2200	
7201	2200	4500	2200	
7201	2200	5000	2200	
7201	2200	5500	2200	
7201	2200	6000	2200	
7201	2200	6500	2200	
7201	2200	7000	2200	
7201	2200	7500	2200	
7201	2200	8000	5000	
7201	2200	8500	5000	
7201	2200	9000	2200	
7201	2200	9500	2200	
7201	5000	0	2200	
7201	5000	500	2200	
7201	5000	1000	2200	
7201	5000	1500	2200	
7201	5000	2000	5000	
7201	5000	2500	5000	
7201	5000	3000	5000	
7201	5000	3500	5000	
7201	5000	4000	5000	
7201	5000	4500	5000	
7201	5000	5000	5000	
7201	5000	5500	5000	
7201	5000	6000	5000	
7201	5000	6500	5000	
7201	5000	7000	5000	
7201	5000	7500	5000	
7201	5000	8000	5000	
7201	5000	8500	5000	
7201	5000	9000	5000	
7201	5000	9500	5000	
7201	12000	0	2200	
7201	12000	500	2200	
7201	12000	1000	2200	
7201	12000	1500	2200	
7201	12000	2000	5000	
7201	12000	2500	5000	
7201	12000	3000	5000	
7201	12000	3500	5000	
7201	12000	4000	12000	
7201	12000	4500	12000	
7201	12000	5000	12000	
7201	12000	5500	12000	
7201	12000	6000	12000	
7201	12000	6500	12000	
7201	12000	7000	12000	
7201	12000	7500	12000	
7201	12000	8000	12000	
7201	12000	8500	12000	
7201	12000	9000	12000	
7201	12000	9500	12000	
7201	25000	0	2200	
7201	25000	500	2200	
7201	25000	1000	2200	
7201	25000	1500	2200	
7201	25000	2000	5000	
7201	25000	2500	5000	
7201	25000	3000	5000	
7201	25000	3500	5000	
7201	25000	4000	12000	
7201	25000	4500	12000	
7201	25000	5000	12000	
7201	25000	5500	12000	
7201	25000	6000	12000	
7201	25000	6500	12000	
7201	25000	7000	25000	
7201	25000	7500	25000	
7201	25000	8000	12000	
7201	25000	8500	12000	
7201	25000	9000	25000	
7201	25000	9500	25000	
7401	200	0	2200	
7401	200	500	2200	
7401	200	1000	2200	
7401	200	1500	2200	
7401	200	2000	5000	
7401	200	2500	5000	
7401	200	3000	5000	
7401	200	3500	5000	
7401	200	4000	2200	
7401	200	4500	2200	
7401	200	5000	2200	
7401	200	5500	2200	
7401	200	6000	2200	
7401	200	6500	2200	
7401	200	7000	2200	
7401	200	7500	2200	
7401	200	8000	5000	
7401	200	8500	5000	
7401	200	9000	2200	
7401	200	9500	2200	
7401	800	0	2200	
7401	800	500	2200	
7401	800	1000	2200	
7401	800	1500	2200	
7401	800	2000	5000	
7401	800	2500	5000	
7401	800	3000	5000	
7401	800	3500	5000	
7401	800	4000	2200	
7401	800	4500	2200	
7401	800	5000	2200	
7401	800	5500	2200	
7401	800	6000	2200	
7401	800	6500	2200	
7401	800	7000	2200	
7401	800	7500	2200	
7401	800	8000	5000	
7401	800	8500	5000	
7401	800	9000	2200	
7401	800	9500	2200	
7401	2200	0	2200	
7401	2200	500	2200	
7401	2200	1000	2200	
7401	2200	1500	2200	
7401	2200	2000	5000	
7401	2200	2500	5000	
7401	2200	3000	5000	
7401	2200	3500	5000	
7401	2200	4000	2200	
7401	2200	4500	2200	
7401	2200	5000	2200	
7401	2200	5500	2200	
7401	2200	6000	2200	
7401	2200	6500	2200	
7401	2200	7000	2200	
7401	2200	7500	2200	
7401	2200	8000	5000	
7401	2200	8500	5000	
7401	2200	9000	2200	
7401	2200	9500	2200	
7401	5000	0	2200	
7401	5000	500	2200	
7401	5000	1000	2200	
7401	5000	1500	2200	
7401	5000	2000	5000	
7401	5000	2500	5000	
7401	5000	3000	5000	
7401	5000	3500	5000	
7401	5000	4000	5000	
7401	5000	4500	5000	
7401	5000	5000	5000	
7401	5000	5500	5000	
7401	5000	6000	5000	
7401	5000	6500	5000	
7401	5000	7000	5000	
7401	5000	7500	5000	
7401	5000	8000	5000	
7401	5000	8500	5000	
7401	5000	9000	5000	
7401	5000	9500	5000	
7401	12000	0	2200	
7401	12000	500	2200	
7401	12000	1000	2200	
7401	12000	1500	2200	
7401	12000	2000	5000	
7401	12000	2500	5000	
7401	12000	3000	5000	
7401	12000	3500	5000	
7401	12000	4000	12000	
7401	12000	4500	12000	
7401	12000	5000	12000	
7401	12000	5500	12000	
7401	12000	6000	12000	
7401	12000	6500	12000	
7401	12000	7000	12000	
7401	12000	7500	12000	
7401	12000	8000	12000	
7401	12000	8500	12000	
7401	12000	9000	12000	
7401	12000	9500	12000	
7401	25000	0	2200	
7401	25000	500	2200	
7401	25000	1000	2200	
7401	25000	1500	2200	
7401	25000	2000	5000	
7401	25000	2500	5000	
7401	25000	3000	5000	
7401	25000	3500	5000	
7401	25000	4000	12000	
7401	25000	4500	12000	
7401	25000	5000	12000	
7401	25000	5500	12000	
7401	25000	6000	12000	
7401	25000	6500	12000	
7401	25000	7000	25000	
7401	25000	7500	25000	
7401	25000	8000	12000	
7401	25000	8500	12000	
7401	25000	9000	25000	
7401	25000	9500	25000	
7601	200	0	2200	
7601	200	500	2200	
7601	200	1000	2200	
7601	200	1500	2200	
7601	200	2000	5000	
7601	200	2500	5000	
7601	200	3000	5000	
7601	200	3500	5000	
7601	200	4000	2200	
7601	200	4500	2200	
7601	200	5000	2200	
7601	200	5500	2200	
7601	200	6000	2200	
7601	200	6500	2200	
7601	200	7000	2200	
7601	200	7500	2200	
7601	200	8000	5000	
7601	200	8500	5000	
7601	200	9000	2200	
7601	200	9500	2200	
7601	800	0	2200	
7601	800	500	2200	
7601	800	1000	2200	
7601	800	1500	2200	
7601	800	2000	5000	
7601	800	2500	5000	
7601	800	3000	5000	
7601	800	3500	5000	
7601	800	4000	2200	
7601	800	4500	2200	
7601	800	5000	2200	
7601	800	5500	2200	
7601	800	6000	2200	
7601	800	6500	2200	
7601	800	7000	2200	
7601	800	7500	2200	
7601	800	8000	5000	
7601	800	8500	5000	
7601	800	9000	2200	
7601	800	9500	2200	
7601	2200	0	2200	
7601	2200	500	2200	
7601	2200	1000	2200	
7601	2200	1500	2200	
7601	2200	2000	5000	
7601	2200	2500	5000	
7601	2200	3000	5000	
7601	2200	3500	5000	
7601	2200	4000	2200	
7601	2200	4500	2200	
7601	2200	5000	2200	
7601	2200	5500	2200	
7601	2200	6000	2200	
7601	2200	6500	2200	
7601	2200	7000	2200	
7601	2200	7500	2200	
7601	2200	8000	5000	
7601	2200	8500	5000	
7601	2200	9000	2200	
7601	2200	9500	2200	
7601	5000	0	2200	
7601	5000	500	2200	
7601	5000	1000	2200	
7601	5000	1500	2200	
7601	5000	2000	5000	
7601	5000	2500	5000	
7601	5000	3000	5000	
7601	5000	3500	5000	
7601	5000	4000	5000	
7601	5000	4500	5000	
7601	5000	5000	5000	
7601	5000	5500	5000	
7601	5000	6000	5000	
7601	5000	6500	5000	
7601	5000	7000	5000	
7601	5000	7500	5000	
7601	5000	8000	5000	
7601	5000	8500	5000	
7601	5000	9000	5000	
7601	5000	9500	5000	
7601	12000	0	2200	
7601	12000	500	2200	
7601	12000	1000	2200	
7601	12000	1500	2200	
7601	12000	2000	5000	
7601	12000	2500	5000	
7601	12000	3000	5000	
7601	12000	3500	5000	
7601	12000	4000	12000	
7601	12000	4500	12000	
7601	12000	5000	12000	
7601	12000	5500	12000	
7601	12000	6000	12000	
7601	12000	6500	12000	
7601	12000	7000	12000	
7601	12000	7500	12000	
7601	12000	8000	12000	
7601	12000	8500	12000	
7601	12000	9000	12000	
7601	12000	9500	12000	
7601	25000	0	2200	
7601	25000	500	2200	
7601	25000	1000	2200	
7601	25000	1500	2200	
7601	25000	2000	5000	
7601	25000	2500	5000	
7601	25000	3000	5000	
7601	25000	3500	5000	
7601	25000	4000	12000	
7601	25000	4500	12000	
7601	25000	5000	12000	
7601	25000	5500	12000	
7601	25000	6000	12000	
7601	25000	6500	12000	
7601	25000	7000	25000	
7601	25000	7500	25000	
7601	25000	8000	12000	
7601	25000	8500	12000	
7601	25000	9000	25000	
7601	25000	9500	25000	
7801	200	0	2200	
7801	200	500	2200	
7801	200	1000	2200	
7801	200	1500	2200	
7801	200	2000	5000	
7801	200	2500	5000	
7801	200	3000	5000	
7801	200	3500	5000	
7801	200	4000	2200	
7801	200	4500	2200	
7801	200	5000	2200	
7801	200	5500	2200	
7801	200	6000	2200	
7801	200	6500	2200	
7801	200	7000	2200	
7801	200	7500	2200	
7801	200	8000	5000	
7801	200	8500	5000	
7801	200	9000	2200	
7801	200	9500	2200	
7801	800	0	2200	
7801	800	500	2200	
7801	800	1000	2200	
7801	800	1500	2200	
7801	800	2000	5000	
7801	800	2500	5000	
7801	800	3000	5000	
7801	800	3500	5000	
7801	800	4000	2200	
7801	800	4500	2200	
7801	800	5000	2200	
7801	800	5500	2200	
7801	800	6000	2200	
7801	800	6500	2200	
7801	800	7000	2200	
7801	800	7500	2200	
7801	800	8000	5000	
7801	800	8500	5000	
7801	800	9000	2200	
7801	800	9500	2200	
7801	2200	0	2200	
7801	2200	500	2200	
7801	2200	1000	2200	
7801	2200	1500	2200	
7801	2200	2000	5000	
7801	2200	2500	5000	
7801	2200	3000	5000	
7801	2200	3500	5000	
7801	2200	4000	2200	
7801	2200	4500	2200	
7801	2200	5000	2200	
7801	2200	5500	2200	
7801	2200	6000	2200	
7801	2200	6500	2200	
7801	2200	7000	2200	
7801	2200	7500	2200	
7801	2200	8000	5000	
7801	2200	8500	5000	
7801	2200	9000	2200	
7801	2200	9500	2200	
7801	5000	0	2200	
7801	5000	500	2200	
7801	5000	1000	2200	
7801	5000	1500	2200	
7801	5000	2000	5000	
7801	5000	2500	5000	
7801	5000	3000	5000	
7801	5000	3500	5000	
7801	5000	4000	5000	
7801	5000	4500	5000	
7801	5000	5000	5000	
7801	5000	5500	5000	
7801	5000	6000	5000	
7801	5000	6500	5000	
7801	5000	7000	5000	
7801	5000	7500	5000	
7801	5000	8000	5000	
7801	5000	8500	5000	
7801	5000	9000	5000	
7801	5000	9500	5000	
7801	12000	0	2200	
7801	12000	500	2200	
7801	12000	1000	2200	
7801	12000	1500	2200	
7801	12000	2000	5000	
7801	12000	2500	5000	
7801	12000	3000	5000	
7801	12000	3500	5000	
7801	12000	4000	12000	
7801	12000	4500	12000	
7801	12000	5000	12000	
7801	12000	5500	12000	
7801	12000	6000	12000	
7801	12000	6500	12000	
7801	12000	7000	12000	
7801	12000	7500	12000	
7801	12000	8000	12000	
7801	12000	8500	12000	
7801	12000	9000	12000	
7801	12000	9500	12000	
7801	25000	0	2200	
7801	25000	500	2200	
7801	25000	1000	2200	
7801	25000	1500	2200	
7801	25000	2000	5000	
7801	25000	2500	5000	
7801	25000	3000	5000	
7801	25000	3500	5000	
7801	25000	4000	12000	
7801	25000	4500	12000	
7801	25000	5000	12000	
7801	25000	5500	12000	
7801	25000	6000	12000	
7801	25000	6500	12000	
7801	25000	7000	25000	
7801	25000	7500	25000	
7801	25000	8000	12000	
7801	25000	8500	12000	
7801	25000	9000	25000	
7801	25000	9500	25000	
8001	200	0	200	
8001	200	500	200	
8001	200	1000	200	
8001	200	1500	200	
8001	200	2000	200	
8001	200	2500	200	
8001	200	3000	200	
8001	200	3500	200	
8001	200	4000	200	
8001	200	4500	200	
8001	200	5000	2200	
8001	200	5500	2200	
8001	200	6000	5000	
8001	200	6500	5000	
8001	200	7000	12000	
8001	200	7500	12000	
8001	200	8000	12000	
8001	200	8500	12000	
8001	200	9000	12000	
8001	200	9500	12000	
8001	800	0	200	
8001	800	500	200	
8001	800	1000	200	
8001	800	1500	200	
8001	800	2000	200	
8001	800	2500	200	
8001	800	3000	2200	
8001	800	3500	2200	
8001	800	4000	200	
8001	800	4500	200	
8001	800	5000	2200	
8001	800	5500	2200	
8001	800	6000	5000	
8001	800	6500	5000	
8001	800	7000	12000	
8001	800	7500	12000	
8001	800	8000	12000	
8001	800	8500	12000	
8001	800	9000	12000	
8001	800	9500	12000	
8001	2200	0	200	
8001	2200	500	200	
8001	2200	1000	200	
8001	2200	1500	200	
8001	2200	2000	200	
8001	2200	2500	200	
8001	2200	3000	2200	
8001	2200	3500	2200	
8001	2200	4000	200	
8001	2200	4500	200	
8001	2200	5000	2200	
8001	2200	5500	2200	
8001	2200	6000	5000	
8001	2200	6500	5000	
8001	2200	7000	12000	
8001	2200	7500	12000	
8001	2200	8000	12000	
8001	2200	8500	12000	
8001	2200	9000	12000	
8001	2200	9500	12000	
8001	5000	0	200	
8001	5000	500	200	
8001	5000	1000	200	
8001	5000	1500	200	
8001	5000	2000	5000	
8001	5000	2500	5000	
8001	5000	3000	2200	
8001	5000	3500	2200	
8001	5000	4000	5000	
8001	5000	4500	5000	
8001	5000	5000	5000	
8001	5000	5500	5000	
8001	5000	6000	5000	
8001	5000	6500	5000	
8001	5000	7000	12000	
8001	5000	7500	12000	
8001	5000	8000	12000	
8001	5000	8500	12000	
8001	5000	9000	12000	
8001	5000	9500	12000	
8001	12000	0	200	
8001	12000	500	200	
8001	12000	1000	200	
8001	12000	1500	200	
8001	12000	2000	5000	
8001	12000	2500	5000	
8001	12000	3000	12000	
8001	12000	3500	12000	
8001	12000	4000	12000	
8001	12000	4500	12000	
8001	12000	5000	12000	
8001	12000	5500	12000	
8001	12000	6000	12000	
8001	12000	6500	12000	
8001	12000	7000	12000	
8001	12000	7500	12000	
8001	12000	8000	12000	
8001	12000	8500	12000	
8001	12000	9000	12000	
8001	12000	9500	12000	
8001	25000	0	200	
8001	25000	500	200	
8001	25000	1000	200	
8001	25000	1500	200	
8001	25000	2000	5000	
8001	25000	2500	5000	
8001	25000	3000	12000	
8001	25000	3500	12000	
8001	25000	4000	12000	
8001	25000	4500	12000	
8001	25000	5000	12000	
8001	25000	5500	12000	
8001	25000	6000	12000	
8001	25000	6500	12000	
8001	25000	7000	12000	
8001	25000	7500	12000	
8001	25000	8000	12000	
8001	25000	8500	12000	
8001	25000	9000	12000	
8001	25000	9500	12000	
8201	200	0	200	
8201	200	500	200	
8201	200	1000	200	
8201	200	1500	200	
8201	200	2000	200	
8201	200	2500	200	
8201	200	3000	200	
8201	200	3500	200	
8201	200	4000	200	
8201	200	4500	200	
8201	200	5000	2200	
8201	200	5500	2200	
8201	200	6000	5000	
8201	200	6500	5000	
8201	200	7000	12000	
8201	200	7500	12000	
8201	200	8000	12000	
8201	200	8500	12000	
8201	200	9000	12000	
8201	200	9500	12000	
8201	800	0	200	
8201	800	500	200	
8201	800	1000	200	
8201	800	1500	200	
8201	800	2000	200	
8201	800	2500	200	
8201	800	3000	2200	
8201	800	3500	2200	
8201	800	4000	200	
8201	800	4500	200	
8201	800	5000	2200	
8201	800	5500	2200	
8201	800	6000	5000	
8201	800	6500	5000	
8201	800	7000	12000	
8201	800	7500	12000	
8201	800	8000	12000	
8201	800	8500	12000	
8201	800	9000	12000	
8201	800	9500	12000	
8201	2200	0	200	
8201	2200	500	200	
8201	2200	1000	200	
8201	2200	1500	200	
8201	2200	2000	200	
8201	2200	2500	200	
8201	2200	3000	2200	
8201	2200	3500	2200	
8201	2200	4000	200	
8201	2200	4500	200	
8201	2200	5000	2200	
8201	2200	5500	2200	
8201	2200	6000	5000	
8201	2200	6500	5000	
8201	2200	7000	12000	
8201	2200	7500	12000	
8201	2200	8000	12000	
8201	2200	8500	12000	
8201	2200	9000	12000	
8201	2200	9500	12000	
8201	5000	0	200	
8201	5000	500	200	
8201	5000	1000	200	
8201	5000	1500	200	
8201	5000	2000	5000	
8201	5000	2500	5000	
8201	5000	3000	2200	
8201	5000	3500	2200	
8201	5000	4000	5000	
8201	5000	4500	5000	
8201	5000	5000	5000	
8201	5000	5500	5000	
8201	5000	6000	5000	
8201	5000	6500	5000	
8201	5000	7000	12000	
8201	5000	7500	12000	
8201	5000	8000	12000	
8201	5000	8500	12000	
8201	5000	9000	12000	
8201	5000	9500	12000	
8201	12000	0	200	
8201	12000	500	200	
8201	12000	1000	200	
8201	12000	1500	200	
8201	12000	2000	5000	
8201	12000	2500	5000	
8201	12000	3000	12000	
8201	12000	3500	12000	
8201	12000	4000	12000	
8201	12000	4500	12000	
8201	12000	5000	12000	
8201	12000	5500	12000	
8201	12000	6000	12000	
8201	12000	6500	12000	
8201	12000	7000	12000	
8201	12000	7500	12000	
8201	12000	8000	12000	
8201	12000	8500	12000	
8201	12000	9000	12000	
8201	12000	9500	12000	
8201	25000	0	200	
8201	25000	500	200	
8201	25000	1000	200	
8201	25000	1500	200	
8201	25000	2000	5000	
8201	25000	2500	5000	
8201	25000	3000	12000	
8201	25000	3500	12000	
8201	25000	4000	12000	
8201	25000	4500	12000	
8201	25000	5000	12000	
8201	25000	5500	12000	
8201	25000	6000	12000	
8201	25000	6500	12000	
8201	25000	7000	12000	
8201	25000	7500	12000	
8201	25000	8000	12000	
8201	25000	8500	12000	
8201	25000	9000	12000	
8201	25000	9500	12000	
8401	200	0	200	
8401	200	500	200	
8401	200	1000	200	
8401	200	1500	200	
8401	200	2000	200	
8401	200	2500	200	
8401	200	3000	200	
8401	200	3500	200	
8401	200	4000	200	
8401	200	4500	200	
8401	200	5000	2200	
8401	200	5500	2200	
8401	200	6000	5000	
8401	200	6500	5000	
8401	200	7000	12000	
8401	200	7500	12000	
8401	200	8000	12000	
8401	200	8500	12000	
8401	200	9000	12000	
8401	200	9500	12000	
8401	800	0	200	
8401	800	500	200	
8401	800	1000	200	
8401	800	1500	200	
8401	800	2000	200	
8401	800	2500	200	
8401	800	3000	2200	
8401	800	3500	2200	
8401	800	4000	200	
8401	800	4500	200	
8401	800	5000	2200	
8401	800	5500	2200	
8401	800	6000	5000	
8401	800	6500	5000	
8401	800	7000	12000	
8401	800	7500	12000	
8401	800	8000	12000	
8401	800	8500	12000	
8401	800	9000	12000	
8401	800	9500	12000	
8401	2200	0	200	
8401	2200	500	200	
8401	2200	1000	200	
8401	2200	1500	200	
8401	2200	2000	200	
8401	2200	2500	200	
8401	2200	3000	2200	
8401	2200	3500	2200	
8401	2200	4000	200	
8401	2200	4500	200	
8401	2200	5000	2200	
8401	2200	5500	2200	
8401	2200	6000	5000	
8401	2200	6500	5000	
8401	2200	7000	12000	
8401	2200	7500	12000	
8401	2200	8000	12000	
8401	2200	8500	12000	
8401	2200	9000	12000	
8401	2200	9500	12000	
8401	5000	0	200	
8401	5000	500	200	
8401	5000	1000	200	
8401	5000	1500	200	
8401	5000	2000	5000	
8401	5000	2500	5000	
8401	5000	3000	2200	
8401	5000	3500	2200	
8401	5000	4000	5000	
8401	5000	4500	5000	
8401	5000	5000	5000	
8401	5000	5500	5000	
8401	5000	6000	5000	
8401	5000	6500	5000	
8401	5000	7000	12000	
8401	5000	7500	12000	
8401	5000	8000	12000	
8401	5000	8500	12000	
8401	5000	9000	12000	
8401	5000	9500	12000	
8401	12000	0	200	
8401	12000	500	200	
8401	12000	1000	200	
8401	12000	1500	200	
8401	12000	2000	5000	
8401	12000	2500	5000	
8401	12000	3000	12000	
8401	12000	3500	12000	
8401	12000	4000	12000	
8401	12000	4500	12000	
8401	12000	5000	12000	
8401	12000	5500	12000	
8401	12000	6000	12000	
8401	12000	6500	12000	
8401	12000	7000	12000	
8401	12000	7500	12000	
8401	12000	8000	12000	
8401	12000	8500	12000	
8401	12000	9000	12000	
8401	12000	9500	12000	
8401	25000	0	200	
8401	25000	500	200	
8401	25000	1000	200	
8401	25000	1500	200	
8401	25000	2000	5000	
8401	25000	2500	5000	
8401	25000	3000	12000	
8401	25000	3500	12000	
8401	25000	4000	12000	
8401	25000	4500	12000	
8401	25000	5000	12000	
8401	25000	5500	12000	
8401	25000	6000	12000	
8401	25000	6500	12000	
8401	25000	7000	12000	
8401	25000	7500	12000	
8401	25000	8000	12000	
8401	25000	8500	12000	
8401	25000	9000	12000	
8401	25000	9500	25000	
8601	200	0	200	
8601	200	500	200	
8601	200	1000	200	
8601	200	1500	200	
8601	200	2000	200	
8601	200	2500	200	
8601	200	3000	200	
8601	200	3500	200	
8601	200	4000	200	
8601	200	4500	200	
8601	200	5000	2200	
8601	200	5500	2200	
8601	200	6000	5000	
8601	200	6500	5000	
8601	200	7000	12000	
8601	200	7500	12000	
8601	200	8000	12000	
8601	200	8500	12000	
8601	200	9000	12000	
8601	200	9500	12000	
8601	800	0	200	
8601	800	500	200	
8601	800	1000	200	
8601	800	1500	200	
8601	800	2000	200	
8601	800	2500	200	
8601	800	3000	2200	
8601	800	3500	2200	
8601	800	4000	200	
8601	800	4500	200	
8601	800	5000	2200	
8601	800	5500	2200	
8601	800	6000	5000	
8601	800	6500	5000	
8601	800	7000	12000	
8601	800	7500	12000	
8601	800	8000	12000	
8601	800	8500	12000	
8601	800	9000	12000	
8601	800	9500	12000	
8601	2200	0	200	
8601	2200	500	200	
8601	2200	1000	200	
8601	2200	1500	200	
8601	2200	2000	200	
8601	2200	2500	200	
8601	2200	3000	2200	
8601	2200	3500	2200	
8601	2200	4000	200	
8601	2200	4500	200	
8601	2200	5000	2200	
8601	2200	5500	2200	
8601	2200	6000	5000	
8601	2200	6500	5000	
8601	2200	7000	12000	
8601	2200	7500	12000	
8601	2200	8000	12000	
8601	2200	8500	12000	
8601	2200	9000	12000	
8601	2200	9500	12000	
8601	5000	0	200	
8601	5000	500	200	
8601	5000	1000	200	
8601	5000	1500	200	
8601	5000	2000	5000	
8601	5000	2500	5000	
8601	5000	3000	2200	
8601	5000	3500	2200	
8601	5000	4000	5000	
8601	5000	4500	5000	
8601	5000	5000	5000	
8601	5000	5500	5000	
8601	5000	6000	5000	
8601	5000	6500	5000	
8601	5000	7000	12000	
8601	5000	7500	12000	
8601	5000	8000	12000	
8601	5000	8500	12000	
8601	5000	9000	12000	
8601	5000	9500	12000	
8601	12000	0	200	
8601	12000	500	200	
8601	12000	1000	200	
8601	12000	1500	200	
8601	12000	2000	5000	
8601	12000	2500	5000	
8601	12000	3000	12000	
8601	12000	3500	12000	
8601	12000	4000	12000	
8601	12000	4500	12000	
8601	12000	5000	12000	
8601	12000	5500	12000	
8601	12000	6000	12000	
8601	12000	6500	12000	
8601	12000	7000	12000	
8601	12000	7500	12000	
8601	12000	8000	12000	
8601	12000	8500	12000	
8601	12000	9000	12000	
8601	12000	9500	12000	
8601	25000	0	200	
8601	25000	500	200	
8601	25000	1000	200	
8601	25000	1500	200	
8601	25000	2000	5000	
8601	25000	2500	5000	
8601	25000	3000	12000	
8601	25000	3500	12000	
8601	25000	4000	12000	
8601	25000	4500	12000	
8601	25000	5000	12000	
8601	25000	5500	12000	
8601	25000	6000	12000	
8601	25000	6500	12000	
8601	25000	7000	12000	
8601	25000	7500	12000	
8601	25000	8000	12000	
8601	25000	8500	12000	
8601	25000	9000	12000	
8601	25000	9500	25000	
8801	200	0	200	
8801	200	500	200	
8801	200	1000	200	
8801	200	1500	200	
8801	200	2000	200	
8801	200	2500	200	
8801	200	3000	200	
8801	200	3500	200	
8801	200	4000	200	
8801	200	4500	200	
8801	200	5000	2200	
8801	200	5500	2200	
8801	200	6000	5000	
8801	200	6500	5000	
8801	200	7000	12000	
8801	200	7500	12000	
8801	200	8000	12000	
8801	200	8500	12000	
8801	200	9000	12000	
8801	200	9500	12000	
8801	800	0	200	
8801	800	500	200	
8801	800	1000	200	
8801	800	1500	200	
8801	800	2000	200	
8801	800	2500	200	
8801	800	3000	2200	
8801	800	3500	2200	
8801	800	4000	200	
8801	800	4500	200	
8801	800	5000	2200	
8801	800	5500	2200	
8801	800	6000	5000	
8801	800	6500	5000	
8801	800	7000	12000	
8801	800	7500	12000	
8801	800	8000	12000	
8801	800	8500	12000	
8801	800	9000	12000	
8801	800	9500	12000	
8801	2200	0	200	
8801	2200	500	200	
8801	2200	1000	200	
8801	2200	1500	200	
8801	2200	2000	200	
8801	2200	2500	200	
8801	2200	3000	2200	
8801	2200	3500	2200	
8801	2200	4000	200	
8801	2200	4500	200	
8801	2200	5000	2200	
8801	2200	5500	2200	
8801	2200	6000	5000	
8801	2200	6500	5000	
8801	2200	7000	12000	
8801	2200	7500	12000	
8801	2200	8000	12000	
8801	2200	8500	12000	
8801	2200	9000	12000	
8801	2200	9500	12000	
8801	5000	0	200	
8801	5000	500	200	
8801	5000	1000	200	
8801	5000	1500	200	
8801	5000	2000	5000	
8801	5000	2500	5000	
8801	5000	3000	2200	
8801	5000	3500	2200	
8801	5000	4000	5000	
8801	5000	4500	5000	
8801	5000	5000	5000	
8801	5000	5500	5000	
8801	5000	6000	5000	
8801	5000	6500	5000	
8801	5000	7000	12000	
8801	5000	7500	12000	
8801	5000	8000	12000	
8801	5000	8500	12000	
8801	5000	9000	12000	
8801	5000	9500	12000	
8801	12000	0	200	
8801	12000	500	200	
8801	12000	1000	200	
8801	12000	1500	200	
8801	12000	2000	5000	
8801	12000	2500	5000	
8801	12000	3000	12000	
8801	12000	3500	12000	
8801	12000	4000	12000	
8801	12000	4500	12000	
8801	12000	5000	12000	
8801	12000	5500	12000	
8801	12000	6000	12000	
8801	12000	6500	12000	
8801	12000	7000	12000	
8801	12000	7500	12000	
8801	12000	8000	12000	
8801	12000	8500	12000	
8801	12000	9000	12000	
8801	12000	9500	12000	
8801	25000	0	200	
8801	25000	500	200	
8801	25000	1000	200	
8801	25000	1500	200	
8801	25000	2000	5000	
8801	25000	2500	5000	
8801	25000	3000	12000	
8801	25000	3500	12000	
8801	25000	4000	12000	
8801	25000	4500	12000	
8801	25000	5000	12000	
8801	25000	5500	12000	
8801	25000	6000	12000	
8801	25000	6500	12000	
8801	25000	7000	12000	
8801	25000	7500	12000	
8801	25000	8000	12000	
8801	25000	8500	12000	
8801	25000	9000	12000	
8801	25000	9500	25000	
9001	200	0	200	
9001	200	500	200	
9001	200	1000	200	
9001	200	1500	200	
9001	200	2000	200	
9001	200	2500	200	
9001	200	3000	200	
9001	200	3500	200	
9001	200	4000	200	
9001	200	4500	200	
9001	200	5000	2200	
9001	200	5500	2200	
9001	200	6000	5000	
9001	200	6500	5000	
9001	200	7000	12000	
9001	200	7500	12000	
9001	200	8000	12000	
9001	200	8500	12000	
9001	200	9000	12000	
9001	200	9500	12000	
9001	800	0	200	
9001	800	500	200	
9001	800	1000	200	
9001	800	1500	200	
9001	800	2000	200	
9001	800	2500	200	
9001	800	3000	2200	
9001	800	3500	2200	
9001	800	4000	200	
9001	800	4500	200	
9001	800	5000	2200	
9001	800	5500	2200	
9001	800	6000	5000	
9001	800	6500	5000	
9001	800	7000	12000	
9001	800	7500	12000	
9001	800	8000	12000	
9001	800	8500	12000	
9001	800	9000	12000	
9001	800	9500	12000	
9001	2200	0	200	
9001	2200	500	200	
9001	2200	1000	200	
9001	2200	1500	200	
9001	2200	2000	200	
9001	2200	2500	200	
9001	2200	3000	2200	
9001	2200	3500	2200	
9001	2200	4000	200	
9001	2200	4500	200	
9001	2200	5000	2200	
9001	2200	5500	2200	
9001	2200	6000	5000	
9001	2200	6500	5000	
9001	2200	7000	12000	
9001	2200	7500	12000	
9001	2200	8000	12000	
9001	2200	8500	12000	
9001	2200	9000	12000	
9001	2200	9500	12000	
9001	5000	0	200	
9001	5000	500	200	
9001	5000	1000	200	
9001	5000	1500	200	
9001	5000	2000	5000	
9001	5000	2500	5000	
9001	5000	3000	2200	
9001	5000	3500	2200	
9001	5000	4000	5000	
9001	5000	4500	5000	
9001	5000	5000	5000	
9001	5000	5500	5000	
9001	5000	6000	5000	
9001	5000	6500	5000	
9001	5000	7000	12000	
9001	5000	7500	12000	
9001	5000	8000	12000	
9001	5000	8500	12000	
9001	5000	9000	12000	
9001	5000	9500	12000	
9001	12000	0	200	
9001	12000	500	200	
9001	12000	1000	200	
9001	12000	1500	200	
9001	12000	2000	5000	
9001	12000	2500	5000	
9001	12000	3000	12000	
9001	12000	3500	12000	
9001	12000	4000	12000	
9001	12000	4500	12000	
9001	12000	5000	12000	
9001	12000	5500	12000	
9001	12000	6000	12000	
9001	12000	6500	12000	
9001	12000	7000	12000	
9001	12000	7500	12000	
9001	12000	8000	12000	
9001	12000	8500	12000	
9001	12000	9000	12000	
9001	12000	9500	12000	
9001	25000	0	200	
9001	25000	500	200	
9001	25000	1000	200	
9001	25000	1500	200	
9001	25000	2000	5000	
9001	25000	2500	5000	
9001	25000	3000	12000	
9001	25000	3500	12000	
9001	25000	4000	12000	
9001	25000	4500	12000	
9001	25000	5000	12000	
9001	25000	5500	12000	
9001	25000	6000	12000	
9001	25000	6500	12000	
9001	25000	7000	12000	
9001	25000	7500	12000	
9001	25000	8000	12000	
9001	25000	8500	12000	
9001	25000	9000	12000	
9001	25000	9500	25000	
9201	200	0	200	
9201	200	500	200	
9201	200	1000	200	
9201	200	1500	200	
9201	200	2000	200	
9201	200	2500	200	
9201	200	3000	200	
9201	200	3500	200	
9201	200	4000	200	
9201	200	4500	200	
9201	200	5000	2200	
9201	200	5500	2200	
9201	200	6000	5000	
9201	200	6500	5000	
9201	200	7000	12000	
9201	200	7500	12000	
9201	200	8000	12000	
9201	200	8500	12000	
9201	200	9000	12000	
9201	200	9500	12000	
9201	800	0	200	
9201	800	500	200	
9201	800	1000	200	
9201	800	1500	200	
9201	800	2000	200	
9201	800	2500	200	
9201	800	3000	2200	
9201	800	3500	2200	
9201	800	4000	200	
9201	800	4500	200	
9201	800	5000	2200	
9201	800	5500	2200	
9201	800	6000	5000	
9201	800	6500	5000	
9201	800	7000	12000	
9201	800	7500	12000	
9201	800	8000	12000	
9201	800	8500	12000	
9201	800	9000	12000	
9201	800	9500	12000	
9201	2200	0	200	
9201	2200	500	200	
9201	2200	1000	200	
9201	2200	1500	200	
9201	2200	2000	200	
9201	2200	2500	200	
9201	2200	3000	2200	
9201	2200	3500	2200	
9201	2200	4000	200	
9201	2200	4500	200	
9201	2200	5000	2200	
9201	2200	5500	2200	
9201	2200	6000	5000	
9201	2200	6500	5000	
9201	2200	7000	12000	
9201	2200	7500	12000	
9201	2200	8000	12000	
9201	2200	8500	12000	
9201	2200	9000	12000	
9201	2200	9500	12000	
9201	5000	0	200	
9201	5000	500	200	
9201	5000	1000	200	
9201	5000	1500	200	
9201	5000	2000	5000	
9201	5000	2500	5000	
9201	5000	3000	2200	
9201	5000	3500	2200	
9201	5000	4000	5000	
9201	5000	4500	5000	
9201	5000	5000	5000	
9201	5000	5500	5000	
9201	5000	6000	5000	
9201	5000	6500	5000	
9201	5000	7000	12000	
9201	5000	7500	12000	
9201	5000	8000	12000	
9201	5000	8500	12000	
9201	5000	9000	12000	
9201	5000	9500	12000	
9201	12000	0	200	
9201	12000	500	200	
9201	12000	1000	200	
9201	12000	1500	200	
9201	12000	2000	5000	
9201	12000	2500	5000	
9201	12000	3000	12000	
9201	12000	3500	12000	
9201	12000	4000	12000	
9201	12000	4500	12000	
9201	12000	5000	12000	
9201	12000	5500	12000	
9201	12000	6000	12000	
9201	12000	6500	12000	
9201	12000	7000	12000	
9201	12000	7500	12000	
9201	12000	8000	12000	
9201	12000	8500	12000	
9201	12000	9000	12000	
9201	12000	9500	12000	
9201	25000	0	200	
9201	25000	500	200	
9201	25000	1000	200	
9201	25000	1500	200	
9201	25000	2000	5000	
9201	25000	2500	5000	
9201	25000	3000	12000	
9201	25000	3500	12000	
9201	25000	4000	12000	
9201	25000	4500	12000	
9201	25000	5000	12000	
9201	25000	5500	12000	
9201	25000	6000	12000	
9201	25000	6500	12000	
9201	25000	7000	12000	
9201	25000	7500	12000	
9201	25000	8000	12000	
9201	25000	8500	12000	
9201	25000	9000	12000	
9201	25000	9500	25000	
9401	200	0	200	
9401	200	500	200	
9401	200	1000	200	
9401	200	1500	200	
9401	200	2000	200	
9401	200	2500	200	
9401	200	3000	200	
9401	200	3500	200	
9401	200	4000	200	
9401	200	4500	200	
9401	200	5000	2200	
9401	200	5500	2200	
9401	200	6000	5000	
9401	200	6500	5000	
9401	200	7000	12000	
9401	200	7500	12000	
9401	200	8000	12000	
9401	200	8500	12000	
9401	200	9000	12000	
9401	200	9500	12000	
9401	800	0	200	
9401	800	500	200	
9401	800	1000	200	
9401	800	1500	200	
9401	800	2000	200	
9401	800	2500	200	
9401	800	3000	2200	
9401	800	3500	2200	
9401	800	4000	200	
9401	800	4500	200	
9401	800	5000	2200	
9401	800	5500	2200	
9401	800	6000	5000	
9401	800	6500	5000	
9401	800	7000	12000	
9401	800	7500	12000	
9401	800	8000	12000	
9401	800	8500	12000	
9401	800	9000	12000	
9401	800	9500	12000	
9401	2200	0	200	
9401	2200	500	200	
9401	2200	1000	200	
9401	2200	1500	200	
9401	2200	2000	200	
9401	2200	2500	200	
9401	2200	3000	2200	
9401	2200	3500	2200	
9401	2200	4000	200	
9401	2200	4500	200	
9401	2200	5000	2200	
9401	2200	5500	2200	
9401	2200	6000	5000	
9401	2200	6500	5000	
9401	2200	7000	12000	
9401	2200	7500	12000	
9401	2200	8000	12000	
9401	2200	8500	12000	
9401	2200	9000	12000	
9401	2200	9500	12000	
9401	5000	0	200	
9401	5000	500	200	
9401	5000	1000	200	
9401	5000	1500	200	
9401	5000	2000	5000	
9401	5000	2500	5000	
9401	5000	3000	2200	
9401	5000	3500	2200	
9401	5000	4000	5000	
9401	5000	4500	5000	
9401	5000	5000	5000	
9401	5000	5500	5000	
9401	5000	6000	5000	
9401	5000	6500	5000	
9401	5000	7000	12000	
9401	5000	7500	12000	
9401	5000	8000	12000	
9401	5000	8500	12000	
9401	5000	9000	12000	
9401	5000	9500	12000	
9401	12000	0	200	
9401	12000	500	200	
9401	12000	1000	200	
9401	12000	1500	200	
9401	12000	2000	5000	
9401	12000	2500	5000	
9401	12000	3000	12000	
9401	12000	3500	12000	
9401	12000	4000	12000	
9401	12000	4500	12000	
9401	12000	5000	12000	
9401	12000	5500	12000	
9401	12000	6000	12000	
9401	12000	6500	12000	
9401	12000	7000	12000	
9401	12000	7500	12000	
9401	12000	8000	12000	
9401	12000	8500	12000	
9401	12000	9000	12000	
9401	12000	9500	12000	
9401	25000	0	200	
9401	25000	500	200	
9401	25000	1000	200	
9401	25000	1500	200	
9401	25000	2000	5000	
9401	25000	2500	5000	
9401	25000	3000	12000	
9401	25000	3500	12000	
9401	25000	4000	12000	
9401	25000	4500	12000	
9401	25000	5000	12000	
9401	25000	5500	12000	
9401	25000	6000	12000	
9401	25000	6500	12000	
9401	25000	7000	12000	
9401	25000	7500	12000	
9401	25000	8000	12000	
9401	25000	8500	12000	
9401	25000	9000	12000	
9401	25000	9500	25000	
9601	200	0	200	
9601	200	500	200	
9601	200	1000	5000	
9601	200	1500	5000	
9601	200	2000	200	
9601	200	2500	200	
9601	200	3000	5000	
9601	200	3500	5000	
9601	200	4000	200	
9601	200	4500	200	
9601	200	5000	5000	
9601	200	5500	5000	
9601	200	6000	5000	
9601	200	6500	5000	
9601	200	7000	12000	
9601	200	7500	12000	
9601	200	8000	12000	
9601	200	8500	12000	
9601	200	9000	12000	
9601	200	9500	12000	
9601	800	0	200	
9601	800	500	200	
9601	800	1000	5000	
9601	800	1500	5000	
9601	800	2000	200	
9601	800	2500	200	
9601	800	3000	5000	
9601	800	3500	5000	
9601	800	4000	200	
9601	800	4500	200	
9601	800	5000	5000	
9601	800	5500	5000	
9601	800	6000	5000	
9601	800	6500	5000	
9601	800	7000	12000	
9601	800	7500	12000	
9601	800	8000	12000	
9601	800	8500	12000	
9601	800	9000	12000	
9601	800	9500	12000	
9601	2200	0	200	
9601	2200	500	200	
9601	2200	1000	5000	
9601	2200	1500	5000	
9601	2200	2000	5000	
9601	2200	2500	5000	
9601	2200	3000	5000	
9601	2200	3500	5000	
9601	2200	4000	5000	
9601	2200	4500	5000	
9601	2200	5000	5000	
9601	2200	5500	5000	
9601	2200	6000	5000	
9601	2200	6500	5000	
9601	2200	7000	12000	
9601	2200	7500	12000	
9601	2200	8000	12000	
9601	2200	8500	12000	
9601	2200	9000	12000	
9601	2200	9500	12000	
9601	5000	0	200	
9601	5000	500	5000	
9601	5000	1000	5000	
9601	5000	1500	5000	
9601	5000	2000	5000	
9601	5000	2500	5000	
9601	5000	3000	5000	
9601	5000	3500	5000	
9601	5000	4000	5000	
9601	5000	4500	5000	
9601	5000	5000	5000	
9601	5000	5500	5000	
9601	5000	6000	5000	
9601	5000	6500	5000	
9601	5000	7000	12000	
9601	5000	7500	12000	
9601	5000	8000	12000	
9601	5000	8500	12000	
9601	5000	9000	12000	
9601	5000	9500	12000	
9601	12000	0	200	
9601	12000	500	5000	
9601	12000	1000	5000	
9601	12000	1500	5000	
9601	12000	2000	5000	
9601	12000	2500	5000	
9601	12000	3000	5000	
9601	12000	3500	5000	
9601	12000	4000	5000	
9601	12000	4500	5000	
9601	12000	5000	5000	
9601	12000	5500	5000	
9601	12000	6000	12000	
9601	12000	6500	12000	
9601	12000	7000	12000	
9601	12000	7500	12000	
9601	12000	8000	12000	
9601	12000	8500	12000	
9601	12000	9000	12000	
9601	12000	9500	12000	
9601	25000	0	200	
9601	25000	500	5000	
9601	25000	1000	5000	
9601	25000	1500	5000	
9601	25000	2000	5000	
9601	25000	2500	5000	
9601	25000	3000	5000	
9601	25000	3500	5000	
9601	25000	4000	5000	
9601	25000	4500	5000	
9601	25000	5000	5000	
9601	25000	5500	5000	
9601	25000	6000	12000	
9601	25000	6500	12000	
9601	25000	7000	12000	
9601	25000	7500	12000	
9601	25000	8000	12000	
9601	25000	8500	12000	
9601	25000	9000	12000	
9601	25000	9500	25000	
9801	200	0	200	
9801	200	500	200	
9801	200	1000	5000	
9801	200	1500	5000	
9801	200	2000	200	
9801	200	2500	200	
9801	200	3000	5000	
9801	200	3500	5000	
9801	200	4000	200	
9801	200	4500	200	
9801	200	5000	5000	
9801	200	5500	5000	
9801	200	6000	5000	
9801	200	6500	5000	
9801	200	7000	12000	
9801	200	7500	12000	
9801	200	8000	12000	
9801	200	8500	12000	
9801	200	9000	12000	
9801	200	9500	12000	
9801	800	0	200	
9801	800	500	200	
9801	800	1000	5000	
9801	800	1500	5000	
9801	800	2000	200	
9801	800	2500	200	
9801	800	3000	5000	
9801	800	3500	5000	
9801	800	4000	200	
9801	800	4500	200	
9801	800	5000	5000	
9801	800	5500	5000	
9801	800	6000	5000	
9801	800	6500	5000	
9801	800	7000	12000	
9801	800	7500	12000	
9801	800	8000	12000	
9801	800	8500	12000	
9801	800	9000	12000	
9801	800	9500	12000	
9801	2200	0	200	
9801	2200	500	200	
9801	2200	1000	5000	
9801	2200	1500	5000	
9801	2200	2000	5000	
9801	2200	2500	5000	
9801	2200	3000	5000	
9801	2200	3500	5000	
9801	2200	4000	5000	
9801	2200	4500	5000	
9801	2200	5000	5000	
9801	2200	5500	5000	
9801	2200	6000	5000	
9801	2200	6500	5000	
9801	2200	7000	12000	
9801	2200	7500	12000	
9801	2200	8000	12000	
9801	2200	8500	12000	
9801	2200	9000	12000	
9801	2200	9500	12000	
9801	5000	0	200	
9801	5000	500	5000	
9801	5000	1000	5000	
9801	5000	1500	5000	
9801	5000	2000	5000	
9801	5000	2500	5000	
9801	5000	3000	5000	
9801	5000	3500	5000	
9801	5000	4000	5000	
9801	5000	4500	5000	
9801	5000	5000	5000	
9801	5000	5500	5000	
9801	5000	6000	5000	
9801	5000	6500	5000	
9801	5000	7000	12000	
9801	5000	7500	12000	
9801	5000	8000	12000	
9801	5000	8500	12000	
9801	5000	9000	12000	
9801	5000	9500	12000	
9801	12000	0	200	
9801	12000	500	5000	
9801	12000	1000	5000	
9801	12000	1500	5000	
9801	12000	2000	5000	
9801	12000	2500	5000	
9801	12000	3000	5000	
9801	12000	3500	5000	
9801	12000	4000	5000	
9801	12000	4500	5000	
9801	12000	5000	5000	
9801	12000	5500	5000	
9801	12000	6000	12000	
9801	12000	6500	12000	
9801	12000	7000	12000	
9801	12000	7500	12000	
9801	12000	8000	12000	
9801	12000	8500	12000	
9801	12000	9000	12000	
9801	12000	9500	12000	
9801	25000	0	200	
9801	25000	500	5000	
9801	25000	1000	5000	
9801	25000	1500	5000	
9801	25000	2000	5000	
9801	25000	2500	5000	
9801	25000	3000	5000	
9801	25000	3500	5000	
9801	25000	4000	5000	
9801	25000	4500	5000	
9801	25000	5000	5000	
9801	25000	5500	5000	
9801	25000	6000	12000	
9801	25000	6500	12000	
9801	25000	7000	12000	
9801	25000	7500	12000	
9801	25000	8000	12000	
9801	25000	8500	12000	
9801	25000	9000	12000	
9801	25000	9500	25000	
10001	200	0	200	
10001	200	500	200	
10001	200	1000	5000	
10001	200	1500	5000	
10001	200	2000	200	
10001	200	2500	200	
10001	200	3000	5000	
10001	200	3500	5000	
10001	200	4000	200	
10001	200	4500	200	
10001	200	5000	5000	
10001	200	5500	5000	
10001	200	6000	200	
10001	200	6500	200	
10001	200	7000	200	
10001	200	7500	200	
10001	200	8000	200	
10001	200	8500	200	
10001	200	9000	5000	
10001	200	9500	5000	
10001	800	0	200	
10001	800	500	200	
10001	800	1000	5000	
10001	800	1500	5000	
10001	800	2000	200	
10001	800	2500	200	
10001	800	3000	5000	
10001	800	3500	5000	
10001	800	4000	200	
10001	800	4500	200	
10001	800	5000	5000	
10001	800	5500	5000	
10001	800	6000	200	
10001	800	6500	200	
10001	800	7000	200	
10001	800	7500	200	
10001	800	8000	200	
10001	800	8500	200	
10001	800	9000	5000	
10001	800	9500	5000	
10001	2200	0	200	
10001	2200	500	200	
10001	2200	1000	5000	
10001	2200	1500	5000	
10001	2200	2000	5000	
10001	2200	2500	5000	
10001	2200	3000	5000	
10001	2200	3500	5000	
10001	2200	4000	5000	
10001	2200	4500	5000	
10001	2200	5000	5000	
10001	2200	5500	5000	
10001	2200	6000	5000	
10001	2200	6500	5000	
10001	2200	7000	12000	
10001	2200	7500	12000	
10001	2200	8000	200	
10001	2200	8500	200	
10001	2200	9000	5000	
10001	2200	9500	5000	
10001	5000	0	200	
10001	5000	500	5000	
10001	5000	1000	5000	
10001	5000	1500	5000	
10001	5000	2000	5000	
10001	5000	2500	5000	
10001	5000	3000	5000	
10001	5000	3500	5000	
10001	5000	4000	5000	
10001	5000	4500	5000	
10001	5000	5000	5000	
10001	5000	5500	5000	
10001	5000	6000	5000	
10001	5000	6500	5000	
10001	5000	7000	12000	
10001	5000	7500	12000	
10001	5000	8000	12000	
10001	5000	8500	12000	
10001	5000	9000	5000	
10001	5000	9500	5000	
10001	12000	0	200	
10001	12000	500	5000	
10001	12000	1000	5000	
10001	12000	1500	5000	
10001	12000	2000	5000	
10001	12000	2500	5000	
10001	12000	3000	5000	
10001	12000	3500	5000	
10001	12000	4000	5000	
10001	12000	4500	5000	
10001	12000	5000	5000	
10001	12000	5500	5000	
10001	12000	6000	12000	
10001	12000	6500	12000	
10001	12000	7000	12000	
10001	12000	7500	12000	
10001	12000	8000	12000	
10001	12000	8500	12000	
10001	12000	9000	12000	
10001	12000	9500	12000	
10001	25000	0	200	
10001	25000	500	5000	
10001	25000	1000	5000	
10001	25000	1500	5000	
10001	25000	2000	5000	
10001	25000	2500	5000	
10001	25000	3000	5000	
10001	25000	3500	5000	
10001	25000	4000	5000	
10001	25000	4500	25000	
10001	25000	5000	25000	
10001	25000	5500	25000	
10001	25000	6000	12000	
10001	25000	6500	12000	
10001	25000	7000	12000	
10001	25000	7500	12000	
10001	25000	8000	12000	
10001	25000	8500	25000	
10001	25000	9000	25000	
10001	25000	9500	25000	
10201	200	0	200	
10201	200	500	200	
10201	200	1000	5000	
10201	200	1500	5000	
10201	200	2000	200	
10201	200	2500	200	
10201	200	3000	5000	
10201	200	3500	5000	
10201	200	4000	200	
10201	200	4500	200	
10201	200	5000	5000	
10201	200	5500	5000	
10201	200	6000	200	
10201	200	6500	200	
10201	200	7000	200	
10201	200	7500	200	
10201	200	8000	200	
10201	200	8500	200	
10201	200	9000	5000	
10201	200	9500	5000	
10201	800	0	200	
10201	800	500	200	
10201	800	1000	5000	
10201	800	1500	5000	
10201	800	2000	200	
10201	800	2500	200	
10201	800	3000	5000	
10201	800	3500	5000	
10201	800	4000	200	
10201	800	4500	200	
10201	800	5000	5000	
10201	800	5500	5000	
10201	800	6000	200	
10201	800	6500	200	
10201	800	7000	200	
10201	800	7500	200	
10201	800	8000	200	
10201	800	8500	200	
10201	800	9000	5000	
10201	800	9500	5000	
10201	2200	0	200	
10201	2200	500	200	
10201	2200	1000	5000	
10201	2200	1500	5000	
10201	2200	2000	5000	
10201	2200	2500	5000	
10201	2200	3000	5000	
10201	2200	3500	5000	
10201	2200	4000	5000	
10201	2200	4500	5000	
10201	2200	5000	5000	
10201	2200	5500	5000	
10201	2200	6000	5000	
10201	2200	6500	5000	
10201	2200	7000	12000	
10201	2200	7500	12000	
10201	2200	8000	200	
10201	2200	8500	200	
10201	2200	9000	5000	
10201	2200	9500	5000	
10201	5000	0	200	
10201	5000	500	5000	
10201	5000	1000	5000	
10201	5000	1500	5000	
10201	5000	2000	5000	
10201	5000	2500	5000	
10201	5000	3000	5000	
10201	5000	3500	5000	
10201	5000	4000	5000	
10201	5000	4500	5000	
10201	5000	5000	5000	
10201	5000	5500	5000	
10201	5000	6000	5000	
10201	5000	6500	5000	
10201	5000	7000	12000	
10201	5000	7500	12000	
10201	5000	8000	12000	
10201	5000	8500	12000	
10201	5000	9000	5000	
10201	5000	9500	5000	
10201	12000	0	200	
10201	12000	500	5000	
10201	12000	1000	5000	
10201	12000	1500	5000	
10201	12000	2000	5000	
10201	12000	2500	5000	
10201	12000	3000	5000	
10201	12000	3500	5000	
10201	12000	4000	5000	
10201	12000	4500	5000	
10201	12000	5000	5000	
10201	12000	5500	5000	
10201	12000	6000	12000	
10201	12000	6500	12000	
10201	12000	7000	12000	
10201	12000	7500	12000	
10201	12000	8000	12000	
10201	12000	8500	12000	
10201	12000	9000	12000	
10201	12000	9500	12000	
10201	25000	0	200	
10201	25000	500	5000	
10201	25000	1000	5000	
10201	25000	1500	5000	
10201	25000	2000	5000	
10201	25000	2500	5000	
10201	25000	3000	5000	
10201	25000	3500	5000	
10201	25000	4000	5000	
10201	25000	4500	25000	
10201	25000	5000	25000	
10201	25000	5500	25000	
10201	25000	6000	12000	
10201	25000	6500	12000	
10201	25000	7000	12000	
10201	25000	7500	12000	
10201	25000	8000	12000	
10201	25000	8500	25000	
10201	25000	9000	25000	
10201	25000	9500	25000	
10401	200	0	200	
10401	200	500	200	
10401	200	1000	5000	
10401	200	1500	5000	
10401	200	2000	200	
10401	200	2500	200	
10401	200	3000	5000	
10401	200	3500	5000	
10401	200	4000	200	
10401	200	4500	200	
10401	200	5000	5000	
10401	200	5500	5000	
10401	200	6000	200	
10401	200	6500	200	
10401	200	7000	200	
10401	200	7500	200	
10401	200	8000	200	
10401	200	8500	200	
10401	200	9000	5000	
10401	200	9500	5000	
10401	800	0	200	
10401	800	500	200	
10401	800	1000	5000	
10401	800	1500	5000	
10401	800	2000	200	
10401	800	2500	200	
10401	800	3000	5000	
10401	800	3500	5000	
10401	800	4000	200	
10401	800	4500	200	
10401	800	5000	5000	
10401	800	5500	5000	
10401	800	6000	200	
10401	800	6500	200	
10401	800	7000	200	
10401	800	7500	200	
10401	800	8000	200	
10401	800	8500	200	
10401	800	9000	5000	
10401	800	9500	5000	
10401	2200	0	200	
10401	2200	500	200	
10401	2200	1000	5000	
10401	2200	1500	5000	
10401	2200	2000	5000	
10401	2200	2500	5000	
10401	2200	3000	5000	
10401	2200	3500	5000	
10401	2200	4000	5000	
10401	2200	4500	5000	
10401	2200	5000	5000	
10401	2200	5500	5000	
10401	2200	6000	5000	
10401	2200	6500	5000	
10401	2200	7000	12000	
10401	2200	7500	12000	
10401	2200	8000	200	
10401	2200	8500	200	
10401	2200	9000	5000	
10401	2200	9500	5000	
10401	5000	0	200	
10401	5000	500	5000	
10401	5000	1000	5000	
10401	5000	1500	5000	
10401	5000	2000	5000	
10401	5000	2500	5000	
10401	5000	3000	5000	
10401	5000	3500	5000	
10401	5000	4000	5000	
10401	5000	4500	5000	
10401	5000	5000	5000	
10401	5000	5500	5000	
10401	5000	6000	5000	
10401	5000	6500	5000	
10401	5000	7000	12000	
10401	5000	7500	12000	
10401	5000	8000	12000	
10401	5000	8500	12000	
10401	5000	9000	5000	
10401	5000	9500	5000	
10401	12000	0	200	
10401	12000	500	5000	
10401	12000	1000	5000	
10401	12000	1500	5000	
10401	12000	2000	5000	
10401	12000	2500	5000	
10401	12000	3000	5000	
10401	12000	3500	5000	
10401	12000	4000	5000	
10401	12000	4500	5000	
10401	12000	5000	5000	
10401	12000	5500	5000	
10401	12000	6000	12000	
10401	12000	6500	12000	
10401	12000	7000	12000	
10401	12000	7500	12000	
10401	12000	8000	12000	
10401	12000	8500	12000	
10401	12000	9000	12000	
10401	12000	9500	12000	
10401	25000	0	200	
10401	25000	500	5000	
10401	25000	1000	5000	
10401	25000	1500	5000	
10401	25000	2000	5000	
10401	25000	2500	5000	
10401	25000	3000	5000	
10401	25000	3500	5000	
10401	25000	4000	5000	
10401	25000	4500	25000	
10401	25000	5000	25000	
10401	25000	5500	25000	
10401	25000	6000	12000	
10401	25000	6500	12000	
10401	25000	7000	12000	
10401	25000	7500	12000	
10401	25000	8000	12000	
10401	25000	8500	25000	
10401	25000	9000	25000	
10401	25000	9500	25000	
10601	200	0	200	
10601	200	500	200	
10601	200	1000	5000	
10601	200	1500	5000	
10601	200	2000	200	
10601	200	2500	200	
10601	200	3000	5000	
10601	200	3500	5000	
10601	200	4000	200	
10601	200	4500	200	
10601	200	5000	5000	
10601	200	5500	5000	
10601	200	6000	200	
10601	200	6500	200	
10601	200	7000	200	
10601	200	7500	200	
10601	200	8000	200	
10601	200	8500	200	
10601	200	9000	5000	
10601	200	9500	5000	
10601	800	0	200	
10601	800	500	200	
10601	800	1000	5000	
10601	800	1500	5000	
10601	800	2000	200	
10601	800	2500	200	
10601	800	3000	5000	
10601	800	3500	5000	
10601	800	4000	200	
10601	800	4500	200	
10601	800	5000	5000	
10601	800	5500	5000	
10601	800	6000	200	
10601	800	6500	200	
10601	800	7000	200	
10601	800	7500	200	
10601	800	8000	200	
10601	800	8500	200	
10601	800	9000	5000	
10601	800	9500	5000	
10601	2200	0	200	
10601	2200	500	200	
10601	2200	1000	5000	
10601	2200	1500	5000	
10601	2200	2000	5000	
10601	2200	2500	5000	
10601	2200	3000	5000	
10601	2200	3500	5000	
10601	2200	4000	5000	
10601	2200	4500	5000	
10601	2200	5000	5000	
10601	2200	5500	5000	
10601	2200	6000	5000	
10601	2200	6500	5000	
10601	2200	7000	12000	
10601	2200	7500	12000	
10601	2200	8000	200	
10601	2200	8500	200	
10601	2200	9000	5000	
10601	2200	9500	5000	
10601	5000	0	200	
10601	5000	500	5000	
10601	5000	1000	5000	
10601	5000	1500	5000	
10601	5000	2000	5000	
10601	5000	2500	5000	
10601	5000	3000	5000	
10601	5000	3500	5000	
10601	5000	4000	5000	
10601	5000	4500	5000	
10601	5000	5000	5000	
10601	5000	5500	5000	
10601	5000	6000	5000	
10601	5000	6500	5000	
10601	5000	7000	12000	
10601	5000	7500	12000	
10601	5000	8000	12000	
10601	5000	8500	12000	
10601	5000	9000	5000	
10601	5000	9500	5000	
10601	12000	0	200	
10601	12000	500	5000	
10601	12000	1000	5000	
10601	12000	1500	5000	
10601	12000	2000	5000	
10601	12000	2500	5000	
10601	12000	3000	5000	
10601	12000	3500	5000	
10601	12000	4000	5000	
10601	12000	4500	5000	
10601	12000	5000	5000	
10601	12000	5500	5000	
10601	12000	6000	12000	
10601	12000	6500	12000	
10601	12000	7000	12000	
10601	12000	7500	12000	
10601	12000	8000	12000	
10601	12000	8500	12000	
10601	12000	9000	12000	
10601	12000	9500	12000	
10601	25000	0	200	
10601	25000	500	5000	
10601	25000	1000	5000	
10601	25000	1500	5000	
10601	25000	2000	5000	
10601	25000	2500	5000	
10601	25000	3000	5000	
10601	25000	3500	5000	
10601	25000	4000	5000	
10601	25000	4500	25000	
10601	25000	5000	25000	
10601	25000	5500	25000	
10601	25000	6000	12000	
10601	25000	6500	12000	
10601	25000	7000	12000	
10601	25000	7500	12000	
10601	25000	8000	12000	
10601	25000	8500	25000	
10601	25000	9000	25000	
10601	25000	9500	25000	
10801	200	0	200	
10801	200	500	200	
10801	200	1000	5000	
10801	200	1500	5000	
10801	200	2000	200	
10801	200	2500	200	
10801	200	3000	5000	
10801	200	3500	5000	
10801	200	4000	200	
10801	200	4500	200	
10801	200	5000	5000	
10801	200	5500	5000	
10801	200	6000	200	
10801	200	6500	200	
10801	200	7000	200	
10801	200	7500	200	
10801	200	8000	200	
10801	200	8500	200	
10801	200	9000	5000	
10801	200	9500	5000	
10801	800	0	200	
10801	800	500	200	
10801	800	1000	5000	
10801	800	1500	5000	
10801	800	2000	200	
10801	800	2500	200	
10801	800	3000	5000	
10801	800	3500	5000	
10801	800	4000	200	
10801	800	4500	200	
10801	800	5000	5000	
10801	800	5500	5000	
10801	800	6000	200	
10801	800	6500	200	
10801	800	7000	200	
10801	800	7500	200	
10801	800	8000	200	
10801	800	8500	200	
10801	800	9000	5000	
10801	800	9500	5000	
10801	2200	0	200	
10801	2200	500	200	
10801	2200	1000	5000	
10801	2200	1500	5000	
10801	2200	2000	5000	
10801	2200	2500	5000	
10801	2200	3000	5000	
10801	2200	3500	5000	
10801	2200	4000	5000	
10801	2200	4500	5000	
10801	2200	5000	5000	
10801	2200	5500	5000	
10801	2200	6000	5000	
10801	2200	6500	5000	
10801	2200	7000	12000	
10801	2200	7500	12000	
10801	2200	8000	200	
10801	2200	8500	200	
10801	2200	9000	5000	
10801	2200	9500	5000	
10801	5000	0	200	
10801	5000	500	5000	
10801	5000	1000	5000	
10801	5000	1500	5000	
10801	5000	2000	5000	
10801	5000	2500	5000	
10801	5000	3000	5000	
10801	5000	3500	5000	
10801	5000	4000	5000	
10801	5000	4500	5000	
10801	5000	5000	5000	
10801	5000	5500	5000	
10801	5000	6000	5000	
10801	5000	6500	5000	
10801	5000	7000	12000	
10801	5000	7500	12000	
10801	5000	8000	12000	
10801	5000	8500	12000	
10801	5000	9000	5000	
10801	5000	9500	5000	
10801	12000	0	200	
10801	12000	500	5000	
10801	12000	1000	5000	
10801	12000	1500	5000	
10801	12000	2000	5000	
10801	12000	2500	5000	
10801	12000	3000	5000	
10801	12000	3500	5000	
10801	12000	4000	5000	
10801	12000	4500	5000	
10801	12000	5000	5000	
10801	12000	5500	5000	
10801	12000	6000	12000	
10801	12000	6500	12000	
10801	12000	7000	12000	
10801	12000	7500	12000	
10801	12000	8000	12000	
10801	12000	8500	12000	
10801	12000	9000	12000	
10801	12000	9500	12000	
10801	25000	0	200	
10801	25000	500	5000	
10801	25000	1000	5000	
10801	25000	1500	5000	
10801	25000	2000	5000	
10801	25000	2500	5000	
10801	25000	3000	5000	
10801	25000	3500	5000	
10801	25000	4000	5000	
10801	25000	4500	25000	
10801	25000	5000	25000	
10801	25000	5500	25000	
10801	25000	6000	12000	
10801	25000	6500	12000	
10801	25000	7000	12000	
10801	25000	7500	12000	
10801	25000	8000	12000	
10801	25000	8500	25000	
10801	25000	9000	25000	
10801	25000	9500	25000	
11001	200	0	200	
11001	200	500	200	
11001	200	1000	5000	
11001	200	1500	5000	
11001	200	2000	200	
11001	200	2500	200	
11001	200	3000	5000	
11001	200	3500	5000	
11001	200	4000	200	
11001	200	4500	200	
11001	200	5000	5000	
11001	200	5500	5000	
11001	200	6000	200	
11001	200	6500	200	
11001	200	7000	200	
11001	200	7500	200	
11001	200	8000	200	
11001	200	8500	200	
11001	200	9000	5000	
11001	200	9500	5000	
11001	800	0	200	
11001	800	500	200	
11001	800	1000	5000	
11001	800	1500	5000	
11001	800	2000	200	
11001	800	2500	200	
11001	800	3000	5000	
11001	800	3500	5000	
11001	800	4000	200	
11001	800	4500	200	
11001	800	5000	5000	
11001	800	5500	5000	
11001	800	6000	200	
11001	800	6500	200	
11001	800	7000	200	
11001	800	7500	200	
11001	800	8000	200	
11001	800	8500	200	
11001	800	9000	5000	
11001	800	9500	5000	
11001	2200	0	200	
11001	2200	500	200	
11001	2200	1000	5000	
11001	2200	1500	5000	
11001	2200	2000	5000	
11001	2200	2500	5000	
11001	2200	3000	5000	
11001	2200	3500	5000	
11001	2200	4000	5000	
11001	2200	4500	5000	
11001	2200	5000	5000	
11001	2200	5500	5000	
11001	2200	6000	5000	
11001	2200	6500	5000	
11001	2200	7000	12000	
11001	2200	7500	12000	
11001	2200	8000	200	
11001	2200	8500	200	
11001	2200	9000	5000	
11001	2200	9500	5000	
11001	5000	0	200	
11001	5000	500	5000	
11001	5000	1000	5000	
11001	5000	1500	5000	
11001	5000	2000	5000	
11001	5000	2500	5000	
11001	5000	3000	5000	
11001	5000	3500	5000	
11001	5000	4000	5000	
11001	5000	4500	5000	
11001	5000	5000	5000	
11001	5000	5500	5000	
11001	5000	6000	5000	
11001	5000	6500	5000	
11001	5000	7000	12000	
11001	5000	7500	12000	
11001	5000	8000	12000	
11001	5000	8500	12000	
11001	5000	9000	5000	
11001	5000	9500	5000	
11001	12000	0	200	
11001	12000	500	5000	
11001	12000	1000	5000	
11001	12000	1500	5000	
11001	12000	2000	5000	
11001	12000	2500	5000	
11001	12000	3000	5000	
11001	12000	3500	5000	
11001	12000	4000	5000	
11001	12000	4500	5000	
11001	12000	5000	5000	
11001	12000	5500	5000	
11001	12000	6000	12000	
11001	12000	6500	12000	
11001	12000	7000	12000	
11001	12000	7500	12000	
11001	12000	8000	12000	
11001	12000	8500	12000	
11001	12000	9000	12000	
11001	12000	9500	12000	
11001	25000	0	200	
11001	25000	500	5000	
11001	25000	1000	5000	
11001	25000	1500	5000	
11001	25000	2000	5000	
11001	25000	2500	5000	
11001	25000	3000	5000	
11001	25000	3500	5000	
11001	25000	4000	5000	
11001	25000	4500	25000	
11001	25000	5000	25000	
11001	25000	5500	25000	
11001	25000	6000	12000	
11001	25000	6500	12000	
11001	25000	7000	12000	
11001	25000	7500	12000	
11001	25000	8000	12000	
11001	25000	8500	25000	
11001	25000	9000	25000	
11001	25000	9500	25000	
11201	200	0	200	
11201	200	500	200	
11201	200	1000	5000	
11201	200	1500	5000	
11201	200	2000	200	
11201	200	2500	200	
11201	200	3000	5000	
11201	200	3500	5000	
11201	200	4000	200	
11201	200	4500	200	
11201	200	5000	5000	
11201	200	5500	5000	
11201	200	6000	200	
11201	200	6500	200	
11201	200	7000	200	
11201	200	7500	200	
11201	200	8000	200	
11201	200	8500	200	
11201	200	9000	5000	
11201	200	9500	5000	
11201	800	0	200	
11201	800	500	200	
11201	800	1000	5000	
11201	800	1500	5000	
11201	800	2000	200	
11201	800	2500	200	
11201	800	3000	5000	
11201	800	3500	5000	
11201	800	4000	200	
11201	800	4500	200	
11201	800	5000	5000	
11201	800	5500	5000	
11201	800	6000	200	
11201	800	6500	200	
11201	800	7000	200	
11201	800	7500	200	
11201	800	8000	200	
11201	800	8500	200	
11201	800	9000	5000	
11201	800	9500	5000	
11201	2200	0	200	
11201	2200	500	200	
11201	2200	1000	5000	
11201	2200	1500	5000	
11201	2200	2000	5000	
11201	2200	2500	5000	
11201	2200	3000	5000	
11201	2200	3500	5000	
11201	2200	4000	5000	
11201	2200	4500	5000	
11201	2200	5000	5000	
11201	2200	5500	5000	
11201	2200	6000	5000	
11201	2200	6500	5000	
11201	2200	7000	12000	
11201	2200	7500	12000	
11201	2200	8000	200	
11201	2200	8500	200	
11201	2200	9000	5000	
11201	2200	9500	5000	
11201	5000	0	200	
11201	5000	500	5000	
11201	5000	1000	5000	
11201	5000	1500	5000	
11201	5000	2000	5000	
11201	5000	2500	5000	
11201	5000	3000	5000	
11201	5000	3500	5000	
11201	5000	4000	5000	
11201	5000	4500	5000	
11201	5000	5000	5000	
11201	5000	5500	5000	
11201	5000	6000	5000	
11201	5000	6500	5000	
11201	5000	7000	12000	
11201	5000	7500	12000	
11201	5000	8000	12000	
11201	5000	8500	12000	
11201	5000	9000	5000	
11201	5000	9500	5000	
11201	12000	0	200	
11201	12000	500	5000	
11201	12000	1000	5000	
11201	12000	1500	5000	
11201	12000	2000	5000	
11201	12000	2500	5000	
11201	12000	3000	5000	
11201	12000	3500	5000	
11201	12000	4000	5000	
11201	12000	4500	5000	
11201	12000	5000	5000	
11201	12000	5500	5000	
11201	12000	6000	12000	
11201	12000	6500	12000	
11201	12000	7000	12000	
11201	12000	7500	12000	
11201	12000	8000	12000	
11201	12000	8500	12000	
11201	12000	9000	12000	
11201	12000	9500	12000	
11201	25000	0	200	
11201	25000	500	5000	
11201	25000	1000	5000	
11201	25000	1500	5000	
11201	25000	2000	5000	
11201	25000	2500	5000	
11201	25000	3000	5000	
11201	25000	3500	5000	
11201	25000	4000	5000	
11201	25000	4500	25000	
11201	25000	5000	25000	
11201	25000	5500	25000	
11201	25000	6000	12000	
11201	25000	6500	12000	
11201	25000	7000	12000	
11201	25000	7500	12000	
11201	25000	8000	12000	
11201	25000	8500	25000	
11201	25000	9000	25000	
11201	25000	9500	25000	
11401	200	0	200	
11401	200	500	200	
11401	200	1000	5000	
11401	200	1500	5000	
11401	200	2000	200	
11401	200	2500	200	
11401	200	3000	5000	
11401	200	3500	5000	
11401	200	4000	200	
11401	200	4500	200	
11401	200	5000	5000	
11401	200	5500	5000	
11401	200	6000	200	
11401	200	6500	200	
11401	200	7000	200	
11401	200	7500	200	
11401	200	8000	200	
11401	200	8500	200	
11401	200	9000	5000	
11401	200	9500	5000	
11401	800	0	200	
11401	800	500	200	
11401	800	1000	5000	
11401	800	1500	5000	
11401	800	2000	200	
11401	800	2500	200	
11401	800	3000	5000	
11401	800	3500	5000	
11401	800	4000	200	
11401	800	4500	200	
11401	800	5000	5000	
11401	800	5500	5000	
11401	800	6000	200	
11401	800	6500	200	
11401	800	7000	200	
11401	800	7500	200	
11401	800	8000	200	
11401	800	8500	200	
11401	800	9000	5000	
11401	800	9500	5000	
11401	2200	0	200	
11401	2200	500	200	
11401	2200	1000	5000	
11401	2200	1500	5000	
11401	2200	2000	5000	
11401	2200	2500	5000	
11401	2200	3000	5000	
11401	2200	3500	5000	
11401	2200	4000	5000	
11401	2200	4500	5000	
11401	2200	5000	5000	
11401	2200	5500	5000	
11401	2200	6000	5000	
11401	2200	6500	5000	
11401	2200	7000	12000	
11401	2200	7500	12000	
11401	2200	8000	200	
11401	2200	8500	200	
11401	2200	9000	5000	
11401	2200	9500	5000	
11401	5000	0	200	
11401	5000	500	5000	
11401	5000	1000	5000	
11401	5000	1500	5000	
11401	5000	2000	5000	
11401	5000	2500	5000	
11401	5000	3000	5000	
11401	5000	3500	5000	
11401	5000	4000	5000	
11401	5000	4500	5000	
11401	5000	5000	5000	
11401	5000	5500	5000	
11401	5000	6000	5000	
11401	5000	6500	5000	
11401	5000	7000	12000	
11401	5000	7500	12000	
11401	5000	8000	12000	
11401	5000	8500	12000	
11401	5000	9000	5000	
11401	5000	9500	5000	
11401	12000	0	200	
11401	12000	500	5000	
11401	12000	1000	5000	
11401	12000	1500	5000	
11401	12000	2000	5000	
11401	12000	2500	5000	
11401	12000	3000	5000	
11401	12000	3500	5000	
11401	12000	4000	5000	
11401	12000	4500	5000	
11401	12000	5000	5000	
11401	12000	5500	5000	
11401	12000	6000	12000	
11401	12000	6500	12000	
11401	12000	7000	12000	
11401	12000	7500	12000	
11401	12000	8000	12000	
11401	12000	8500	12000	
11401	12000	9000	12000	
11401	12000	9500	12000	
11401	25000	0	200	
11401	25000	500	5000	
11401	25000	1000	5000	
11401	25000	1500	5000	
11401	25000	2000	5000	
11401	25000	2500	5000	
11401	25000	3000	5000	
11401	25000	3500	5000	
11401	25000	4000	5000	
11401	25000	4500	25000	
11401	25000	5000	25000	
11401	25000	5500	25000	
11401	25000	6000	12000	
11401	25000	6500	12000	
11401	25000	7000	12000	
11401	25000	7500	12000	
11401	25000	8000	12000	
11401	25000	8500	25000	
11401	25000	9000	25000	
11401	25000	9500	25000	
11601	200	0	200	
11601	200	500	200	
11601	200	1000	5000	
11601	200	1500	5000	
11601	200	2000	200	
11601	200	2500	200	
11601	200	3000	5000	
11601	200	3500	5000	
11601	200	4000	200	
11601	200	4500	200	
11601	200	5000	5000	
11601	200	5500	5000	
11601	200	6000	200	
11601	200	6500	200	
11601	200	7000	200	
11601	200	7500	200	
11601	200	8000	200	
11601	200	8500	200	
11601	200	9000	5000	
11601	200	9500	5000	
11601	800	0	200	
11601	800	500	200	
11601	800	1000	5000	
11601	800	1500	5000	
11601	800	2000	200	
11601	800	2500	200	
11601	800	3000	5000	
11601	800	3500	5000	
11601	800	4000	200	
11601	800	4500	200	
11601	800	5000	5000	
11601	800	5500	5000	
11601	800	6000	200	
11601	800	6500	200	
11601	800	7000	200	
11601	800	7500	200	
11601	800	8000	200	
11601	800	8500	200	
11601	800	9000	5000	
11601	800	9500	5000	
11601	2200	0	200	
11601	2200	500	200	
11601	2200	1000	5000	
11601	2200	1500	5000	
11601	2200	2000	5000	
11601	2200	2500	5000	
11601	2200	3000	5000	
11601	2200	3500	5000	
11601	2200	4000	5000	
11601	2200	4500	5000	
11601	2200	5000	5000	
11601	2200	5500	5000	
11601	2200	6000	5000	
11601	2200	6500	5000	
11601	2200	7000	12000	
11601	2200	7500	12000	
11601	2200	8000	200	
11601	2200	8500	200	
11601	2200	9000	5000	
11601	2200	9500	5000	
11601	5000	0	200	
11601	5000	500	5000	
11601	5000	1000	5000	
11601	5000	1500	5000	
11601	5000	2000	5000	
11601	5000	2500	5000	
11601	5000	3000	5000	
11601	5000	3500	5000	
11601	5000	4000	5000	
11601	5000	4500	5000	
11601	5000	5000	5000	
11601	5000	5500	5000	
11601	5000	6000	5000	
11601	5000	6500	5000	
11601	5000	7000	12000	
11601	5000	7500	12000	
11601	5000	8000	12000	
11601	5000	8500	12000	
11601	5000	9000	5000	
11601	5000	9500	5000	
11601	12000	0	200	
11601	12000	500	5000	
11601	12000	1000	5000	
11601	12000	1500	5000	
11601	12000	2000	5000	
11601	12000	2500	5000	
11601	12000	3000	5000	
11601	12000	3500	5000	
11601	12000	4000	5000	
11601	12000	4500	5000	
11601	12000	5000	5000	
11601	12000	5500	5000	
11601	12000	6000	12000	
11601	12000	6500	12000	
11601	12000	7000	12000	
11601	12000	7500	12000	
11601	12000	8000	12000	
11601	12000	8500	12000	
11601	12000	9000	12000	
11601	12000	9500	12000	
11601	25000	0	200	
11601	25000	500	5000	
11601	25000	1000	5000	
11601	25000	1500	5000	
11601	25000	2000	5000	
11601	25000	2500	5000	
11601	25000	3000	5000	
11601	25000	3500	5000	
11601	25000	4000	5000	
11601	25000	4500	25000	
11601	25000	5000	25000	
11601	25000	5500	25000	
11601	25000	6000	12000	
11601	25000	6500	12000	
11601	25000	7000	12000	
11601	25000	7500	12000	
11601	25000	8000	12000	
11601	25000	8500	25000	
11601	25000	9000	25000	
11601	25000	9500	25000	
11801	200	0	200	
11801	200	500	200	
11801	200	1000	5000	
11801	200	1500	5000	
11801	200	2000	12000	
11801	200	2500	12000	
11801	200	3000	12000	
11801	200	3500	12000	
11801	200	4000	12000	
11801	200	4500	12000	
11801	200	5000	12000	
11801	200	5500	12000	
11801	200	6000	200	
11801	200	6500	200	
11801	200	7000	5000	
11801	200	7500	5000	
11801	200	8000	12000	
11801	200	8500	12000	
11801	200	9000	200	
11801	200	9500	200	
11801	800	0	200	
11801	800	500	200	
11801	800	1000	5000	
11801	800	1500	5000	
11801	800	2000	12000	
11801	800	2500	12000	
11801	800	3000	12000	
11801	800	3500	12000	
11801	800	4000	12000	
11801	800	4500	12000	
11801	800	5000	12000	
11801	800	5500	12000	
11801	800	6000	200	
11801	800	6500	200	
11801	800	7000	5000	
11801	800	7500	5000	
11801	800	8000	12000	
11801	800	8500	12000	
11801	800	9000	200	
11801	800	9500	200	
11801	2200	0	200	
11801	2200	500	200	
11801	2200	1000	5000	
11801	2200	1500	5000	
11801	2200	2000	12000	
11801	2200	2500	12000	
11801	2200	3000	12000	
11801	2200	3500	12000	
11801	2200	4000	12000	
11801	2200	4500	12000	
11801	2200	5000	12000	
11801	2200	5500	12000	
11801	2200	6000	12000	
11801	2200	6500	12000	
11801	2200	7000	5000	
11801	2200	7500	5000	
11801	2200	8000	12000	
11801	2200	8500	12000	
11801	2200	9000	12000	
11801	2200	9500	12000	
11801	5000	0	200	
11801	5000	500	5000	
11801	5000	1000	5000	
11801	5000	1500	5000	
11801	5000	2000	12000	
11801	5000	2500	12000	
11801	5000	3000	12000	
11801	5000	3500	12000	
11801	5000	4000	12000	
11801	5000	4500	12000	
11801	5000	5000	12000	
11801	5000	5500	12000	
11801	5000	6000	12000	
11801	5000	6500	12000	
11801	5000	7000	5000	
11801	5000	7500	5000	
11801	5000	8000	12000	
11801	5000	8500	12000	
11801	5000	9000	12000	
11801	5000	9500	12000	
11801	12000	0	200	
11801	12000	500	5000	
11801	12000	1000	5000	
11801	12000	1500	12000	
11801	12000	2000	12000	
11801	12000	2500	12000	
11801	12000	3000	12000	
11801	12000	3500	12000	
11801	12000	4000	12000	
11801	12000	4500	12000	
11801	12000	5000	12000	
11801	12000	5500	12000	
11801	12000	6000	12000	
11801	12000	6500	12000	
11801	12000	7000	12000	
11801	12000	7500	12000	
11801	12000	8000	12000	
11801	12000	8500	12000	
11801	12000	9000	12000	
11801	12000	9500	12000	
11801	25000	0	200	
11801	25000	500	5000	
11801	25000	1000	5000	
11801	25000	1500	12000	
11801	25000	2000	12000	
11801	25000	2500	12000	
11801	25000	3000	12000	
11801	25000	3500	12000	
11801	25000	4000	12000	
11801	25000	4500	25000	
11801	25000	5000	25000	
11801	25000	5500	25000	
11801	25000	6000	25000	
11801	25000	6500	25000	
11801	25000	7000	25000	
11801	25000	7500	25000	
11801	25000	8000	25000	
11801	25000	8500	25000	
11801	25000	9000	25000	
11801	25000	9500	25000	
12001	200	0	200	
12001	200	500	200	
12001	200	1000	5000	
12001	200	1500	5000	
12001	200	2000	12000	
12001	200	2500	12000	
12001	200	3000	12000	
12001	200	3500	12000	
12001	200	4000	12000	
12001	200	4500	12000	
12001	200	5000	12000	
12001	200	5500	12000	
12001	200	6000	200	
12001	200	6500	200	
12001	200	7000	5000	
12001	200	7500	5000	
12001	200	8000	12000	
12001	200	8500	12000	
12001	200	9000	200	
12001	200	9500	200	
12001	800	0	200	
12001	800	500	200	
12001	800	1000	5000	
12001	800	1500	5000	
12001	800	2000	12000	
12001	800	2500	12000	
12001	800	3000	12000	
12001	800	3500	12000	
12001	800	4000	12000	
12001	800	4500	12000	
12001	800	5000	12000	
12001	800	5500	12000	
12001	800	6000	200	
12001	800	6500	200	
12001	800	7000	5000	
12001	800	7500	5000	
12001	800	8000	12000	
12001	800	8500	12000	
12001	800	9000	200	
12001	800	9500	200	
12001	2200	0	200	
12001	2200	500	200	
12001	2200	1000	5000	
12001	2200	1500	5000	
12001	2200	2000	12000	
12001	2200	2500	12000	
12001	2200	3000	12000	
12001	2200	3500	12000	
12001	2200	4000	12000	
12001	2200	4500	12000	
12001	2200	5000	12000	
12001	2200	5500	12000	
12001	2200	6000	12000	
12001	2200	6500	12000	
12001	2200	7000	5000	
12001	2200	7500	5000	
12001	2200	8000	12000	
12001	2200	8500	12000	
12001	2200	9000	12000	
12001	2200	9500	12000	
12001	5000	0	200	
12001	5000	500	5000	
12001	5000	1000	5000	
12001	5000	1500	5000	
12001	5000	2000	12000	
12001	5000	2500	12000	
12001	5000	3000	12000	
12001	5000	3500	12000	
12001	5000	4000	12000	
12001	5000	4500	12000	
12001	5000	5000	12000	
12001	5000	5500	12000	
12001	5000	6000	12000	
12001	5000	6500	12000	
12001	5000	7000	5000	
12001	5000	7500	5000	
12001	5000	8000	12000	
12001	5000	8500	12000	
12001	5000	9000	12000	
12001	5000	9500	12000	
12001	12000	0	200	
12001	12000	500	5000	
12001	12000	1000	5000	
12001	12000	1500	12000	
12001	12000	2000	12000	
12001	12000	2500	12000	
12001	12000	3000	12000	
12001	12000	3500	12000	
12001	12000	4000	12000	
12001	12000	4500	12000	
12001	12000	5000	12000	
12001	12000	5500	12000	
12001	12000	6000	12000	
12001	12000	6500	12000	
12001	12000	7000	12000	
12001	12000	7500	12000	
12001	12000	8000	12000	
12001	12000	8500	12000	
12001	12000	9000	12000	
12001	12000	9500	12000	
12001	25000	0	200	
12001	25000	500	5000	
12001	25000	1000	5000	
12001	25000	1500	12000	
12001	25000	2000	12000	
12001	25000	2500	12000	
12001	25000	3000	12000	
12001	25000	3500	12000	
12001	25000	4000	12000	
12001	25000	4500	25000	
12001	25000	5000	25000	
12001	25000	5500	25000	
12001	25000	6000	25000	
12001	25000	6500	25000	
12001	25000	7000	25000	
12001	25000	7500	25000	
12001	25000	8000	25000	
12001	25000	8500	25000	
12001	25000	9000	25000	
12001	25000	9500	25000	
12201	200	0	200	
12201	200	500	200	
12201	200	1000	5000	
12201	200	1500	5000	
12201	200	2000	12000	
12201	200	2500	12000	
12201	200	3000	12000	
12201	200	3500	12000	
12201	200	4000	12000	
12201	200	4500	12000	
12201	200	5000	12000	
12201	200	5500	12000	
12201	200	6000	200	
12201	200	6500	200	
12201	200	7000	5000	
12201	200	7500	5000	
12201	200	8000	12000	
12201	200	8500	12000	
12201	200	9000	200	
12201	200	9500	200	
12201	800	0	200	
12201	800	500	200	
12201	800	1000	5000	
12201	800	1500	5000	
12201	800	2000	12000	
12201	800	2500	12000	
12201	800	3000	12000	
12201	800	3500	12000	
12201	800	4000	12000	
12201	800	4500	12000	
12201	800	5000	12000	
12201	800	5500	12000	
12201	800	6000	200	
12201	800	6500	200	
12201	800	7000	5000	
12201	800	7500	5000	
12201	800	8000	12000	
12201	800	8500	12000	
12201	800	9000	200	
12201	800	9500	200	
12201	2200	0	200	
12201	2200	500	200	
12201	2200	1000	5000	
12201	2200	1500	5000	
12201	2200	2000	12000	
12201	2200	2500	12000	
12201	2200	3000	12000	
12201	2200	3500	12000	
12201	2200	4000	12000	
12201	2200	4500	12000	
12201	2200	5000	12000	
12201	2200	5500	12000	
12201	2200	6000	12000	
12201	2200	6500	12000	
12201	2200	7000	5000	
12201	2200	7500	5000	
12201	2200	8000	12000	
12201	2200	8500	12000	
12201	2200	9000	12000	
12201	2200	9500	12000	
12201	5000	0	200	
12201	5000	500	5000	
12201	5000	1000	5000	
12201	5000	1500	5000	
12201	5000	2000	12000	
12201	5000	2500	12000	
12201	5000	3000	12000	
12201	5000	3500	12000	
12201	5000	4000	12000	
12201	5000	4500	12000	
12201	5000	5000	12000	
12201	5000	5500	12000	
12201	5000	6000	12000	
12201	5000	6500	12000	
12201	5000	7000	5000	
12201	5000	7500	5000	
12201	5000	8000	12000	
12201	5000	8500	12000	
12201	5000	9000	12000	
12201	5000	9500	12000	
12201	12000	0	200	
12201	12000	500	5000	
12201	12000	1000	5000	
12201	12000	1500	12000	
12201	12000	2000	12000	
12201	12000	2500	12000	
12201	12000	3000	12000	
12201	12000	3500	12000	
12201	12000	4000	12000	
12201	12000	4500	12000	
12201	12000	5000	12000	
12201	12000	5500	12000	
12201	12000	6000	12000	
12201	12000	6500	12000	
12201	12000	7000	12000	
12201	12000	7500	12000	
12201	12000	8000	12000	
12201	12000	8500	12000	
12201	12000	9000	12000	
12201	12000	9500	12000	
12201	25000	0	200	
12201	25000	500	5000	
12201	25000	1000	5000	
12201	25000	1500	12000	
12201	25000	2000	12000	
12201	25000	2500	12000	
12201	25000	3000	12000	
12201	25000	3500	12000	
12201	25000	4000	12000	
12201	25000	4500	25000	
12201	25000	5000	25000	
12201	25000	5500	25000	
12201	25000	6000	25000	
12201	25000	6500	25000	
12201	25000	7000	25000	
12201	25000	7500	25000	
12201	25000	8000	25000	
12201	25000	8500	25000	
12201	25000	9000	25000	
12201	25000	9500	25000	
12401	200	0	200	
12401	200	500	200	
12401	200	1000	5000	
12401	200	1500	5000	
12401	200	2000	12000	
12401	200	2500	12000	
12401	200	3000	12000	
12401	200	3500	12000	
12401	200	4000	200	
12401	200	4500	200	
12401	200	5000	200	
12401	200	5500	200	
12401	200	6000	200	
12401	200	6500	200	
12401	200	7000	5000	
12401	200	7500	5000	
12401	200	8000	200	
12401	200	8500	200	
12401	200	9000	5000	
12401	200	9500	5000	
12401	800	0	200	
12401	800	500	200	
12401	800	1000	5000	
12401	800	1500	5000	
12401	800	2000	12000	
12401	800	2500	12000	
12401	800	3000	12000	
12401	800	3500	12000	
12401	800	4000	200	
12401	800	4500	200	
12401	800	5000	200	
12401	800	5500	200	
12401	800	6000	200	
12401	800	6500	200	
12401	800	7000	5000	
12401	800	7500	5000	
12401	800	8000	200	
12401	800	8500	200	
12401	800	9000	5000	
12401	800	9500	5000	
12401	2200	0	200	
12401	2200	500	200	
12401	2200	1000	5000	
12401	2200	1500	5000	
12401	2200	2000	12000	
12401	2200	2500	12000	
12401	2200	3000	12000	
12401	2200	3500	12000	
12401	2200	4000	12000	
12401	2200	4500	12000	
12401	2200	5000	5000	
12401	2200	5500	5000	
12401	2200	6000	12000	
12401	2200	6500	12000	
12401	2200	7000	5000	
12401	2200	7500	5000	
12401	2200	8000	12000	
12401	2200	8500	12000	
12401	2200	9000	5000	
12401	2200	9500	5000	
12401	5000	0	200	
12401	5000	500	5000	
12401	5000	1000	5000	
12401	5000	1500	5000	
12401	5000	2000	12000	
12401	5000	2500	12000	
12401	5000	3000	12000	
12401	5000	3500	12000	
12401	5000	4000	12000	
12401	5000	4500	12000	
12401	5000	5000	5000	
12401	5000	5500	5000	
12401	5000	6000	12000	
12401	5000	6500	12000	
12401	5000	7000	5000	
12401	5000	7500	5000	
12401	5000	8000	12000	
12401	5000	8500	12000	
12401	5000	9000	5000	
12401	5000	9500	5000	
12401	12000	0	200	
12401	12000	500	5000	
12401	12000	1000	5000	
12401	12000	1500	12000	
12401	12000	2000	12000	
12401	12000	2500	12000	
12401	12000	3000	12000	
12401	12000	3500	12000	
12401	12000	4000	12000	
12401	12000	4500	12000	
12401	12000	5000	12000	
12401	12000	5500	12000	
12401	12000	6000	12000	
12401	12000	6500	12000	
12401	12000	7000	12000	
12401	12000	7500	12000	
12401	12000	8000	12000	
12401	12000	8500	12000	
12401	12000	9000	12000	
12401	12000	9500	12000	
12401	25000	0	200	
12401	25000	500	5000	
12401	25000	1000	5000	
12401	25000	1500	12000	
12401	25000	2000	12000	
12401	25000	2500	12000	
12401	25000	3000	12000	
12401	25000	3500	25000	
12401	25000	4000	25000	
12401	25000	4500	25000	
12401	25000	5000	25000	
12401	25000	5500	25000	
12401	25000	6000	25000	
12401	25000	6500	25000	
12401	25000	7000	25000	
12401	25000	7500	25000	
12401	25000	8000	25000	
12401	25000	8500	25000	
12401	25000	9000	25000	
12401	25000	9500	25000	
12601	200	0	200	
12601	200	500	200	
12601	200	1000	5000	
12601	200	1500	5000	
12601	200	2000	12000	
12601	200	2500	12000	
12601	200	3000	12000	
12601	200	3500	12000	
12601	200	4000	200	
12601	200	4500	200	
12601	200	5000	200	
12601	200	5500	200	
12601	200	6000	200	
12601	200	6500	200	
12601	200	7000	5000	
12601	200	7500	5000	
12601	200	8000	200	
12601	200	8500	200	
12601	200	9000	5000	
12601	200	9500	5000	
12601	800	0	200	
12601	800	500	200	
12601	800	1000	5000	
12601	800	1500	5000	
12601	800	2000	12000	
12601	800	2500	12000	
12601	800	3000	12000	
12601	800	3500	12000	
12601	800	4000	200	
12601	800	4500	200	
12601	800	5000	200	
12601	800	5500	200	
12601	800	6000	200	
12601	800	6500	200	
12601	800	7000	5000	
12601	800	7500	5000	
12601	800	8000	200	
12601	800	8500	200	
12601	800	9000	5000	
12601	800	9500	5000	
12601	2200	0	200	
12601	2200	500	200	
12601	2200	1000	5000	
12601	2200	1500	5000	
12601	2200	2000	12000	
12601	2200	2500	12000	
12601	2200	3000	12000	
12601	2200	3500	12000	
12601	2200	4000	12000	
12601	2200	4500	12000	
12601	2200	5000	5000	
12601	2200	5500	5000	
12601	2200	6000	12000	
12601	2200	6500	12000	
12601	2200	7000	5000	
12601	2200	7500	5000	
12601	2200	8000	12000	
12601	2200	8500	12000	
12601	2200	9000	5000	
12601	2200	9500	5000	
12601	5000	0	200	
12601	5000	500	5000	
12601	5000	1000	5000	
12601	5000	1500	5000	
12601	5000	2000	12000	
12601	5000	2500	12000	
12601	5000	3000	12000	
12601	5000	3500	12000	
12601	5000	4000	12000	
12601	5000	4500	12000	
12601	5000	5000	5000	
12601	5000	5500	5000	
12601	5000	6000	12000	
12601	5000	6500	12000	
12601	5000	7000	5000	
12601	5000	7500	5000	
12601	5000	8000	12000	
12601	5000	8500	12000	
12601	5000	9000	5000	
12601	5000	9500	5000	
12601	12000	0	200	
12601	12000	500	5000	
12601	12000	1000	5000	
12601	12000	1500	12000	
12601	12000	2000	12000	
12601	12000	2500	12000	
12601	12000	3000	12000	
12601	12000	3500	12000	
12601	12000	4000	12000	
12601	12000	4500	12000	
12601	12000	5000	12000	
12601	12000	5500	12000	
12601	12000	6000	12000	
12601	12000	6500	12000	
12601	12000	7000	12000	
12601	12000	7500	12000	
12601	12000	8000	12000	
12601	12000	8500	12000	
12601	12000	9000	12000	
12601	12000	9500	12000	
12601	25000	0	200	
12601	25000	500	5000	
12601	25000	1000	5000	
12601	25000	1500	12000	
12601	25000	2000	12000	
12601	25000	2500	12000	
12601	25000	3000	12000	
12601	25000	3500	25000	
12601	25000	4000	25000	
12601	25000	4500	25000	
12601	25000	5000	25000	
12601	25000	5500	25000	
12601	25000	6000	25000	
12601	25000	6500	25000	
12601	25000	7000	25000	
12601	25000	7500	25000	
12601	25000	8000	25000	
12601	25000	8500	25000	
12601	25000	9000	25000	
12601	25000	9500	25000	
12801	200	0	200	
12801	200	500	200	
12801	200	1000	5000	
12801	200	1500	5000	
12801	200	2000	12000	
12801	200	2500	12000	
12801	200	3000	12000	
12801	200	3500	12000	
12801	200	4000	200	
12801	200	4500	200	
12801	200	5000	200	
12801	200	5500	200	
12801	200	6000	200	
12801	200	6500	200	
12801	200	7000	5000	
12801	200	7500	5000	
12801	200	8000	200	
12801	200	8500	200	
12801	200	9000	5000	
12801	200	9500	5000	
12801	800	0	200	
12801	800	500	200	
12801	800	1000	5000	
12801	800	1500	5000	
12801	800	2000	12000	
12801	800	2500	12000	
12801	800	3000	12000	
12801	800	3500	12000	
12801	800	4000	200	
12801	800	4500	200	
12801	800	5000	200	
12801	800	5500	200	
12801	800	6000	200	
12801	800	6500	200	
12801	800	7000	5000	
12801	800	7500	5000	
12801	800	8000	200	
12801	800	8500	200	
12801	800	9000	5000	
12801	800	9500	5000	
12801	2200	0	200	
12801	2200	500	200	
12801	2200	1000	5000	
12801	2200	1500	5000	
12801	2200	2000	12000	
12801	2200	2500	12000	
12801	2200	3000	12000	
12801	2200	3500	12000	
12801	2200	4000	12000	
12801	2200	4500	12000	
12801	2200	5000	5000	
12801	2200	5500	5000	
12801	2200	6000	12000	
12801	2200	6500	12000	
12801	2200	7000	5000	
12801	2200	7500	5000	
12801	2200	8000	12000	
12801	2200	8500	12000	
12801	2200	9000	5000	
12801	2200	9500	5000	
12801	5000	0	200	
12801	5000	500	5000	
12801	5000	1000	5000	
12801	5000	1500	5000	
12801	5000	2000	12000	
12801	5000	2500	12000	
12801	5000	3000	12000	
12801	5000	3500	12000	
12801	5000	4000	12000	
12801	5000	4500	12000	
12801	5000	5000	5000	
12801	5000	5500	5000	
12801	5000	6000	12000	
12801	5000	6500	12000	
12801	5000	7000	5000	
12801	5000	7500	5000	
12801	5000	8000	12000	
12801	5000	8500	12000	
12801	5000	9000	5000	
12801	5000	9500	5000	
12801	12000	0	200	
12801	12000	500	5000	
12801	12000	1000	5000	
12801	12000	1500	12000	
12801	12000	2000	12000	
12801	12000	2500	12000	
12801	12000	3000	12000	
12801	12000	3500	12000	
12801	12000	4000	12000	
12801	12000	4500	12000	
12801	12000	5000	12000	
12801	12000	5500	12000	
12801	12000	6000	12000	
12801	12000	6500	12000	
12801	12000	7000	12000	
12801	12000	7500	12000	
12801	12000	8000	12000	
12801	12000	8500	12000	
12801	12000	9000	12000	
12801	12000	9500	12000	
12801	25000	0	200	
12801	25000	500	5000	
12801	25000	1000	5000	
12801	25000	1500	12000	
12801	25000	2000	12000	
12801	25000	2500	12000	
12801	25000	3000	12000	
12801	25000	3500	25000	
12801	25000	4000	25000	
12801	25000	4500	25000	
12801	25000	5000	25000	
12801	25000	5500	25000	
12801	25000	6000	25000	
12801	25000	6500	25000	
12801	25000	7000	25000	
12801	25000	7500	25000	
12801	25000	8000	25000	
12801	25000	8500	25000	
12801	25000	9000	25000	
12801	25000	9500	25000	
13001	200	0	200	
13001	200	500	200	
13001	200	1000	5000	
13001	200	1500	5000	
13001	200	2000	12000	
13001	200	2500	12000	
13001	200	3000	12000	
13001	200	3500	12000	
13001	200	4000	200	
13001	200	4500	200	
13001	200	5000	200	
13001	200	5500	200	
13001	200	6000	200	
13001	200	6500	200	
13001	200	7000	5000	
13001	200	7500	5000	
13001	200	8000	200	
13001	200	8500	200	
13001	200	9000	5000	
13001	200	9500	5000	
13001	800	0	200	
13001	800	500	200	
13001	800	1000	5000	
13001	800	1500	5000	
13001	800	2000	12000	
13001	800	2500	12000	
13001	800	3000	12000	
13001	800	3500	12000	
13001	800	4000	200	
13001	800	4500	200	
13001	800	5000	200	
13001	800	5500	200	
13001	800	6000	200	
13001	800	6500	200	
13001	800	7000	5000	
13001	800	7500	5000	
13001	800	8000	200	
13001	800	8500	200	
13001	800	9000	5000	
13001	800	9500	5000	
13001	2200	0	200	
13001	2200	500	200	
13001	2200	1000	5000	
13001	2200	1500	5000	
13001	2200	2000	12000	
13001	2200	2500	12000	
13001	2200	3000	12000	
13001	2200	3500	12000	
13001	2200	4000	12000	
13001	2200	4500	12000	
13001	2200	5000	5000	
13001	2200	5500	5000	
13001	2200	6000	12000	
13001	2200	6500	12000	
13001	2200	7000	5000	
13001	2200	7500	5000	
13001	2200	8000	12000	
13001	2200	8500	12000	
13001	2200	9000	5000	
13001	2200	9500	5000	
13001	5000	0	200	
13001	5000	500	5000	
13001	5000	1000	5000	
13001	5000	1500	5000	
13001	5000	2000	12000	
13001	5000	2500	12000	
13001	5000	3000	12000	
13001	5000	3500	12000	
13001	5000	4000	12000	
13001	5000	4500	12000	
13001	5000	5000	5000	
13001	5000	5500	5000	
13001	5000	6000	12000	
13001	5000	6500	12000	
13001	5000	7000	5000	
13001	5000	7500	5000	
13001	5000	8000	12000	
13001	5000	8500	12000	
13001	5000	9000	5000	
13001	5000	9500	5000	
13001	12000	0	200	
13001	12000	500	5000	
13001	12000	1000	5000	
13001	12000	1500	12000	
13001	12000	2000	12000	
13001	12000	2500	12000	
13001	12000	3000	12000	
13001	12000	3500	12000	
13001	12000	4000	12000	
13001	12000	4500	12000	
13001	12000	5000	12000	
13001	12000	5500	12000	
13001	12000	6000	12000	
13001	12000	6500	12000	
13001	12000	7000	12000	
13001	12000	7500	12000	
13001	12000	8000	12000	
13001	12000	8500	12000	
13001	12000	9000	12000	
13001	12000	9500	12000	
13001	25000	0	200	
13001	25000	500	5000	
13001	25000	1000	5000	
13001	25000	1500	12000	
13001	25000	2000	12000	
13001	25000	2500	12000	
13001	25000	3000	12000	
13001	25000	3500	25000	
13001	25000	4000	25000	
13001	25000	4500	25000	
13001	25000	5000	25000	
13001	25000	5500	25000	
13001	25000	6000	25000	
13001	25000	6500	25000	
13001	25000	7000	25000	
13001	25000	7500	25000	
13001	25000	8000	25000	
13001	25000	8500	25000	
13001	25000	9000	25000	
13001	25000	9500	25000	
13201	200	0	200	
13201	200	500	200	
13201	200	1000	5000	
13201	200	1500	5000	
13201	200	2000	12000	
13201	200	2500	12000	
13201	200	3000	12000	
13201	200	3500	12000	
13201	200	4000	200	
13201	200	4500	200	
13201	200	5000	200	
13201	200	5500	200	
13201	200	6000	200	
13201	200	6500	200	
13201	200	7000	5000	
13201	200	7500	5000	
13201	200	8000	200	
13201	200	8500	200	
13201	200	9000	5000	
13201	200	9500	5000	
13201	800	0	200	
13201	800	500	200	
13201	800	1000	5000	
13201	800	1500	5000	
13201	800	2000	12000	
13201	800	2500	12000	
13201	800	3000	12000	
13201	800	3500	12000	
13201	800	4000	200	
13201	800	4500	200	
13201	800	5000	200	
13201	800	5500	200	
13201	800	6000	200	
13201	800	6500	200	
13201	800	7000	5000	
13201	800	7500	5000	
13201	800	8000	200	
13201	800	8500	200	
13201	800	9000	5000	
13201	800	9500	5000	
13201	2200	0	200	
13201	2200	500	200	
13201	2200	1000	5000	
13201	2200	1500	5000	
13201	2200	2000	12000	
13201	2200	2500	12000	
13201	2200	3000	12000	
13201	2200	3500	12000	
13201	2200	4000	12000	
13201	2200	4500	12000	
13201	2200	5000	5000	
13201	2200	5500	5000	
13201	2200	6000	12000	
13201	2200	6500	12000	
13201	2200	7000	5000	
13201	2200	7500	5000	
13201	2200	8000	12000	
13201	2200	8500	12000	
13201	2200	9000	5000	
13201	2200	9500	5000	
13201	5000	0	200	
13201	5000	500	5000	
13201	5000	1000	5000	
13201	5000	1500	5000	
13201	5000	2000	12000	
13201	5000	2500	12000	
13201	5000	3000	12000	
13201	5000	3500	12000	
13201	5000	4000	12000	
13201	5000	4500	12000	
13201	5000	5000	5000	
13201	5000	5500	5000	
13201	5000	6000	12000	
13201	5000	6500	12000	
13201	5000	7000	5000	
13201	5000	7500	5000	
13201	5000	8000	12000	
13201	5000	8500	12000	
13201	5000	9000	5000	
13201	5000	9500	5000	
13201	12000	0	200	
13201	12000	500	5000	
13201	12000	1000	5000	
13201	12000	1500	12000	
13201	12000	2000	12000	
13201	12000	2500	12000	
13201	12000	3000	12000	
13201	12000	3500	12000	
13201	12000	4000	12000	
13201	12000	4500	12000	
13201	12000	5000	12000	
13201	12000	5500	12000	
13201	12000	6000	12000	
13201	12000	6500	12000	
13201	12000	7000	12000	
13201	12000	7500	12000	
13201	12000	8000	12000	
13201	12000	8500	12000	
13201	12000	9000	12000	
13201	12000	9500	12000	
13201	25000	0	200	
13201	25000	500	5000	
13201	25000	1000	5000	
13201	25000	1500	12000	
13201	25000	2000	12000	
13201	25000	2500	12000	
13201	25000	3000	12000	
13201	25000	3500	25000	
13201	25000	4000	25000	
13201	25000	4500	25000	
13201	25000	5000	25000	
13201	25000	5500	25000	
13201	25000	6000	25000	
13201	25000	6500	25000	
13201	25000	7000	25000	
13201	25000	7500	25000	
13201	25000	8000	25000	
13201	25000	8500	25000	
13201	25000	9000	25000	
13201	25000	9500	25000	
13401	200	0	200	
13401	200	500	200	
13401	200	1000	5000	
13401	200	1500	5000	
13401	200	2000	12000	
13401	200	2500	12000	
13401	200	3000	12000	
13401	200	3500	12000	
13401	200	4000	200	
13401	200	4500	200	
13401	200	5000	200	
13401	200	5500	200	
13401	200	6000	200	
13401	200	6500	200	
13401	200	7000	5000	
13401	200	7500	5000	
13401	200	8000	200	
13401	200	8500	200	
13401	200	9000	5000	
13401	200	9500	5000	
13401	800	0	200	
13401	800	500	200	
13401	800	1000	5000	
13401	800	1500	5000	
13401	800	2000	12000	
13401	800	2500	12000	
13401	800	3000	12000	
13401	800	3500	12000	
13401	800	4000	200	
13401	800	4500	200	
13401	800	5000	200	
13401	800	5500	200	
13401	800	6000	200	
13401	800	6500	200	
13401	800	7000	5000	
13401	800	7500	5000	
13401	800	8000	200	
13401	800	8500	200	
13401	800	9000	5000	
13401	800	9500	5000	
13401	2200	0	200	
13401	2200	500	200	
13401	2200	1000	5000	
13401	2200	1500	5000	
13401	2200	2000	12000	
13401	2200	2500	12000	
13401	2200	3000	12000	
13401	2200	3500	12000	
13401	2200	4000	12000	
13401	2200	4500	12000	
13401	2200	5000	5000	
13401	2200	5500	5000	
13401	2200	6000	12000	
13401	2200	6500	12000	
13401	2200	7000	5000	
13401	2200	7500	5000	
13401	2200	8000	12000	
13401	2200	8500	12000	
13401	2200	9000	5000	
13401	2200	9500	5000	
13401	5000	0	200	
13401	5000	500	5000	
13401	5000	1000	5000	
13401	5000	1500	5000	
13401	5000	2000	12000	
13401	5000	2500	12000	
13401	5000	3000	12000	
13401	5000	3500	12000	
13401	5000	4000	12000	
13401	5000	4500	12000	
13401	5000	5000	5000	
13401	5000	5500	5000	
13401	5000	6000	12000	
13401	5000	6500	12000	
13401	5000	7000	5000	
13401	5000	7500	5000	
13401	5000	8000	12000	
13401	5000	8500	12000	
13401	5000	9000	5000	
13401	5000	9500	5000	
13401	12000	0	200	
13401	12000	500	5000	
13401	12000	1000	5000	
13401	12000	1500	12000	
13401	12000	2000	12000	
13401	12000	2500	12000	
13401	12000	3000	12000	
13401	12000	3500	12000	
13401	12000	4000	12000	
13401	12000	4500	12000	
13401	12000	5000	12000	
13401	12000	5500	12000	
13401	12000	6000	12000	
13401	12000	6500	12000	
13401	12000	7000	12000	
13401	12000	7500	12000	
13401	12000	8000	12000	
13401	12000	8500	12000	
13401	12000	9000	12000	
13401	12000	9500	12000	
13401	25000	0	200	
13401	25000	500	5000	
13401	25000	1000	5000	
13401	25000	1500	12000	
13401	25000	2000	12000	
13401	25000	2500	12000	
13401	25000	3000	12000	
13401	25000	3500	25000	
13401	25000	4000	25000	
13401	25000	4500	25000	
13401	25000	5000	25000	
13401	25000	5500	25000	
13401	25000	6000	25000	
13401	25000	6500	25000	
13401	25000	7000	25000	
13401	25000	7500	25000	
13401	25000	8000	25000	
13401	25000	8500	25000	
13401	25000	9000	25000	
13401	25000	9500	25000	
13601	200	0	200	
13601	200	500	200	
13601	200	1000	5000	
13601	200	1500	5000	
13601	200	2000	12000	
13601	200	2500	12000	
13601	200	3000	12000	
13601	200	3500	12000	
13601	200	4000	200	
13601	200	4500	200	
13601	200	5000	200	
13601	200	5500	200	
13601	200	6000	200	
13601	200	6500	200	
13601	200	7000	5000	
13601	200	7500	5000	
13601	200	8000	200	
13601	200	8500	200	
13601	200	9000	5000	
13601	200	9500	5000	
13601	800	0	200	
13601	800	500	200	
13601	800	1000	5000	
13601	800	1500	5000	
13601	800	2000	12000	
13601	800	2500	12000	
13601	800	3000	12000	
13601	800	3500	12000	
13601	800	4000	200	
13601	800	4500	200	
13601	800	5000	200	
13601	800	5500	200	
13601	800	6000	200	
13601	800	6500	200	
13601	800	7000	5000	
13601	800	7500	5000	
13601	800	8000	200	
13601	800	8500	200	
13601	800	9000	5000	
13601	800	9500	5000	
13601	2200	0	200	
13601	2200	500	200	
13601	2200	1000	5000	
13601	2200	1500	5000	
13601	2200	2000	12000	
13601	2200	2500	12000	
13601	2200	3000	12000	
13601	2200	3500	12000	
13601	2200	4000	12000	
13601	2200	4500	12000	
13601	2200	5000	5000	
13601	2200	5500	5000	
13601	2200	6000	12000	
13601	2200	6500	12000	
13601	2200	7000	5000	
13601	2200	7500	5000	
13601	2200	8000	12000	
13601	2200	8500	12000	
13601	2200	9000	5000	
13601	2200	9500	5000	
13601	5000	0	200	
13601	5000	500	5000	
13601	5000	1000	5000	
13601	5000	1500	5000	
13601	5000	2000	12000	
13601	5000	2500	12000	
13601	5000	3000	12000	
13601	5000	3500	12000	
13601	5000	4000	12000	
13601	5000	4500	12000	
13601	5000	5000	5000	
13601	5000	5500	5000	
13601	5000	6000	12000	
13601	5000	6500	12000	
13601	5000	7000	5000	
13601	5000	7500	5000	
13601	5000	8000	12000	
13601	5000	8500	12000	
13601	5000	9000	5000	
13601	5000	9500	5000	
13601	12000	0	200	
13601	12000	500	5000	
13601	12000	1000	5000	
13601	12000	1500	12000	
13601	12000	2000	12000	
13601	12000	2500	12000	
13601	12000	3000	12000	
13601	12000	3500	12000	
13601	12000	4000	12000	
13601	12000	4500	12000	
13601	12000	5000	12000	
13601	12000	5500	12000	
13601	12000	6000	12000	
13601	12000	6500	12000	
13601	12000	7000	12000	
13601	12000	7500	12000	
13601	12000	8000	12000	
13601	12000	8500	12000	
13601	12000	9000	12000	
13601	12000	9500	12000	
13601	25000	0	200	
13601	25000	500	5000	
13601	25000	1000	5000	
13601	25000	1500	12000	
13601	25000	2000	12000	
13601	25000	2500	12000	
13601	25000	3000	12000	
13601	25000	3500	25000	
13601	25000	4000	25000	
13601	25000	4500	25000	
13601	25000	5000	25000	
13601	25000	5500	25000	
13601	25000	6000	25000	
13601	25000	6500	25000	
13601	25000	7000	25000	
13601	25000	7500	25000	
13601	25000	8000	25000	
13601	25000	8500	25000	
13601	25000	9000	25000	
13601	25000	9500	25000	
13801	200	0	200	
13801	200	500	200	
13801	200	1000	5000	
13801	200	1500	5000	
13801	200	2000	12000	
13801	200	2500	12000	
13801	200	3000	12000	
13801	200	3500	12000	
13801	200	4000	200	
13801	200	4500	200	
13801	200	5000	200	
13801	200	5500	200	
13801	200	6000	200	
13801	200	6500	200	
13801	200	7000	5000	
13801	200	7500	5000	
13801	200	8000	200	
13801	200	8500	200	
13801	200	9000	5000	
13801	200	9500	5000	
13801	800	0	200	
13801	800	500	200	
13801	800	1000	5000	
13801	800	1500	5000	
13801	800	2000	12000	
13801	800	2500	12000	
13801	800	3000	12000	
13801	800	3500	12000	
13801	800	4000	200	
13801	800	4500	200	
13801	800	5000	200	
13801	800	5500	200	
13801	800	6000	200	
13801	800	6500	200	
13801	800	7000	5000	
13801	800	7500	5000	
13801	800	8000	200	
13801	800	8500	200	
13801	800	9000	5000	
13801	800	9500	5000	
13801	2200	0	200	
13801	2200	500	200	
13801	2200	1000	5000	
13801	2200	1500	5000	
13801	2200	2000	12000	
13801	2200	2500	12000	
13801	2200	3000	12000	
13801	2200	3500	12000	
13801	2200	4000	12000	
13801	2200	4500	12000	
13801	2200	5000	5000	
13801	2200	5500	5000	
13801	2200	6000	12000	
13801	2200	6500	12000	
13801	2200	7000	5000	
13801	2200	7500	5000	
13801	2200	8000	12000	
13801	2200	8500	12000	
13801	2200	9000	5000	
13801	2200	9500	5000	
13801	5000	0	200	
13801	5000	500	5000	
13801	5000	1000	5000	
13801	5000	1500	5000	
13801	5000	2000	12000	
13801	5000	2500	12000	
13801	5000	3000	12000	
13801	5000	3500	12000	
13801	5000	4000	12000	
13801	5000	4500	12000	
13801	5000	5000	5000	
13801	5000	5500	5000	
13801	5000	6000	12000	
13801	5000	6500	12000	
13801	5000	7000	5000	
13801	5000	7500	5000	
13801	5000	8000	12000	
13801	5000	8500	12000	
13801	5000	9000	5000	
13801	5000	9500	5000	
13801	12000	0	200	
13801	12000	500	5000	
13801	12000	1000	5000	
13801	12000	1500	12000	
13801	12000	2000	12000	
13801	12000	2500	12000	
13801	12000	3000	12000	
13801	12000	3500	12000	
13801	12000	4000	12000	
13801	12000	4500	12000	
13801	12000	5000	12000	
13801	12000	5500	12000	
13801	12000	6000	12000	
13801	12000	6500	12000	
13801	12000	7000	12000	
13801	12000	7500	12000	
13801	12000	8000	12000	
13801	12000	8500	12000	
13801	12000	9000	12000	
13801	12000	9500	12000	
13801	25000	0	200	
13801	25000	500	5000	
13801	25000	1000	5000	
13801	25000	1500	12000	
13801	25000	2000	12000	
13801	25000	2500	12000	
13801	25000	3000	12000	
13801	25000	3500	25000	
13801	25000	4000	25000	
13801	25000	4500	25000	
13801	25000	5000	25000	
13801	25000	5500	25000	
13801	25000	6000	25000	
13801	25000	6500	25000	
13801	25000	7000	25000	
13801	25000	7500	25000	
13801	25000	8000	25000	
13801	25000	8500	25000	
13801	25000	9000	25000	
13801	25000	9500	25000	
14001	200	0	200	
14001	200	500	200	
14001	200	1000	5000	
14001	200	1500	5000	
14001	200	2000	12000	
14001	200	2500	12000	
14001	200	3000	12000	
14001	200	3500	12000	
14001	200	4000	200	
14001	200	4500	200	
14001	200	5000	200	
14001	200	5500	200	
14001	200	6000	200	
14001	200	6500	200	
14001	200	7000	5000	
14001	200	7500	5000	
14001	200	8000	200	
14001	200	8500	200	
14001	200	9000	5000	
14001	200	9500	5000	
14001	800	0	200	
14001	800	500	200	
14001	800	1000	5000	
14001	800	1500	5000	
14001	800	2000	12000	
14001	800	2500	12000	
14001	800	3000	12000	
14001	800	3500	12000	
14001	800	4000	200	
14001	800	4500	200	
14001	800	5000	200	
14001	800	5500	200	
14001	800	6000	200	
14001	800	6500	200	
14001	800	7000	5000	
14001	800	7500	5000	
14001	800	8000	200	
14001	800	8500	200	
14001	800	9000	5000	
14001	800	9500	5000	
14001	2200	0	200	
14001	2200	500	200	
14001	2200	1000	5000	
14001	2200	1500	5000	
14001	2200	2000	12000	
14001	2200	2500	12000	
14001	2200	3000	12000	
14001	2200	3500	12000	
14001	2200	4000	12000	
14001	2200	4500	12000	
14001	2200	5000	5000	
14001	2200	5500	5000	
14001	2200	6000	12000	
14001	2200	6500	12000	
14001	2200	7000	5000	
14001	2200	7500	5000	
14001	2200	8000	12000	
14001	2200	8500	12000	
14001	2200	9000	5000	
14001	2200	9500	5000	
14001	5000	0	200	
14001	5000	500	5000	
14001	5000	1000	5000	
14001	5000	1500	5000	
14001	5000	2000	12000	
14001	5000	2500	12000	
14001	5000	3000	12000	
14001	5000	3500	12000	
14001	5000	4000	12000	
14001	5000	4500	12000	
14001	5000	5000	5000	
14001	5000	5500	5000	
14001	5000	6000	12000	
14001	5000	6500	12000	
14001	5000	7000	5000	
14001	5000	7500	5000	
14001	5000	8000	12000	
14001	5000	8500	12000	
14001	5000	9000	5000	
14001	5000	9500	5000	
14001	12000	0	200	
14001	12000	500	5000	
14001	12000	1000	5000	
14001	12000	1500	12000	
14001	12000	2000	12000	
14001	12000	2500	12000	
14001	12000	3000	12000	
14001	12000	3500	12000	
14001	12000	4000	12000	
14001	12000	4500	12000	
14001	12000	5000	12000	
14001	12000	5500	12000	
14001	12000	6000	12000	
14001	12000	6500	12000	
14001	12000	7000	12000	
14001	12000	7500	12000	
14001	12000	8000	12000	
14001	12000	8500	12000	
14001	12000	9000	12000	
14001	12000	9500	12000	
14001	25000	0	200	
14001	25000	500	5000	
14001	25000	1000	5000	
14001	25000	1500	12000	
14001	25000	2000	12000	
14001	25000	2500	12000	
14001	25000	3000	12000	
14001	25000	3500	25000	
14001	25000	4000	25000	
14001	25000	4500	25000	
14001	25000	5000	25000	
14001	25000	5500	25000	
14001	25000	6000	25000	
14001	25000	6500	25000	
14001	25000	7000	25000	
14001	25000	7500	25000	
14001	25000	8000	25000	
14001	25000	8500	25000	
14001	25000	9000	25000	
14001	25000	9500	25000	
14201	200	0	200	
14201	200	500	200	
14201	200	1000	5000	
14201	200	1500	5000	
14201	200	2000	12000	
14201	200	2500	12000	
14201	200	3000	12000	
14201	200	3500	12000	
14201	200	4000	200	
14201	200	4500	200	
14201	200	5000	200	
14201	200	5500	200	
14201	200	6000	200	
14201	200	6500	200	
14201	200	7000	5000	
14201	200	7500	5000	
14201	200	8000	200	
14201	200	8500	200	
14201	200	9000	5000	
14201	200	9500	5000	
14201	800	0	200	
14201	800	500	200	
14201	800	1000	5000	
14201	800	1500	5000	
14201	800	2000	12000	
14201	800	2500	12000	
14201	800	3000	12000	
14201	800	3500	12000	
14201	800	4000	200	
14201	800	4500	200	
14201	800	5000	200	
14201	800	5500	200	
14201	800	6000	200	
14201	800	6500	200	
14201	800	7000	5000	
14201	800	7500	5000	
14201	800	8000	200	
14201	800	8500	200	
14201	800	9000	5000	
14201	800	9500	5000	
14201	2200	0	200	
14201	2200	500	200	
14201	2200	1000	5000	
14201	2200	1500	5000	
14201	2200	2000	12000	
14201	2200	2500	12000	
14201	2200	3000	12000	
14201	2200	3500	12000	
14201	2200	4000	12000	
14201	2200	4500	12000	
14201	2200	5000	5000	
14201	2200	5500	5000	
14201	2200	6000	12000	
14201	2200	6500	12000	
14201	2200	7000	5000	
14201	2200	7500	5000	
14201	2200	8000	12000	
14201	2200	8500	12000	
14201	2200	9000	5000	
14201	2200	9500	5000	
14201	5000	0	200	
14201	5000	500	5000	
14201	5000	1000	5000	
14201	5000	1500	5000	
14201	5000	2000	12000	
14201	5000	2500	12000	
14201	5000	3000	12000	
14201	5000	3500	12000	
14201	5000	4000	12000	
14201	5000	4500	12000	
14201	5000	5000	5000	
14201	5000	5500	5000	
14201	5000	6000	12000	
14201	5000	6500	12000	
14201	5000	7000	5000	
14201	5000	7500	5000	
14201	5000	8000	12000	
14201	5000	8500	12000	
14201	5000	9000	5000	
14201	5000	9500	5000	
14201	12000	0	200	
14201	12000	500	5000	
14201	12000	1000	5000	
14201	12000	1500	12000	
14201	12000	2000	12000	
14201	12000	2500	12000	
14201	12000	3000	12000	
14201	12000	3500	12000	
14201	12000	4000	12000	
14201	12000	4500	12000	
14201	12000	5000	12000	
14201	12000	5500	12000	
14201	12000	6000	12000	
14201	12000	6500	12000	
14201	12000	7000	12000	
14201	12000	7500	12000	
14201	12000	8000	12000	
14201	12000	8500	12000	
14201	12000	9000	12000	
14201	12000	9500	12000	
14201	25000	0	200	
14201	25000	500	5000	
14201	25000	1000	5000	
14201	25000	1500	12000	
14201	25000	2000	12000	
14201	25000	2500	12000	
14201	25000	3000	12000	
14201	25000	3500	25000	
14201	25000	4000	25000	
14201	25000	4500	25000	
14201	25000	5000	25000	
14201	25000	5500	25000	
14201	25000	6000	25000	
14201	25000	6500	25000	
14201	25000	7000	25000	
14201	25000	7500	25000	
14201	25000	8000	25000	
14201	25000	8500	25000	
14201	25000	9000	25000	
14201	25000	9500	25000	
14401	200	0	200	
14401	200	500	200	
14401	200	1000	5000	
14401	200	1500	5000	
14401	200	2000	12000	
14401	200	2500	12000	
14401	200	3000	12000	
14401	200	3500	12000	
14401	200	4000	200	
14401	200	4500	200	
14401	200	5000	200	
14401	200	5500	200	
14401	200	6000	200	
14401	200	6500	200	
14401	200	7000	5000	
14401	200	7500	5000	
14401	200	8000	200	
14401	200	8500	200	
14401	200	9000	5000	
14401	200	9500	5000	
14401	800	0	200	
14401	800	500	200	
14401	800	1000	5000	
14401	800	1500	5000	
14401	800	2000	12000	
14401	800	2500	12000	
14401	800	3000	12000	
14401	800	3500	12000	
14401	800	4000	200	
14401	800	4500	200	
14401	800	5000	200	
14401	800	5500	200	
14401	800	6000	200	
14401	800	6500	200	
14401	800	7000	5000	
14401	800	7500	5000	
14401	800	8000	200	
14401	800	8500	200	
14401	800	9000	5000	
14401	800	9500	5000	
14401	2200	0	200	
14401	2200	500	200	
14401	2200	1000	5000	
14401	2200	1500	5000	
14401	2200	2000	12000	
14401	2200	2500	12000	
14401	2200	3000	12000	
14401	2200	3500	12000	
14401	2200	4000	12000	
14401	2200	4500	12000	
14401	2200	5000	5000	
14401	2200	5500	5000	
14401	2200	6000	12000	
14401	2200	6500	12000	
14401	2200	7000	5000	
14401	2200	7500	5000	
14401	2200	8000	12000	
14401	2200	8500	12000	
14401	2200	9000	5000	
14401	2200	9500	5000	
14401	5000	0	200	
14401	5000	500	5000	
14401	5000	1000	5000	
14401	5000	1500	5000	
14401	5000	2000	12000	
14401	5000	2500	12000	
14401	5000	3000	12000	
14401	5000	3500	12000	
14401	5000	4000	12000	
14401	5000	4500	12000	
14401	5000	5000	5000	
14401	5000	5500	5000	
14401	5000	6000	12000	
14401	5000	6500	12000	
14401	5000	7000	5000	
14401	5000	7500	5000	
14401	5000	8000	12000	
14401	5000	8500	12000	
14401	5000	9000	5000	
14401	5000	9500	5000	
14401	12000	0	200	
14401	12000	500	5000	
14401	12000	1000	5000	
14401	12000	1500	12000	
14401	12000	2000	12000	
14401	12000	2500	12000	
14401	12000	3000	12000	
14401	12000	3500	12000	
14401	12000	4000	12000	
14401	12000	4500	12000	
14401	12000	5000	12000	
14401	12000	5500	12000	
14401	12000	6000	12000	
14401	12000	6500	12000	
14401	12000	7000	12000	
14401	12000	7500	12000	
14401	12000	8000	12000	
14401	12000	8500	12000	
14401	12000	9000	12000	
14401	12000	9500	12000	
14401	25000	0	200	
14401	25000	500	5000	
14401	25000	1000	5000	
14401	25000	1500	12000	
14401	25000	2000	12000	
14401	25000	2500	12000	
14401	25000	3000	12000	
14401	25000	3500	25000	
14401	25000	4000	25000	
14401	25000	4500	25000	
14401	25000	5000	25000	
14401	25000	5500	25000	
14401	25000	6000	25000	
14401	25000	6500	25000	
14401	25000	7000	25000	
14401	25000	7500	25000	
14401	25000	8000	25000	
14401	25000	8500	25000	
14401	25000	9000	25000	
14401	25000	9500	25000	
14601	200	0	200	
14601	200	500	200	
14601	200	1000	5000	
14601	200	1500	5000	
14601	200	2000	12000	
14601	200	2500	12000	
14601	200	3000	12000	
14601	200	3500	12000	
14601	200	4000	200	
14601	200	4500	200	
14601	200	5000	200	
14601	200	5500	200	
14601	200	6000	200	
14601	200	6500	200	
14601	200	7000	5000	
14601	200	7500	5000	
14601	200	8000	200	
14601	200	8500	200	
14601	200	9000	5000	
14601	200	9500	5000	
14601	800	0	200	
14601	800	500	200	
14601	800	1000	5000	
14601	800	1500	5000	
14601	800	2000	12000	
14601	800	2500	12000	
14601	800	3000	12000	
14601	800	3500	12000	
14601	800	4000	200	
14601	800	4500	200	
14601	800	5000	200	
14601	800	5500	200	
14601	800	6000	200	
14601	800	6500	200	
14601	800	7000	5000	
14601	800	7500	5000	
14601	800	8000	200	
14601	800	8500	200	
14601	800	9000	5000	
14601	800	9500	5000	
14601	2200	0	200	
14601	2200	500	200	
14601	2200	1000	5000	
14601	2200	1500	5000	
14601	2200	2000	12000	
14601	2200	2500	12000	
14601	2200	3000	12000	
14601	2200	3500	12000	
14601	2200	4000	12000	
14601	2200	4500	12000	
14601	2200	5000	5000	
14601	2200	5500	5000	
14601	2200	6000	12000	
14601	2200	6500	12000	
14601	2200	7000	5000	
14601	2200	7500	5000	
14601	2200	8000	12000	
14601	2200	8500	12000	
14601	2200	9000	5000	
14601	2200	9500	5000	
14601	5000	0	200	
14601	5000	500	5000	
14601	5000	1000	5000	
14601	5000	1500	5000	
14601	5000	2000	12000	
14601	5000	2500	12000	
14601	5000	3000	12000	
14601	5000	3500	12000	
14601	5000	4000	12000	
14601	5000	4500	12000	
14601	5000	5000	5000	
14601	5000	5500	5000	
14601	5000	6000	12000	
14601	5000	6500	12000	
14601	5000	7000	5000	
14601	5000	7500	5000	
14601	5000	8000	12000	
14601	5000	8500	12000	
14601	5000	9000	5000	
14601	5000	9500	5000	
14601	12000	0	200	
14601	12000	500	5000	
14601	12000	1000	5000	
14601	12000	1500	12000	
14601	12000	2000	12000	
14601	12000	2500	12000	
14601	12000	3000	12000	
14601	12000	3500	12000	
14601	12000	4000	12000	
14601	12000	4500	12000	
14601	12000	5000	12000	
14601	12000	5500	12000	
14601	12000	6000	12000	
14601	12000	6500	12000	
14601	12000	7000	12000	
14601	12000	7500	12000	
14601	12000	8000	12000	
14601	12000	8500	12000	
14601	12000	9000	12000	
14601	12000	9500	12000	
14601	25000	0	200	
14601	25000	500	5000	
14601	25000	1000	5000	
14601	25000	1500	12000	
14601	25000	2000	12000	
14601	25000	2500	12000	
14601	25000	3000	12000	
14601	25000	3500	25000	
14601	25000	4000	25000	
14601	25000	4500	25000	
14601	25000	5000	25000	
14601	25000	5500	25000	
14601	25000	6000	25000	
14601	25000	6500	25000	
14601	25000	7000	25000	
14601	25000	7500	25000	
14601	25000	8000	25000	
14601	25000	8500	25000	
14601	25000	9000	25000	
14601	25000	9500	25000	
14801	200	0	200	
14801	200	500	200	
14801	200	1000	5000	
14801	200	1500	5000	
14801	200	2000	12000	
14801	200	2500	12000	
14801	200	3000	12000	
14801	200	3500	12000	
14801	200	4000	200	
14801	200	4500	200	
14801	200	5000	200	
14801	200	5500	200	
14801	200	6000	200	
14801	200	6500	200	
14801	200	7000	5000	
14801	200	7500	5000	
14801	200	8000	200	
14801	200	8500	200	
14801	200	9000	5000	
14801	200	9500	5000	
14801	800	0	200	
14801	800	500	200	
14801	800	1000	5000	
14801	800	1500	5000	
14801	800	2000	12000	
14801	800	2500	12000	
14801	800	3000	12000	
14801	800	3500	12000	
14801	800	4000	200	
14801	800	4500	200	
14801	800	5000	200	
14801	800	5500	200	
14801	800	6000	200	
14801	800	6500	200	
14801	800	7000	5000	
14801	800	7500	5000	
14801	800	8000	200	
14801	800	8500	200	
14801	800	9000	5000	
14801	800	9500	5000	
14801	2200	0	200	
14801	2200	500	200	
14801	2200	1000	5000	
14801	2200	1500	5000	
14801	2200	2000	12000	
14801	2200	2500	12000	
14801	2200	3000	12000	
14801	2200	3500	12000	
14801	2200	4000	12000	
14801	2200	4500	12000	
14801	2200	5000	5000	
14801	2200	5500	5000	
14801	2200	6000	12000	
14801	2200	6500	12000	
14801	2200	7000	5000	
14801	2200	7500	5000	
14801	2200	8000	12000	
14801	2200	8500	12000	
14801	2200	9000	5000	
14801	2200	9500	5000	
14801	5000	0	200	
14801	5000	500	5000	
14801	5000	1000	5000	
14801	5000	1500	5000	
14801	5000	2000	12000	
14801	5000	2500	12000	
14801	5000	3000	12000	
14801	5000	3500	12000	
14801	5000	4000	12000	
14801	5000	4500	12000	
14801	5000	5000	5000	
14801	5000	5500	5000	
14801	5000	6000	12000	
14801	5000	6500	12000	
14801	5000	7000	5000	
14801	5000	7500	5000	
14801	5000	8000	12000	
14801	5000	8500	12000	
14801	5000	9000	5000	
14801	5000	9500	5000	
14801	12000	0	200	
14801	12000	500	5000	
14801	12000	1000	5000	
14801	12000	1500	12000	
14801	12000	2000	12000	
14801	12000	2500	12000	
14801	12000	3000	12000	
14801	12000	3500	12000	
14801	12000	4000	12000	
14801	12000	4500	12000	
14801	12000	5000	12000	
14801	12000	5500	12000	
14801	12000	6000	12000	
14801	12000	6500	12000	
14801	12000	7000	12000	
14801	12000	7500	12000	
14801	12000	8000	12000	
14801	12000	8500	12000	
14801	12000	9000	12000	
14801	12000	9500	12000	
14801	25000	0	200	
14801	25000	500	5000	
14801	25000	1000	5000	
14801	25000	1500	12000	
14801	25000	2000	12000	
14801	25000	2500	12000	
14801	25000	3000	12000	
14801	25000	3500	25000	
14801	25000	4000	25000	
14801	25000	4500	25000	
14801	25000	5000	25000	
14801	25000	5500	25000	
14801	25000	6000	25000	
14801	25000	6500	25000	
14801	25000	7000	25000	
14801	25000	7500	25000	
14801	25000	8000	25000	
14801	25000	8500	25000	
14801	25000	9000	25000	
14801	25000	9500	25000	
15001	200	0	200	
15001	200	500	200	
15001	200	1000	5000	
15001	200	1500	5000	
15001	200	2000	12000	
15001	200	2500	12000	
15001	200	3000	12000	
15001	200	3500	12000	
15001	200	4000	200	
15001	200	4500	200	
15001	200	5000	200	
15001	200	5500	200	
15001	200	6000	200	
15001	200	6500	200	
15001	200	7000	5000	
15001	200	7500	5000	
15001	200	8000	200	
15001	200	8500	200	
15001	200	9000	5000	
15001	200	9500	5000	
15001	800	0	200	
15001	800	500	200	
15001	800	1000	5000	
15001	800	1500	5000	
15001	800	2000	12000	
15001	800	2500	12000	
15001	800	3000	12000	
15001	800	3500	12000	
15001	800	4000	200	
15001	800	4500	200	
15001	800	5000	200	
15001	800	5500	200	
15001	800	6000	200	
15001	800	6500	200	
15001	800	7000	5000	
15001	800	7500	5000	
15001	800	8000	200	
15001	800	8500	200	
15001	800	9000	5000	
15001	800	9500	5000	
15001	2200	0	200	
15001	2200	500	200	
15001	2200	1000	5000	
15001	2200	1500	5000	
15001	2200	2000	12000	
15001	2200	2500	12000	
15001	2200	3000	12000	
15001	2200	3500	12000	
15001	2200	4000	12000	
15001	2200	4500	12000	
15001	2200	5000	5000	
15001	2200	5500	5000	
15001	2200	6000	12000	
15001	2200	6500	12000	
15001	2200	7000	5000	
15001	2200	7500	5000	
15001	2200	8000	12000	
15001	2200	8500	12000	
15001	2200	9000	5000	
15001	2200	9500	5000	
15001	5000	0	200	
15001	5000	500	5000	
15001	5000	1000	5000	
15001	5000	1500	5000	
15001	5000	2000	12000	
15001	5000	2500	12000	
15001	5000	3000	12000	
15001	5000	3500	12000	
15001	5000	4000	12000	
15001	5000	4500	12000	
15001	5000	5000	5000	
15001	5000	5500	5000	
15001	5000	6000	12000	
15001	5000	6500	12000	
15001	5000	7000	5000	
15001	5000	7500	5000	
15001	5000	8000	12000	
15001	5000	8500	12000	
15001	5000	9000	5000	
15001	5000	9500	5000	
15001	12000	0	200	
15001	12000	500	5000	
15001	12000	1000	5000	
15001	12000	1500	12000	
15001	12000	2000	12000	
15001	12000	2500	12000	
15001	12000	3000	12000	
15001	12000	3500	12000	
15001	12000	4000	12000	
15001	12000	4500	12000	
15001	12000	5000	12000	
15001	12000	5500	12000	
15001	12000	6000	12000	
15001	12000	6500	12000	
15001	12000	7000	12000	
15001	12000	7500	12000	
15001	12000	8000	12000	
15001	12000	8500	12000	
15001	12000	9000	12000	
15001	12000	9500	12000	
15001	25000	0	200	
15001	25000	500	5000	
15001	25000	1000	5000	
15001	25000	1500	12000	
15001	25000	2000	12000	
15001	25000	2500	12000	
15001	25000	3000	12000	
15001	25000	3500	25000	
15001	25000	4000	25000	
15001	25000	4500	25000	
15001	25000	5000	25000	
15001	25000	5500	25000	
15001	25000	6000	25000	
15001	25000	6500	25000	
15001	25000	7000	25000	
15001	25000	7500	25000	
15001	25000	8000	25000	
15001	25000	8500	25000	
15001	25000	9000	25000	
15001	25000	9500	25000	
15201	200	0	200	
15201	200	500	200	
15201	200	1000	5000	
15201	200	1500	5000	
15201	200	2000	12000	
15201	200	2500	12000	
15201	200	3000	12000	
15201	200	3500	12000	
15201	200	4000	200	
15201	200	4500	200	
15201	200	5000	200	
15201	200	5500	200	
15201	200	6000	200	
15201	200	6500	200	
15201	200	7000	5000	
15201	200	7500	5000	
15201	200	8000	200	
15201	200	8500	200	
15201	200	9000	5000	
15201	200	9500	5000	
15201	800	0	200	
15201	800	500	200	
15201	800	1000	5000	
15201	800	1500	5000	
15201	800	2000	12000	
15201	800	2500	12000	
15201	800	3000	12000	
15201	800	3500	12000	
15201	800	4000	200	
15201	800	4500	200	
15201	800	5000	200	
15201	800	5500	200	
15201	800	6000	200	
15201	800	6500	200	
15201	800	7000	5000	
15201	800	7500	5000	
15201	800	8000	200	
15201	800	8500	200	
15201	800	9000	5000	
15201	800	9500	5000	
15201	2200	0	200	
15201	2200	500	200	
15201	2200	1000	5000	
15201	2200	1500	5000	
15201	2200	2000	12000	
15201	2200	2500	12000	
15201	2200	3000	12000	
15201	2200	3500	12000	
15201	2200	4000	12000	
15201	2200	4500	12000	
15201	2200	5000	5000	
15201	2200	5500	5000	
15201	2200	6000	12000	
15201	2200	6500	12000	
15201	2200	7000	5000	
15201	2200	7500	5000	
15201	2200	8000	12000	
15201	2200	8500	12000	
15201	2200	9000	5000	
15201	2200	9500	5000	
15201	5000	0	200	
15201	5000	500	5000	
15201	5000	1000	5000	
15201	5000	1500	5000	
15201	5000	2000	12000	
15201	5000	2500	12000	
15201	5000	3000	12000	
15201	5000	3500	12000	
15201	5000	4000	12000	
15201	5000	4500	12000	
15201	5000	5000	5000	
15201	5000	5500	5000	
15201	5000	6000	12000	
15201	5000	6500	12000	
15201	5000	7000	5000	
15201	5000	7500	5000	
15201	5000	8000	12000	
15201	5000	8500	12000	
15201	5000	9000	5000	
15201	5000	9500	5000	
15201	12000	0	200	
15201	12000	500	5000	
15201	12000	1000	5000	
15201	12000	1500	12000	
15201	12000	2000	12000	
15201	12000	2500	12000	
15201	12000	3000	12000	
15201	12000	3500	12000	
15201	12000	4000	12000	
15201	12000	4500	12000	
15201	12000	5000	12000	
15201	12000	5500	12000	
15201	12000	6000	12000	
15201	12000	6500	12000	
15201	12000	7000	12000	
15201	12000	7500	12000	
15201	12000	8000	12000	
15201	12000	8500	12000	
15201	12000	9000	12000	
15201	12000	9500	12000	
15201	25000	0	200	
15201	25000	500	5000	
15201	25000	1000	5000	
15201	25000	1500	12000	
15201	25000	2000	12000	
15201	25000	2500	12000	
15201	25000	3000	12000	
15201	25000	3500	25000	
15201	25000	4000	25000	
15201	25000	4500	25000	
15201	25000	5000	25000	
15201	25000	5500	25000	
15201	25000	6000	25000	
15201	25000	6500	25000	
15201	25000	7000	25000	
15201	25000	7500	25000	
15201	25000	8000	25000	
15201	25000	8500	25000	
15201	25000	9000	25000	
15201	25000	9500	25000	
15401	200	0	200	
15401	200	500	200	
15401	200	1000	5000	
15401	200	1500	5000	
15401	200	2000	12000	
15401	200	2500	12000	
15401	200	3000	12000	
15401	200	3500	12000	
15401	200	4000	200	
15401	200	4500	200	
15401	200	5000	200	
15401	200	5500	200	
15401	200	6000	200	
15401	200	6500	200	
15401	200	7000	5000	
15401	200	7500	5000	
15401	200	8000	200	
15401	200	8500	200	
15401	200	9000	5000	
15401	200	9500	5000	
15401	800	0	200	
15401	800	500	200	
15401	800	1000	5000	
15401	800	1500	5000	
15401	800	2000	12000	
15401	800	2500	12000	
15401	800	3000	12000	
15401	800	3500	12000	
15401	800	4000	200	
15401	800	4500	200	
15401	800	5000	200	
15401	800	5500	200	
15401	800	6000	200	
15401	800	6500	200	
15401	800	7000	5000	
15401	800	7500	5000	
15401	800	8000	200	
15401	800	8500	200	
15401	800	9000	5000	
15401	800	9500	5000	
15401	2200	0	200	
15401	2200	500	200	
15401	2200	1000	5000	
15401	2200	1500	5000	
15401	2200	2000	12000	
15401	2200	2500	12000	
15401	2200	3000	12000	
15401	2200	3500	12000	
15401	2200	4000	12000	
15401	2200	4500	12000	
15401	2200	5000	5000	
15401	2200	5500	5000	
15401	2200	6000	12000	
15401	2200	6500	12000	
15401	2200	7000	5000	
15401	2200	7500	5000	
15401	2200	8000	12000	
15401	2200	8500	12000	
15401	2200	9000	5000	
15401	2200	9500	5000	
15401	5000	0	200	
15401	5000	500	5000	
15401	5000	1000	5000	
15401	5000	1500	5000	
15401	5000	2000	12000	
15401	5000	2500	12000	
15401	5000	3000	12000	
15401	5000	3500	12000	
15401	5000	4000	12000	
15401	5000	4500	12000	
15401	5000	5000	5000	
15401	5000	5500	5000	
15401	5000	6000	12000	
15401	5000	6500	12000	
15401	5000	7000	5000	
15401	5000	7500	5000	
15401	5000	8000	12000	
15401	5000	8500	12000	
15401	5000	9000	5000	
15401	5000	9500	5000	
15401	12000	0	200	
15401	12000	500	5000	
15401	12000	1000	5000	
15401	12000	1500	12000	
15401	12000	2000	12000	
15401	12000	2500	12000	
15401	12000	3000	12000	
15401	12000	3500	12000	
15401	12000	4000	12000	
15401	12000	4500	12000	
15401	12000	5000	12000	
15401	12000	5500	12000	
15401	12000	6000	12000	
15401	12000	6500	12000	
15401	12000	7000	12000	
15401	12000	7500	12000	
15401	12000	8000	12000	
15401	12000	8500	12000	
15401	12000	9000	12000	
15401	12000	9500	12000	
15401	25000	0	200	
15401	25000	500	5000	
15401	25000	1000	5000	
15401	25000	1500	12000	
15401	25000	2000	12000	
15401	25000	2500	12000	
15401	25000	3000	12000	
15401	25000	3500	25000	
15401	25000	4000	25000	
15401	25000	4500	25000	
15401	25000	5000	25000	
15401	25000	5500	25000	
15401	25000	6000	25000	
15401	25000	6500	25000	
15401	25000	7000	25000	
15401	25000	7500	25000	
15401	25000	8000	25000	
15401	25000	8500	25000	
15401	25000	9000	25000	
15401	25000	9500	25000	
15601	200	0	200	
15601	200	500	200	
15601	200	1000	5000	
15601	200	1500	5000	
15601	200	2000	12000	
15601	200	2500	12000	
15601	200	3000	12000	
15601	200	3500	12000	
15601	200	4000	200	
15601	200	4500	200	
15601	200	5000	200	
15601	200	5500	200	
15601	200	6000	200	
15601	200	6500	200	
15601	200	7000	5000	
15601	200	7500	5000	
15601	200	8000	200	
15601	200	8500	200	
15601	200	9000	5000	
15601	200	9500	5000	
15601	800	0	200	
15601	800	500	200	
15601	800	1000	5000	
15601	800	1500	5000	
15601	800	2000	12000	
15601	800	2500	12000	
15601	800	3000	12000	
15601	800	3500	12000	
15601	800	4000	200	
15601	800	4500	200	
15601	800	5000	200	
15601	800	5500	200	
15601	800	6000	200	
15601	800	6500	200	
15601	800	7000	5000	
15601	800	7500	5000	
15601	800	8000	200	
15601	800	8500	200	
15601	800	9000	5000	
15601	800	9500	5000	
15601	2200	0	200	
15601	2200	500	200	
15601	2200	1000	5000	
15601	2200	1500	5000	
15601	2200	2000	12000	
15601	2200	2500	12000	
15601	2200	3000	12000	
15601	2200	3500	12000	
15601	2200	4000	12000	
15601	2200	4500	12000	
15601	2200	5000	5000	
15601	2200	5500	5000	
15601	2200	6000	12000	
15601	2200	6500	12000	
15601	2200	7000	5000	
15601	2200	7500	5000	
15601	2200	8000	12000	
15601	2200	8500	12000	
15601	2200	9000	5000	
15601	2200	9500	5000	
15601	5000	0	200	
15601	5000	500	5000	
15601	5000	1000	5000	
15601	5000	1500	5000	
15601	5000	2000	12000	
15601	5000	2500	12000	
15601	5000	3000	12000	
15601	5000	3500	12000	
15601	5000	4000	12000	
15601	5000	4500	12000	
15601	5000	5000	5000	
15601	5000	5500	5000	
15601	5000	6000	12000	
15601	5000	6500	12000	
15601	5000	7000	5000	
15601	5000	7500	5000	
15601	5000	8000	12000	
15601	5000	8500	12000	
15601	5000	9000	5000	
15601	5000	9500	5000	
15601	12000	0	200	
15601	12000	500	5000	
15601	12000	1000	5000	
15601	12000	1500	12000	
15601	12000	2000	12000	
15601	12000	2500	12000	
15601	12000	3000	12000	
15601	12000	3500	12000	
15601	12000	4000	12000	
15601	12000	4500	12000	
15601	12000	5000	12000	
15601	12000	5500	12000	
15601	12000	6000	12000	
15601	12000	6500	12000	
15601	12000	7000	12000	
15601	12000	7500	12000	
15601	12000	8000	12000	
15601	12000	8500	12000	
15601	12000	9000	12000	
15601	12000	9500	12000	
15601	25000	0	200	
15601	25000	500	5000	
15601	25000	1000	5000	
15601	25000	1500	12000	
15601	25000	2000	12000	
15601	25000	2500	12000	
15601	25000	3000	12000	
15601	25000	3500	25000	
15601	25000	4000	25000	
15601	25000	4500	25000	
15601	25000	5000	25000	
15601	25000	5500	25000	
15601	25000	6000	25000	
15601	25000	6500	25000	
15601	25000	7000	25000	
15601	25000	7500	25000	
15601	25000	8000	25000	
15601	25000	8500	25000	
15601	25000	9000	25000	
15601	25000	9500	25000	
15801	200	0	200	
15801	200	500	200	
15801	200	1000	5000	
15801	200	1500	5000	
15801	200	2000	12000	
15801	200	2500	12000	
15801	200	3000	12000	
15801	200	3500	12000	
15801	200	4000	200	
15801	200	4500	200	
15801	200	5000	200	
15801	200	5500	200	
15801	200	6000	200	
15801	200	6500	200	
15801	200	7000	5000	
15801	200	7500	5000	
15801	200	8000	200	
15801	200	8500	200	
15801	200	9000	5000	
15801	200	9500	5000	
15801	800	0	200	
15801	800	500	200	
15801	800	1000	5000	
15801	800	1500	5000	
15801	800	2000	12000	
15801	800	2500	12000	
15801	800	3000	12000	
15801	800	3500	12000	
15801	800	4000	200	
15801	800	4500	200	
15801	800	5000	200	
15801	800	5500	200	
15801	800	6000	200	
15801	800	6500	200	
15801	800	7000	5000	
15801	800	7500	5000	
15801	800	8000	200	
15801	800	8500	200	
15801	800	9000	5000	
15801	800	9500	5000	
15801	2200	0	200	
15801	2200	500	200	
15801	2200	1000	5000	
15801	2200	1500	5000	
15801	2200	2000	12000	
15801	2200	2500	12000	
15801	2200	3000	12000	
15801	2200	3500	12000	
15801	2200	4000	12000	
15801	2200	4500	12000	
15801	2200	5000	5000	
15801	2200	5500	5000	
15801	2200	6000	12000	
15801	2200	6500	12000	
15801	2200	7000	5000	
15801	2200	7500	5000	
15801	2200	8000	12000	
15801	2200	8500	12000	
15801	2200	9000	5000	
15801	2200	9500	5000	
15801	5000	0	200	
15801	5000	500	5000	
15801	5000	1000	5000	
15801	5000	1500	5000	
15801	5000	2000	12000	
15801	5000	2500	12000	
15801	5000	3000	12000	
15801	5000	3500	12000	
15801	5000	4000	12000	
15801	5000	4500	12000	
15801	5000	5000	5000	
15801	5000	5500	5000	
15801	5000	6000	12000	
15801	5000	6500	12000	
15801	5000	7000	5000	
15801	5000	7500	5000	
15801	5000	8000	12000	
15801	5000	8500	12000	
15801	5000	9000	5000	
15801	5000	9500	5000	
15801	12000	0	200	
15801	12000	500	5000	
15801	12000	1000	5000	
15801	12000	1500	12000	
15801	12000	2000	12000	
15801	12000	2500	12000	
15801	12000	3000	12000	
15801	12000	3500	12000	
15801	12000	4000	12000	
15801	12000	4500	12000	
15801	12000	5000	12000	
15801	12000	5500	12000	
15801	12000	6000	12000	
15801	12000	6500	12000	
15801	12000	7000	12000	
15801	12000	7500	12000	
15801	12000	8000	12000	
15801	12000	8500	12000	
15801	12000	9000	12000	
15801	12000	9500	12000	
15801	25000	0	200	
15801	25000	500	5000	
15801	25000	1000	5000	
15801	25000	1500	12000	
15801	25000	2000	12000	
15801	25000	2500	12000	
15801	25000	3000	12000	
15801	25000	3500	25000	
15801	25000	4000	25000	
15801	25000	4500	25000	
15801	25000	5000	25000	
15801	25000	5500	25000	
15801	25000	6000	25000	
15801	25000	6500	25000	
15801	25000	7000	25000	
15801	25000	7500	25000	
15801	25000	8000	25000	
15801	25000	8500	25000	
15801	25000	9000	25000	
15801	25000	9500	25000	
16001	200	0	200	
16001	200	500	200	
16001	200	1000	5000	
16001	200	1500	5000	
16001	200	2000	12000	
16001	200	2500	12000	
16001	200	3000	12000	
16001	200	3500	12000	
16001	200	4000	200	
16001	200	4500	200	
16001	200	5000	200	
16001	200	5500	200	
16001	200	6000	200	
16001	200	6500	200	
16001	200	7000	5000	
16001	200	7500	5000	
16001	200	8000	200	
16001	200	8500	200	
16001	200	9000	5000	
16001	200	9500	5000	
16001	800	0	200	
16001	800	500	200	
16001	800	1000	5000	
16001	800	1500	5000	
16001	800	2000	12000	
16001	800	2500	12000	
16001	800	3000	12000	
16001	800	3500	12000	
16001	800	4000	200	
16001	800	4500	200	
16001	800	5000	200	
16001	800	5500	200	
16001	800	6000	200	
16001	800	6500	200	
16001	800	7000	5000	
16001	800	7500	5000	
16001	800	8000	200	
16001	800	8500	200	
16001	800	9000	5000	
16001	800	9500	5000	
16001	2200	0	200	
16001	2200	500	200	
16001	2200	1000	5000	
16001	2200	1500	5000	
16001	2200	2000	12000	
16001	2200	2500	12000	
16001	2200	3000	12000	
16001	2200	3500	12000	
16001	2200	4000	12000	
16001	2200	4500	12000	
16001	2200	5000	5000	
16001	2200	5500	5000	
16001	2200	6000	12000	
16001	2200	6500	12000	
16001	2200	7000	5000	
16001	2200	7500	5000	
16001	2200	8000	12000	
16001	2200	8500	12000	
16001	2200	9000	5000	
16001	2200	9500	5000	
16001	5000	0	200	
16001	5000	500	5000	
16001	5000	1000	5000	
16001	5000	1500	5000	
16001	5000	2000	12000	
16001	5000	2500	12000	
16001	5000	3000	12000	
16001	5000	3500	12000	
16001	5000	4000	12000	
16001	5000	4500	12000	
16001	5000	5000	5000	
16001	5000	5500	5000	
16001	5000	6000	12000	
16001	5000	6500	12000	
16001	5000	7000	5000	
16001	5000	7500	5000	
16001	5000	8000	12000	
16001	5000	8500	12000	
16001	5000	9000	5000	
16001	5000	9500	5000	
16001	12000	0	200	
16001	12000	500	5000	
16001	12000	1000	5000	
16001	12000	1500	12000	
16001	12000	2000	12000	
16001	12000	2500	12000	
16001	12000	3000	12000	
16001	12000	3500	12000	
16001	12000	4000	12000	
16001	12000	4500	12000	
16001	12000	5000	12000	
16001	12000	5500	12000	
16001	12000	6000	12000	
16001	12000	6500	12000	
16001	12000	7000	12000	
16001	12000	7500	12000	
16001	12000	8000	12000	
16001	12000	8500	12000	
16001	12000	9000	12000	
16001	12000	9500	12000	
16001	25000	0	200	
16001	25000	500	5000	
16001	25000	1000	5000	
16001	25000	1500	12000	
16001	25000	2000	12000	
16001	25000	2500	12000	
16001	25000	3000	12000	
16001	25000	3500	25000	
16001	25000	4000	25000	
16001	25000	4500	25000	
16001	25000	5000	25000	
16001	25000	5500	25000	
16001	25000	6000	25000	
16001	25000	6500	25000	
16001	25000	7000	25000	
16001	25000	7500	25000	
16001	25000	8000	25000	
16001	25000	8500	25000	
16001	25000	9000	25000	
16001	25000	9500	25000	
16201	200	0	200	
16201	200	500	200	
16201	200	1000	5000	
16201	200	1500	5000	
16201	200	2000	12000	
16201	200	2500	12000	
16201	200	3000	12000	
16201	200	3500	12000	
16201	200	4000	200	
16201	200	4500	200	
16201	200	5000	200	
16201	200	5500	200	
16201	200	6000	200	
16201	200	6500	200	
16201	200	7000	5000	
16201	200	7500	5000	
16201	200	8000	200	
16201	200	8500	200	
16201	200	9000	5000	
16201	200	9500	5000	
16201	800	0	200	
16201	800	500	200	
16201	800	1000	5000	
16201	800	1500	5000	
16201	800	2000	12000	
16201	800	2500	12000	
16201	800	3000	12000	
16201	800	3500	12000	
16201	800	4000	200	
16201	800	4500	200	
16201	800	5000	200	
16201	800	5500	200	
16201	800	6000	200	
16201	800	6500	200	
16201	800	7000	5000	
16201	800	7500	5000	
16201	800	8000	200	
16201	800	8500	200	
16201	800	9000	5000	
16201	800	9500	5000	
16201	2200	0	200	
16201	2200	500	200	
16201	2200	1000	5000	
16201	2200	1500	5000	
16201	2200	2000	12000	
16201	2200	2500	12000	
16201	2200	3000	12000	
16201	2200	3500	12000	
16201	2200	4000	12000	
16201	2200	4500	12000	
16201	2200	5000	5000	
16201	2200	5500	5000	
16201	2200	6000	12000	
16201	2200	6500	12000	
16201	2200	7000	5000	
16201	2200	7500	5000	
16201	2200	8000	12000	
16201	2200	8500	12000	
16201	2200	9000	5000	
16201	2200	9500	5000	
16201	5000	0	200	
16201	5000	500	5000	
16201	5000	1000	5000	
16201	5000	1500	5000	
16201	5000	2000	12000	
16201	5000	2500	12000	
16201	5000	3000	12000	
16201	5000	3500	12000	
16201	5000	4000	12000	
16201	5000	4500	12000	
16201	5000	5000	5000	
16201	5000	5500	5000	
16201	5000	6000	12000	
16201	5000	6500	12000	
16201	5000	7000	5000	
16201	5000	7500	5000	
16201	5000	8000	12000	
16201	5000	8500	12000	
16201	5000	9000	5000	
16201	5000	9500	5000	
16201	12000	0	200	
16201	12000	500	5000	
16201	12000	1000	5000	
16201	12000	1500	12000	
16201	12000	2000	12000	
16201	12000	2500	12000	
16201	12000	3000	12000	
16201	12000	3500	12000	
16201	12000	4000	12000	
16201	12000	4500	12000	
16201	12000	5000	12000	
16201	12000	5500	12000	
16201	12000	6000	12000	
16201	12000	6500	12000	
16201	12000	7000	12000	
16201	12000	7500	12000	
16201	12000	8000	12000	
16201	12000	8500	12000	
16201	12000	9000	12000	
16201	12000	9500	12000	
16201	25000	0	200	
16201	25000	500	5000	
16201	25000	1000	5000	
16201	25000	1500	12000	
16201	25000	2000	12000	
16201	25000	2500	12000	
16201	25000	3000	12000	
16201	25000	3500	25000	
16201	25000	4000	25000	
16201	25000	4500	25000	
16201	25000	5000	25000	
16201	25000	5500	25000	
16201	25000	6000	25000	
16201	25000	6500	25000	
16201	25000	7000	25000	
16201	25000	7500	25000	
16201	25000	8000	25000	
16201	25000	8500	25000	
16201	25000	9000	25000	
16201	25000	9500	25000	
16401	200	0	200	
16401	200	500	200	
16401	200	1000	200	
16401	200	1500	200	
16401	200	2000	200	
16401	200	2500	200	
16401	200	3000	200	
16401	200	3500	200	
16401	200	4000	200	
16401	200	4500	200	
16401	200	5000	5000	
16401	200	5500	5000	
16401	200	6000	12000	
16401	200	6500	25000	
16401	200	7000	25000	
16401	200	7500	25000	
16401	200	8000	25000	
16401	200	8500	25000	
16401	200	9000	25000	
16401	200	9500	25000	
16401	800	0	200	
16401	800	500	200	
16401	800	1000	200	
16401	800	1500	200	
16401	800	2000	200	
16401	800	2500	200	
16401	800	3000	200	
16401	800	3500	200	
16401	800	4000	200	
16401	800	4500	200	
16401	800	5000	5000	
16401	800	5500	5000	
16401	800	6000	12000	
16401	800	6500	25000	
16401	800	7000	25000	
16401	800	7500	25000	
16401	800	8000	25000	
16401	800	8500	25000	
16401	800	9000	25000	
16401	800	9500	25000	
16401	2200	0	200	
16401	2200	500	200	
16401	2200	1000	200	
16401	2200	1500	200	
16401	2200	2000	200	
16401	2200	2500	200	
16401	2200	3000	5000	
16401	2200	3500	5000	
16401	2200	4000	200	
16401	2200	4500	200	
16401	2200	5000	5000	
16401	2200	5500	5000	
16401	2200	6000	12000	
16401	2200	6500	25000	
16401	2200	7000	25000	
16401	2200	7500	25000	
16401	2200	8000	25000	
16401	2200	8500	25000	
16401	2200	9000	25000	
16401	2200	9500	25000	
16401	5000	0	200	
16401	5000	500	5000	
16401	5000	1000	5000	
16401	5000	1500	5000	
16401	5000	2000	12000	
16401	5000	2500	12000	
16401	5000	3000	5000	
16401	5000	3500	5000	
16401	5000	4000	5000	
16401	5000	4500	5000	
16401	5000	5000	5000	
16401	5000	5500	5000	
16401	5000	6000	12000	
16401	5000	6500	25000	
16401	5000	7000	25000	
16401	5000	7500	25000	
16401	5000	8000	25000	
16401	5000	8500	25000	
16401	5000	9000	25000	
16401	5000	9500	25000	
16401	12000	0	200	
16401	12000	500	5000	
16401	12000	1000	5000	
16401	12000	1500	12000	
16401	12000	2000	12000	
16401	12000	2500	12000	
16401	12000	3000	12000	
16401	12000	3500	12000	
16401	12000	4000	12000	
16401	12000	4500	12000	
16401	12000	5000	12000	
16401	12000	5500	12000	
16401	12000	6000	12000	
16401	12000	6500	25000	
16401	12000	7000	25000	
16401	12000	7500	25000	
16401	12000	8000	25000	
16401	12000	8500	25000	
16401	12000	9000	25000	
16401	12000	9500	25000	
16401	25000	0	200	
16401	25000	500	5000	
16401	25000	1000	5000	
16401	25000	1500	12000	
16401	25000	2000	12000	
16401	25000	2500	25000	
16401	25000	3000	25000	
16401	25000	3500	25000	
16401	25000	4000	25000	
16401	25000	4500	25000	
16401	25000	5000	25000	
16401	25000	5500	25000	
16401	25000	6000	25000	
16401	25000	6500	25000	
16401	25000	7000	25000	
16401	25000	7500	25000	
16401	25000	8000	25000	
16401	25000	8500	25000	
16401	25000	9000	25000	
16401	25000	9500	25000	
16601	200	0	200	
16601	200	500	200	
16601	200	1000	200	
16601	200	1500	200	
16601	200	2000	200	
16601	200	2500	200	
16601	200	3000	200	
16601	200	3500	200	
16601	200	4000	200	
16601	200	4500	200	
16601	200	5000	5000	
16601	200	5500	5000	
16601	200	6000	12000	
16601	200	6500	25000	
16601	200	7000	25000	
16601	200	7500	25000	
16601	200	8000	25000	
16601	200	8500	25000	
16601	200	9000	25000	
16601	200	9500	25000	
16601	800	0	200	
16601	800	500	200	
16601	800	1000	200	
16601	800	1500	200	
16601	800	2000	200	
16601	800	2500	200	
16601	800	3000	200	
16601	800	3500	200	
16601	800	4000	200	
16601	800	4500	200	
16601	800	5000	5000	
16601	800	5500	5000	
16601	800	6000	12000	
16601	800	6500	25000	
16601	800	7000	25000	
16601	800	7500	25000	
16601	800	8000	25000	
16601	800	8500	25000	
16601	800	9000	25000	
16601	800	9500	25000	
16601	2200	0	200	
16601	2200	500	200	
16601	2200	1000	200	
16601	2200	1500	200	
16601	2200	2000	200	
16601	2200	2500	200	
16601	2200	3000	5000	
16601	2200	3500	5000	
16601	2200	4000	200	
16601	2200	4500	200	
16601	2200	5000	5000	
16601	2200	5500	5000	
16601	2200	6000	12000	
16601	2200	6500	25000	
16601	2200	7000	25000	
16601	2200	7500	25000	
16601	2200	8000	25000	
16601	2200	8500	25000	
16601	2200	9000	25000	
16601	2200	9500	25000	
16601	5000	0	200	
16601	5000	500	5000	
16601	5000	1000	5000	
16601	5000	1500	5000	
16601	5000	2000	12000	
16601	5000	2500	12000	
16601	5000	3000	5000	
16601	5000	3500	5000	
16601	5000	4000	5000	
16601	5000	4500	5000	
16601	5000	5000	5000	
16601	5000	5500	5000	
16601	5000	6000	12000	
16601	5000	6500	25000	
16601	5000	7000	25000	
16601	5000	7500	25000	
16601	5000	8000	25000	
16601	5000	8500	25000	
16601	5000	9000	25000	
16601	5000	9500	25000	
16601	12000	0	200	
16601	12000	500	5000	
16601	12000	1000	5000	
16601	12000	1500	12000	
16601	12000	2000	12000	
16601	12000	2500	12000	
16601	12000	3000	12000	
16601	12000	3500	12000	
16601	12000	4000	12000	
16601	12000	4500	12000	
16601	12000	5000	12000	
16601	12000	5500	12000	
16601	12000	6000	12000	
16601	12000	6500	25000	
16601	12000	7000	25000	
16601	12000	7500	25000	
16601	12000	8000	25000	
16601	12000	8500	25000	
16601	12000	9000	25000	
16601	12000	9500	25000	
16601	25000	0	200	
16601	25000	500	5000	
16601	25000	1000	5000	
16601	25000	1500	12000	
16601	25000	2000	12000	
16601	25000	2500	25000	
16601	25000	3000	25000	
16601	25000	3500	25000	
16601	25000	4000	25000	
16601	25000	4500	25000	
16601	25000	5000	25000	
16601	25000	5500	25000	
16601	25000	6000	25000	
16601	25000	6500	25000	
16601	25000	7000	25000	
16601	25000	7500	25000	
16601	25000	8000	25000	
16601	25000	8500	25000	
16601	25000	9000	25000	
16601	25000	9500	25000	
16801	200	0	200	
16801	200	500	200	
16801	200	1000	200	
16801	200	1500	200	
16801	200	2000	200	
16801	200	2500	200	
16801	200	3000	200	
16801	200	3500	200	
16801	200	4000	200	
16801	200	4500	200	
16801	200	5000	5000	
16801	200	5500	5000	
16801	200	6000	12000	
16801	200	6500	25000	
16801	200	7000	25000	
16801	200	7500	25000	
16801	200	8000	25000	
16801	200	8500	25000	
16801	200	9000	25000	
16801	200	9500	25000	
16801	800	0	200	
16801	800	500	200	
16801	800	1000	200	
16801	800	1500	200	
16801	800	2000	200	
16801	800	2500	200	
16801	800	3000	200	
16801	800	3500	200	
16801	800	4000	200	
16801	800	4500	200	
16801	800	5000	5000	
16801	800	5500	5000	
16801	800	6000	12000	
16801	800	6500	25000	
16801	800	7000	25000	
16801	800	7500	25000	
16801	800	8000	25000	
16801	800	8500	25000	
16801	800	9000	25000	
16801	800	9500	25000	
16801	2200	0	200	
16801	2200	500	200	
16801	2200	1000	200	
16801	2200	1500	200	
16801	2200	2000	200	
16801	2200	2500	200	
16801	2200	3000	5000	
16801	2200	3500	5000	
16801	2200	4000	200	
16801	2200	4500	200	
16801	2200	5000	5000	
16801	2200	5500	5000	
16801	2200	6000	12000	
16801	2200	6500	25000	
16801	2200	7000	25000	
16801	2200	7500	25000	
16801	2200	8000	25000	
16801	2200	8500	25000	
16801	2200	9000	25000	
16801	2200	9500	25000	
16801	5000	0	200	
16801	5000	500	5000	
16801	5000	1000	5000	
16801	5000	1500	5000	
16801	5000	2000	12000	
16801	5000	2500	12000	
16801	5000	3000	5000	
16801	5000	3500	5000	
16801	5000	4000	5000	
16801	5000	4500	5000	
16801	5000	5000	5000	
16801	5000	5500	5000	
16801	5000	6000	12000	
16801	5000	6500	25000	
16801	5000	7000	25000	
16801	5000	7500	25000	
16801	5000	8000	25000	
16801	5000	8500	25000	
16801	5000	9000	25000	
16801	5000	9500	25000	
16801	12000	0	200	
16801	12000	500	5000	
16801	12000	1000	5000	
16801	12000	1500	12000	
16801	12000	2000	12000	
16801	12000	2500	12000	
16801	12000	3000	12000	
16801	12000	3500	12000	
16801	12000	4000	12000	
16801	12000	4500	12000	
16801	12000	5000	12000	
16801	12000	5500	12000	
16801	12000	6000	12000	
16801	12000	6500	25000	
16801	12000	7000	25000	
16801	12000	7500	25000	
16801	12000	8000	25000	
16801	12000	8500	25000	
16801	12000	9000	25000	
16801	12000	9500	25000	
16801	25000	0	200	
16801	25000	500	5000	
16801	25000	1000	5000	
16801	25000	1500	12000	
16801	25000	2000	12000	
16801	25000	2500	25000	
16801	25000	3000	25000	
16801	25000	3500	25000	
16801	25000	4000	25000	
16801	25000	4500	25000	
16801	25000	5000	25000	
16801	25000	5500	25000	
16801	25000	6000	25000	
16801	25000	6500	25000	
16801	25000	7000	25000	
16801	25000	7500	25000	
16801	25000	8000	25000	
16801	25000	8500	25000	
16801	25000	9000	25000	
16801	25000	9500	25000	
17001	200	0	200	
17001	200	500	200	
17001	200	1000	200	
17001	200	1500	200	
17001	200	2000	200	
17001	200	2500	200	
17001	200	3000	200	
17001	200	3500	200	
17001	200	4000	200	
17001	200	4500	200	
17001	200	5000	5000	
17001	200	5500	5000	
17001	200	6000	12000	
17001	200	6500	25000	
17001	200	7000	25000	
17001	200	7500	25000	
17001	200	8000	25000	
17001	200	8500	25000	
17001	200	9000	25000	
17001	200	9500	25000	
17001	800	0	200	
17001	800	500	200	
17001	800	1000	200	
17001	800	1500	200	
17001	800	2000	200	
17001	800	2500	200	
17001	800	3000	200	
17001	800	3500	200	
17001	800	4000	200	
17001	800	4500	200	
17001	800	5000	5000	
17001	800	5500	5000	
17001	800	6000	12000	
17001	800	6500	25000	
17001	800	7000	25000	
17001	800	7500	25000	
17001	800	8000	25000	
17001	800	8500	25000	
17001	800	9000	25000	
17001	800	9500	25000	
17001	2200	0	200	
17001	2200	500	200	
17001	2200	1000	200	
17001	2200	1500	200	
17001	2200	2000	200	
17001	2200	2500	200	
17001	2200	3000	5000	
17001	2200	3500	5000	
17001	2200	4000	200	
17001	2200	4500	200	
17001	2200	5000	5000	
17001	2200	5500	5000	
17001	2200	6000	12000	
17001	2200	6500	25000	
17001	2200	7000	25000	
17001	2200	7500	25000	
17001	2200	8000	25000	
17001	2200	8500	25000	
17001	2200	9000	25000	
17001	2200	9500	25000	
17001	5000	0	200	
17001	5000	500	5000	
17001	5000	1000	5000	
17001	5000	1500	5000	
17001	5000	2000	12000	
17001	5000	2500	12000	
17001	5000	3000	5000	
17001	5000	3500	5000	
17001	5000	4000	5000	
17001	5000	4500	5000	
17001	5000	5000	5000	
17001	5000	5500	5000	
17001	5000	6000	12000	
17001	5000	6500	25000	
17001	5000	7000	25000	
17001	5000	7500	25000	
17001	5000	8000	25000	
17001	5000	8500	25000	
17001	5000	9000	25000	
17001	5000	9500	25000	
17001	12000	0	200	
17001	12000	500	5000	
17001	12000	1000	5000	
17001	12000	1500	12000	
17001	12000	2000	12000	
17001	12000	2500	12000	
17001	12000	3000	12000	
17001	12000	3500	12000	
17001	12000	4000	12000	
17001	12000	4500	12000	
17001	12000	5000	12000	
17001	12000	5500	12000	
17001	12000	6000	12000	
17001	12000	6500	25000	
17001	12000	7000	25000	
17001	12000	7500	25000	
17001	12000	8000	25000	
17001	12000	8500	25000	
17001	12000	9000	25000	
17001	12000	9500	25000	
17001	25000	0	200	
17001	25000	500	5000	
17001	25000	1000	5000	
17001	25000	1500	12000	
17001	25000	2000	12000	
17001	25000	2500	25000	
17001	25000	3000	25000	
17001	25000	3500	25000	
17001	25000	4000	25000	
17001	25000	4500	25000	
17001	25000	5000	25000	
17001	25000	5500	25000	
17001	25000	6000	25000	
17001	25000	6500	25000	
17001	25000	7000	25000	
17001	25000	7500	25000	
17001	25000	8000	25000	
17001	25000	8500	25000	
17001	25000	9000	25000	
17001	25000	9500	25000	
17201	200	0	200	
17201	200	500	200	
17201	200	1000	200	
17201	200	1500	200	
17201	200	2000	200	
17201	200	2500	200	
17201	200	3000	200	
17201	200	3500	200	
17201	200	4000	200	
17201	200	4500	200	
17201	200	5000	5000	
17201	200	5500	5000	
17201	200	6000	12000	
17201	200	6500	25000	
17201	200	7000	25000	
17201	200	7500	25000	
17201	200	8000	25000	
17201	200	8500	25000	
17201	200	9000	25000	
17201	200	9500	25000	
17201	800	0	200	
17201	800	500	200	
17201	800	1000	200	
17201	800	1500	200	
17201	800	2000	200	
17201	800	2500	200	
17201	800	3000	200	
17201	800	3500	200	
17201	800	4000	200	
17201	800	4500	200	
17201	800	5000	5000	
17201	800	5500	5000	
17201	800	6000	12000	
17201	800	6500	25000	
17201	800	7000	25000	
17201	800	7500	25000	
17201	800	8000	25000	
17201	800	8500	25000	
17201	800	9000	25000	
17201	800	9500	25000	
17201	2200	0	200	
17201	2200	500	200	
17201	2200	1000	200	
17201	2200	1500	200	
17201	2200	2000	200	
17201	2200	2500	200	
17201	2200	3000	5000	
17201	2200	3500	5000	
17201	2200	4000	200	
17201	2200	4500	200	
17201	2200	5000	5000	
17201	2200	5500	5000	
17201	2200	6000	12000	
17201	2200	6500	25000	
17201	2200	7000	25000	
17201	2200	7500	25000	
17201	2200	8000	25000	
17201	2200	8500	25000	
17201	2200	9000	25000	
17201	2200	9500	25000	
17201	5000	0	200	
17201	5000	500	5000	
17201	5000	1000	5000	
17201	5000	1500	5000	
17201	5000	2000	12000	
17201	5000	2500	12000	
17201	5000	3000	5000	
17201	5000	3500	5000	
17201	5000	4000	5000	
17201	5000	4500	5000	
17201	5000	5000	5000	
17201	5000	5500	5000	
17201	5000	6000	12000	
17201	5000	6500	25000	
17201	5000	7000	25000	
17201	5000	7500	25000	
17201	5000	8000	25000	
17201	5000	8500	25000	
17201	5000	9000	25000	
17201	5000	9500	25000	
17201	12000	0	200	
17201	12000	500	5000	
17201	12000	1000	5000	
17201	12000	1500	12000	
17201	12000	2000	12000	
17201	12000	2500	12000	
17201	12000	3000	12000	
17201	12000	3500	12000	
17201	12000	4000	12000	
17201	12000	4500	12000	
17201	12000	5000	12000	
17201	12000	5500	12000	
17201	12000	6000	12000	
17201	12000	6500	25000	
17201	12000	7000	25000	
17201	12000	7500	25000	
17201	12000	8000	25000	
17201	12000	8500	25000	
17201	12000	9000	25000	
17201	12000	9500	25000	
17201	25000	0	200	
17201	25000	500	5000	
17201	25000	1000	5000	
17201	25000	1500	12000	
17201	25000	2000	12000	
17201	25000	2500	25000	
17201	25000	3000	25000	
17201	25000	3500	25000	
17201	25000	4000	25000	
17201	25000	4500	25000	
17201	25000	5000	25000	
17201	25000	5500	25000	
17201	25000	6000	25000	
17201	25000	6500	25000	
17201	25000	7000	25000	
17201	25000	7500	25000	
17201	25000	8000	25000	
17201	25000	8500	25000	
17201	25000	9000	25000	
17201	25000	9500	25000	
17401	200	0	200	
17401	200	500	200	
17401	200	1000	200	
17401	200	1500	200	
17401	200	2000	200	
17401	200	2500	200	
17401	200	3000	200	
17401	200	3500	200	
17401	200	4000	200	
17401	200	4500	200	
17401	200	5000	5000	
17401	200	5500	5000	
17401	200	6000	12000	
17401	200	6500	25000	
17401	200	7000	25000	
17401	200	7500	25000	
17401	200	8000	25000	
17401	200	8500	25000	
17401	200	9000	25000	
17401	200	9500	25000	
17401	800	0	200	
17401	800	500	200	
17401	800	1000	200	
17401	800	1500	200	
17401	800	2000	200	
17401	800	2500	200	
17401	800	3000	200	
17401	800	3500	200	
17401	800	4000	200	
17401	800	4500	200	
17401	800	5000	5000	
17401	800	5500	5000	
17401	800	6000	12000	
17401	800	6500	25000	
17401	800	7000	25000	
17401	800	7500	25000	
17401	800	8000	25000	
17401	800	8500	25000	
17401	800	9000	25000	
17401	800	9500	25000	
17401	2200	0	200	
17401	2200	500	200	
17401	2200	1000	200	
17401	2200	1500	200	
17401	2200	2000	200	
17401	2200	2500	200	
17401	2200	3000	5000	
17401	2200	3500	5000	
17401	2200	4000	200	
17401	2200	4500	200	
17401	2200	5000	5000	
17401	2200	5500	5000	
17401	2200	6000	12000	
17401	2200	6500	25000	
17401	2200	7000	25000	
17401	2200	7500	25000	
17401	2200	8000	25000	
17401	2200	8500	25000	
17401	2200	9000	25000	
17401	2200	9500	25000	
17401	5000	0	200	
17401	5000	500	5000	
17401	5000	1000	5000	
17401	5000	1500	5000	
17401	5000	2000	12000	
17401	5000	2500	12000	
17401	5000	3000	5000	
17401	5000	3500	5000	
17401	5000	4000	5000	
17401	5000	4500	5000	
17401	5000	5000	5000	
17401	5000	5500	5000	
17401	5000	6000	12000	
17401	5000	6500	25000	
17401	5000	7000	25000	
17401	5000	7500	25000	
17401	5000	8000	25000	
17401	5000	8500	25000	
17401	5000	9000	25000	
17401	5000	9500	25000	
17401	12000	0	200	
17401	12000	500	5000	
17401	12000	1000	5000	
17401	12000	1500	12000	
17401	12000	2000	12000	
17401	12000	2500	12000	
17401	12000	3000	12000	
17401	12000	3500	12000	
17401	12000	4000	12000	
17401	12000	4500	12000	
17401	12000	5000	12000	
17401	12000	5500	12000	
17401	12000	6000	12000	
17401	12000	6500	25000	
17401	12000	7000	25000	
17401	12000	7500	25000	
17401	12000	8000	25000	
17401	12000	8500	25000	
17401	12000	9000	25000	
17401	12000	9500	25000	
17401	25000	0	200	
17401	25000	500	5000	
17401	25000	1000	5000	
17401	25000	1500	12000	
17401	25000	2000	12000	
17401	25000	2500	25000	
17401	25000	3000	25000	
17401	25000	3500	25000	
17401	25000	4000	25000	
17401	25000	4500	25000	
17401	25000	5000	25000	
17401	25000	5500	25000	
17401	25000	6000	25000	
17401	25000	6500	25000	
17401	25000	7000	25000	
17401	25000	7500	25000	
17401	25000	8000	25000	
17401	25000	8500	25000	
17401	25000	9000	25000	
17401	25000	9500	25000	
17601	200	0	200	
17601	200	500	200	
17601	200	1000	200	
17601	200	1500	200	
17601	200	2000	200	
17601	200	2500	200	
17601	200	3000	200	
17601	200	3500	200	
17601	200	4000	200	
17601	200	4500	200	
17601	200	5000	5000	
17601	200	5500	5000	
17601	200	6000	12000	
17601	200	6500	25000	
17601	200	7000	25000	
17601	200	7500	25000	
17601	200	8000	25000	
17601	200	8500	25000	
17601	200	9000	25000	
17601	200	9500	25000	
17601	800	0	200	
17601	800	500	200	
17601	800	1000	200	
17601	800	1500	200	
17601	800	2000	200	
17601	800	2500	200	
17601	800	3000	200	
17601	800	3500	200	
17601	800	4000	200	
17601	800	4500	200	
17601	800	5000	5000	
17601	800	5500	5000	
17601	800	6000	12000	
17601	800	6500	25000	
17601	800	7000	25000	
17601	800	7500	25000	
17601	800	8000	25000	
17601	800	8500	25000	
17601	800	9000	25000	
17601	800	9500	25000	
17601	2200	0	200	
17601	2200	500	200	
17601	2200	1000	200	
17601	2200	1500	200	
17601	2200	2000	200	
17601	2200	2500	200	
17601	2200	3000	5000	
17601	2200	3500	5000	
17601	2200	4000	200	
17601	2200	4500	200	
17601	2200	5000	5000	
17601	2200	5500	5000	
17601	2200	6000	12000	
17601	2200	6500	25000	
17601	2200	7000	25000	
17601	2200	7500	25000	
17601	2200	8000	25000	
17601	2200	8500	25000	
17601	2200	9000	25000	
17601	2200	9500	25000	
17601	5000	0	200	
17601	5000	500	5000	
17601	5000	1000	5000	
17601	5000	1500	5000	
17601	5000	2000	12000	
17601	5000	2500	12000	
17601	5000	3000	5000	
17601	5000	3500	5000	
17601	5000	4000	5000	
17601	5000	4500	5000	
17601	5000	5000	5000	
17601	5000	5500	5000	
17601	5000	6000	12000	
17601	5000	6500	25000	
17601	5000	7000	25000	
17601	5000	7500	25000	
17601	5000	8000	25000	
17601	5000	8500	25000	
17601	5000	9000	25000	
17601	5000	9500	25000	
17601	12000	0	200	
17601	12000	500	5000	
17601	12000	1000	5000	
17601	12000	1500	12000	
17601	12000	2000	12000	
17601	12000	2500	12000	
17601	12000	3000	12000	
17601	12000	3500	12000	
17601	12000	4000	12000	
17601	12000	4500	12000	
17601	12000	5000	12000	
17601	12000	5500	12000	
17601	12000	6000	12000	
17601	12000	6500	25000	
17601	12000	7000	25000	
17601	12000	7500	25000	
17601	12000	8000	25000	
17601	12000	8500	25000	
17601	12000	9000	25000	
17601	12000	9500	25000	
17601	25000	0	200	
17601	25000	500	5000	
17601	25000	1000	5000	
17601	25000	1500	12000	
17601	25000	2000	12000	
17601	25000	2500	25000	
17601	25000	3000	25000	
17601	25000	3500	25000	
17601	25000	4000	25000	
17601	25000	4500	25000	
17601	25000	5000	25000	
17601	25000	5500	25000	
17601	25000	6000	25000	
17601	25000	6500	25000	
17601	25000	7000	25000	
17601	25000	7500	25000	
17601	25000	8000	25000	
17601	25000	8500	25000	
17601	25000	9000	25000	
17601	25000	9500	25000	
17801	200	0	200	
17801	200	500	200	
17801	200	1000	200	
17801	200	1500	200	
17801	200	2000	200	
17801	200	2500	200	
17801	200	3000	200	
17801	200	3500	200	
17801	200	4000	200	
17801	200	4500	200	
17801	200	5000	5000	
17801	200	5500	5000	
17801	200	6000	12000	
17801	200	6500	25000	
17801	200	7000	25000	
17801	200	7500	25000	
17801	200	8000	25000	
17801	200	8500	25000	
17801	200	9000	25000	
17801	200	9500	25000	
17801	800	0	200	
17801	800	500	200	
17801	800	1000	200	
17801	800	1500	200	
17801	800	2000	200	
17801	800	2500	200	
17801	800	3000	200	
17801	800	3500	200	
17801	800	4000	200	
17801	800	4500	200	
17801	800	5000	5000	
17801	800	5500	5000	
17801	800	6000	12000	
17801	800	6500	25000	
17801	800	7000	25000	
17801	800	7500	25000	
17801	800	8000	25000	
17801	800	8500	25000	
17801	800	9000	25000	
17801	800	9500	25000	
17801	2200	0	200	
17801	2200	500	200	
17801	2200	1000	200	
17801	2200	1500	200	
17801	2200	2000	200	
17801	2200	2500	200	
17801	2200	3000	5000	
17801	2200	3500	5000	
17801	2200	4000	200	
17801	2200	4500	200	
17801	2200	5000	5000	
17801	2200	5500	5000	
17801	2200	6000	12000	
17801	2200	6500	25000	
17801	2200	7000	25000	
17801	2200	7500	25000	
17801	2200	8000	25000	
17801	2200	8500	25000	
17801	2200	9000	25000	
17801	2200	9500	25000	
17801	5000	0	200	
17801	5000	500	5000	
17801	5000	1000	5000	
17801	5000	1500	5000	
17801	5000	2000	12000	
17801	5000	2500	12000	
17801	5000	3000	5000	
17801	5000	3500	5000	
17801	5000	4000	5000	
17801	5000	4500	5000	
17801	5000	5000	5000	
17801	5000	5500	5000	
17801	5000	6000	12000	
17801	5000	6500	25000	
17801	5000	7000	25000	
17801	5000	7500	25000	
17801	5000	8000	25000	
17801	5000	8500	25000	
17801	5000	9000	25000	
17801	5000	9500	25000	
17801	12000	0	200	
17801	12000	500	5000	
17801	12000	1000	5000	
17801	12000	1500	12000	
17801	12000	2000	12000	
17801	12000	2500	12000	
17801	12000	3000	12000	
17801	12000	3500	12000	
17801	12000	4000	12000	
17801	12000	4500	12000	
17801	12000	5000	12000	
17801	12000	5500	12000	
17801	12000	6000	12000	
17801	12000	6500	25000	
17801	12000	7000	25000	
17801	12000	7500	25000	
17801	12000	8000	25000	
17801	12000	8500	25000	
17801	12000	9000	25000	
17801	12000	9500	25000	
17801	25000	0	200	
17801	25000	500	5000	
17801	25000	1000	5000	
17801	25000	1500	12000	
17801	25000	2000	12000	
17801	25000	2500	25000	
17801	25000	3000	25000	
17801	25000	3500	25000	
17801	25000	4000	25000	
17801	25000	4500	25000	
17801	25000	5000	25000	
17801	25000	5500	25000	
17801	25000	6000	25000	
17801	25000	6500	25000	
17801	25000	7000	25000	
17801	25000	7500	25000	
17801	25000	8000	25000	
17801	25000	8500	25000	
17801	25000	9000	25000	
17801	25000	9500	25000	
18001	200	0	200	
18001	200	500	200	
18001	200	1000	200	
18001	200	1500	200	
18001	200	2000	200	
18001	200	2500	200	
18001	200	3000	200	
18001	200	3500	200	
18001	200	4000	200	
18001	200	4500	200	
18001	200	5000	5000	
18001	200	5500	5000	
18001	200	6000	12000	
18001	200	6500	25000	
18001	200	7000	25000	
18001	200	7500	25000	
18001	200	8000	25000	
18001	200	8500	25000	
18001	200	9000	25000	
18001	200	9500	25000	
18001	800	0	200	
18001	800	500	200	
18001	800	1000	200	
18001	800	1500	200	
18001	800	2000	200	
18001	800	2500	200	
18001	800	3000	200	
18001	800	3500	200	
18001	800	4000	200	
18001	800	4500	200	
18001	800	5000	5000	
18001	800	5500	5000	
18001	800	6000	12000	
18001	800	6500	25000	
18001	800	7000	25000	
18001	800	7500	25000	
18001	800	8000	25000	
18001	800	8500	25000	
18001	800	9000	25000	
18001	800	9500	25000	
18001	2200	0	200	
18001	2200	500	200	
18001	2200	1000	200	
18001	2200	1500	200	
18001	2200	2000	200	
18001	2200	2500	200	
18001	2200	3000	5000	
18001	2200	3500	5000	
18001	2200	4000	200	
18001	2200	4500	200	
18001	2200	5000	5000	
18001	2200	5500	5000	
18001	2200	6000	12000	
18001	2200	6500	25000	
18001	2200	7000	25000	
18001	2200	7500	25000	
18001	2200	8000	25000	
18001	2200	8500	25000	
18001	2200	9000	25000	
18001	2200	9500	25000	
18001	5000	0	200	
18001	5000	500	5000	
18001	5000	1000	5000	
18001	5000	1500	5000	
18001	5000	2000	12000	
18001	5000	2500	12000	
18001	5000	3000	5000	
18001	5000	3500	5000	
18001	5000	4000	5000	
18001	5000	4500	5000	
18001	5000	5000	5000	
18001	5000	5500	5000	
18001	5000	6000	12000	
18001	5000	6500	25000	
18001	5000	7000	25000	
18001	5000	7500	25000	
18001	5000	8000	25000	
18001	5000	8500	25000	
18001	5000	9000	25000	
18001	5000	9500	25000	
18001	12000	0	200	
18001	12000	500	5000	
18001	12000	1000	5000	
18001	12000	1500	12000	
18001	12000	2000	12000	
18001	12000	2500	12000	
18001	12000	3000	12000	
18001	12000	3500	12000	
18001	12000	4000	12000	
18001	12000	4500	12000	
18001	12000	5000	12000	
18001	12000	5500	12000	
18001	12000	6000	12000	
18001	12000	6500	25000	
18001	12000	7000	25000	
18001	12000	7500	25000	
18001	12000	8000	25000	
18001	12000	8500	25000	
18001	12000	9000	25000	
18001	12000	9500	25000	
18001	25000	0	200	
18001	25000	500	5000	
18001	25000	1000	5000	
18001	25000	1500	12000	
18001	25000	2000	12000	
18001	25000	2500	25000	
18001	25000	3000	25000	
18001	25000	3500	25000	
18001	25000	4000	25000	
18001	25000	4500	25000	
18001	25000	5000	25000	
18001	25000	5500	25000	
18001	25000	6000	25000	
18001	25000	6500	25000	
18001	25000	7000	25000	
18001	25000	7500	25000	
18001	25000	8000	25000	
18001	25000	8500	25000	
18001	25000	9000	25000	
18001	25000	9500	25000	
18201	200	0	200	
18201	200	500	200	
18201	200	1000	200	
18201	200	1500	200	
18201	200	2000	200	
18201	200	2500	200	
18201	200	3000	200	
18201	200	3500	200	
18201	200	4000	200	
18201	200	4500	200	
18201	200	5000	5000	
18201	200	5500	5000	
18201	200	6000	12000	
18201	200	6500	25000	
18201	200	7000	25000	
18201	200	7500	25000	
18201	200	8000	25000	
18201	200	8500	25000	
18201	200	9000	25000	
18201	200	9500	25000	
18201	800	0	200	
18201	800	500	200	
18201	800	1000	200	
18201	800	1500	200	
18201	800	2000	200	
18201	800	2500	200	
18201	800	3000	200	
18201	800	3500	200	
18201	800	4000	200	
18201	800	4500	200	
18201	800	5000	5000	
18201	800	5500	5000	
18201	800	6000	12000	
18201	800	6500	25000	
18201	800	7000	25000	
18201	800	7500	25000	
18201	800	8000	25000	
18201	800	8500	25000	
18201	800	9000	25000	
18201	800	9500	25000	
18201	2200	0	200	
18201	2200	500	200	
18201	2200	1000	200	
18201	2200	1500	200	
18201	2200	2000	200	
18201	2200	2500	200	
18201	2200	3000	5000	
18201	2200	3500	5000	
18201	2200	4000	200	
18201	2200	4500	200	
18201	2200	5000	5000	
18201	2200	5500	5000	
18201	2200	6000	12000	
18201	2200	6500	25000	
18201	2200	7000	25000	
18201	2200	7500	25000	
18201	2200	8000	25000	
18201	2200	8500	25000	
18201	2200	9000	25000	
18201	2200	9500	25000	
18201	5000	0	200	
18201	5000	500	5000	
18201	5000	1000	5000	
18201	5000	1500	5000	
18201	5000	2000	12000	
18201	5000	2500	12000	
18201	5000	3000	5000	
18201	5000	3500	5000	
18201	5000	4000	5000	
18201	5000	4500	5000	
18201	5000	5000	5000	
18201	5000	5500	5000	
18201	5000	6000	12000	
18201	5000	6500	25000	
18201	5000	7000	25000	
18201	5000	7500	25000	
18201	5000	8000	25000	
18201	5000	8500	25000	
18201	5000	9000	25000	
18201	5000	9500	25000	
18201	12000	0	200	
18201	12000	500	5000	
18201	12000	1000	5000	
18201	12000	1500	12000	
18201	12000	2000	12000	
18201	12000	2500	12000	
18201	12000	3000	12000	
18201	12000	3500	12000	
18201	12000	4000	12000	
18201	12000	4500	12000	
18201	12000	5000	12000	
18201	12000	5500	12000	
18201	12000	6000	12000	
18201	12000	6500	25000	
18201	12000	7000	25000	
18201	12000	7500	25000	
18201	12000	8000	25000	
18201	12000	8500	25000	
18201	12000	9000	25000	
18201	12000	9500	25000	
18201	25000	0	200	
18201	25000	500	5000	
18201	25000	1000	5000	
18201	25000	1500	12000	
18201	25000	2000	12000	
18201	25000	2500	25000	
18201	25000	3000	25000	
18201	25000	3500	25000	
18201	25000	4000	25000	
18201	25000	4500	25000	
18201	25000	5000	25000	
18201	25000	5500	25000	
18201	25000	6000	25000	
18201	25000	6500	25000	
18201	25000	7000	25000	
18201	25000	7500	25000	
18201	25000	8000	25000	
18201	25000	8500	25000	
18201	25000	9000	25000	
18201	25000	9500	25000	
18401	200	0	200	
18401	200	500	200	
18401	200	1000	200	
18401	200	1500	200	
18401	200	2000	200	
18401	200	2500	200	
18401	200	3000	200	
18401	200	3500	200	
18401	200	4000	200	
18401	200	4500	200	
18401	200	5000	5000	
18401	200	5500	5000	
18401	200	6000	12000	
18401	200	6500	25000	
18401	200	7000	25000	
18401	200	7500	25000	
18401	200	8000	25000	
18401	200	8500	25000	
18401	200	9000	25000	
18401	200	9500	25000	
18401	800	0	200	
18401	800	500	200	
18401	800	1000	200	
18401	800	1500	200	
18401	800	2000	200	
18401	800	2500	200	
18401	800	3000	200	
18401	800	3500	200	
18401	800	4000	200	
18401	800	4500	200	
18401	800	5000	5000	
18401	800	5500	5000	
18401	800	6000	12000	
18401	800	6500	25000	
18401	800	7000	25000	
18401	800	7500	25000	
18401	800	8000	25000	
18401	800	8500	25000	
18401	800	9000	25000	
18401	800	9500	25000	
18401	2200	0	200	
18401	2200	500	200	
18401	2200	1000	200	
18401	2200	1500	200	
18401	2200	2000	200	
18401	2200	2500	200	
18401	2200	3000	5000	
18401	2200	3500	5000	
18401	2200	4000	200	
18401	2200	4500	200	
18401	2200	5000	5000	
18401	2200	5500	5000	
18401	2200	6000	12000	
18401	2200	6500	25000	
18401	2200	7000	25000	
18401	2200	7500	25000	
18401	2200	8000	25000	
18401	2200	8500	25000	
18401	2200	9000	25000	
18401	2200	9500	25000	
18401	5000	0	200	
18401	5000	500	5000	
18401	5000	1000	5000	
18401	5000	1500	5000	
18401	5000	2000	12000	
18401	5000	2500	12000	
18401	5000	3000	5000	
18401	5000	3500	5000	
18401	5000	4000	5000	
18401	5000	4500	5000	
18401	5000	5000	5000	
18401	5000	5500	5000	
18401	5000	6000	12000	
18401	5000	6500	25000	
18401	5000	7000	25000	
18401	5000	7500	25000	
18401	5000	8000	25000	
18401	5000	8500	25000	
18401	5000	9000	25000	
18401	5000	9500	25000	
18401	12000	0	200	
18401	12000	500	5000	
18401	12000	1000	5000	
18401	12000	1500	12000	
18401	12000	2000	12000	
18401	12000	2500	12000	
18401	12000	3000	12000	
18401	12000	3500	12000	
18401	12000	4000	12000	
18401	12000	4500	12000	
18401	12000	5000	12000	
18401	12000	5500	12000	
18401	12000	6000	12000	
18401	12000	6500	25000	
18401	12000	7000	25000	
18401	12000	7500	25000	
18401	12000	8000	25000	
18401	12000	8500	25000	
18401	12000	9000	25000	
18401	12000	9500	25000	
18401	25000	0	200	
18401	25000	500	5000	
18401	25000	1000	5000	
18401	25000	1500	12000	
18401	25000	2000	12000	
18401	25000	2500	25000	
18401	25000	3000	25000	
18401	25000	3500	25000	
18401	25000	4000	25000	
18401	25000	4500	25000	
18401	25000	5000	25000	
18401	25000	5500	25000	
18401	25000	6000	25000	
18401	25000	6500	25000	
18401	25000	7000	25000	
18401	25000	7500	25000	
18401	25000	8000	25000	
18401	25000	8500	25000	
18401	25000	9000	25000	
18401	25000	9500	25000	
18601	200	0	200	
18601	200	500	200	
18601	200	1000	200	
18601	200	1500	200	
18601	200	2000	200	
18601	200	2500	200	
18601	200	3000	200	
18601	200	3500	200	
18601	200	4000	200	
18601	200	4500	200	
18601	200	5000	5000	
18601	200	5500	5000	
18601	200	6000	12000	
18601	200	6500	25000	
18601	200	7000	25000	
18601	200	7500	25000	
18601	200	8000	25000	
18601	200	8500	25000	
18601	200	9000	25000	
18601	200	9500	25000	
18601	800	0	200	
18601	800	500	200	
18601	800	1000	200	
18601	800	1500	200	
18601	800	2000	200	
18601	800	2500	200	
18601	800	3000	200	
18601	800	3500	200	
18601	800	4000	200	
18601	800	4500	200	
18601	800	5000	5000	
18601	800	5500	5000	
18601	800	6000	12000	
18601	800	6500	25000	
18601	800	7000	25000	
18601	800	7500	25000	
18601	800	8000	25000	
18601	800	8500	25000	
18601	800	9000	25000	
18601	800	9500	25000	
18601	2200	0	200	
18601	2200	500	200	
18601	2200	1000	200	
18601	2200	1500	200	
18601	2200	2000	200	
18601	2200	2500	200	
18601	2200	3000	5000	
18601	2200	3500	5000	
18601	2200	4000	200	
18601	2200	4500	200	
18601	2200	5000	5000	
18601	2200	5500	5000	
18601	2200	6000	12000	
18601	2200	6500	25000	
18601	2200	7000	25000	
18601	2200	7500	25000	
18601	2200	8000	25000	
18601	2200	8500	25000	
18601	2200	9000	25000	
18601	2200	9500	25000	
18601	5000	0	200	
18601	5000	500	5000	
18601	5000	1000	5000	
18601	5000	1500	5000	
18601	5000	2000	12000	
18601	5000	2500	12000	
18601	5000	3000	5000	
18601	5000	3500	5000	
18601	5000	4000	5000	
18601	5000	4500	5000	
18601	5000	5000	5000	
18601	5000	5500	5000	
18601	5000	6000	12000	
18601	5000	6500	25000	
18601	5000	7000	25000	
18601	5000	7500	25000	
18601	5000	8000	25000	
18601	5000	8500	25000	
18601	5000	9000	25000	
18601	5000	9500	25000	
18601	12000	0	200	
18601	12000	500	5000	
18601	12000	1000	5000	
18601	12000	1500	12000	
18601	12000	2000	12000	
18601	12000	2500	12000	
18601	12000	3000	12000	
18601	12000	3500	12000	
18601	12000	4000	12000	
18601	12000	4500	12000	
18601	12000	5000	12000	
18601	12000	5500	12000	
18601	12000	6000	12000	
18601	12000	6500	25000	
18601	12000	7000	25000	
18601	12000	7500	25000	
18601	12000	8000	25000	
18601	12000	8500	25000	
18601	12000	9000	25000	
18601	12000	9500	25000	
18601	25000	0	200	
18601	25000	500	5000	
18601	25000	1000	5000	
18601	25000	1500	12000	
18601	25000	2000	12000	
18601	25000	2500	25000	
18601	25000	3000	25000	
18601	25000	3500	25000	
18601	25000	4000	25000	
18601	25000	4500	25000	
18601	25000	5000	25000	
18601	25000	5500	25000	
18601	25000	6000	25000	
18601	25000	6500	25000	
18601	25000	7000	25000	
18601	25000	7500	25000	
18601	25000	8000	25000	
18601	25000	8500	25000	
18601	25000	9000	25000	
18601	25000	9500	25000	
18801	200	0	200	
18801	200	500	200	
18801	200	1000	200	
18801	200	1500	200	
18801	200	2000	200	
18801	200	2500	200	
18801	200	3000	200	
18801	200	3500	200	
18801	200	4000	200	
18801	200	4500	200	
18801	200	5000	5000	
18801	200	5500	5000	
18801	200	6000	12000	
18801	200	6500	25000	
18801	200	7000	25000	
18801	200	7500	25000	
18801	200	8000	25000	
18801	200	8500	25000	
18801	200	9000	25000	
18801	200	9500	25000	
18801	800	0	200	
18801	800	500	200	
18801	800	1000	200	
18801	800	1500	200	
18801	800	2000	200	
18801	800	2500	200	
18801	800	3000	200	
18801	800	3500	200	
18801	800	4000	200	
18801	800	4500	200	
18801	800	5000	5000	
18801	800	5500	5000	
18801	800	6000	12000	
18801	800	6500	25000	
18801	800	7000	25000	
18801	800	7500	25000	
18801	800	8000	25000	
18801	800	8500	25000	
18801	800	9000	25000	
18801	800	9500	25000	
18801	2200	0	200	
18801	2200	500	200	
18801	2200	1000	200	
18801	2200	1500	200	
18801	2200	2000	200	
18801	2200	2500	200	
18801	2200	3000	5000	
18801	2200	3500	5000	
18801	2200	4000	200	
18801	2200	4500	200	
18801	2200	5000	5000	
18801	2200	5500	5000	
18801	2200	6000	12000	
18801	2200	6500	25000	
18801	2200	7000	25000	
18801	2200	7500	25000	
18801	2200	8000	25000	
18801	2200	8500	25000	
18801	2200	9000	25000	
18801	2200	9500	25000	
18801	5000	0	200	
18801	5000	500	5000	
18801	5000	1000	5000	
18801	5000	1500	5000	
18801	5000	2000	12000	
18801	5000	2500	12000	
18801	5000	3000	5000	
18801	5000	3500	5000	
18801	5000	4000	5000	
18801	5000	4500	5000	
18801	5000	5000	5000	
18801	5000	5500	5000	
18801	5000	6000	12000	
18801	5000	6500	25000	
18801	5000	7000	25000	
18801	5000	7500	25000	
18801	5000	8000	25000	
18801	5000	8500	25000	
18801	5000	9000	25000	
18801	5000	9500	25000	
18801	12000	0	200	
18801	12000	500	5000	
18801	12000	1000	5000	
18801	12000	1500	12000	
18801	12000	2000	12000	
18801	12000	2500	12000	
18801	12000	3000	12000	
18801	12000	3500	12000	
18801	12000	4000	12000	
18801	12000	4500	12000	
18801	12000	5000	12000	
18801	12000	5500	12000	
18801	12000	6000	12000	
18801	12000	6500	25000	
18801	12000	7000	25000	
18801	12000	7500	25000	
18801	12000	8000	25000	
18801	12000	8500	25000	
18801	12000	9000	25000	
18801	12000	9500	25000	
18801	25000	0	200	
18801	25000	500	5000	
18801	25000	1000	5000	
18801	25000	1500	12000	
18801	25000	2000	12000	
18801	25000	2500	25000	
18801	25000	3000	25000	
18801	25000	3500	25000	
18801	25000	4000	25000	
18801	25000	4500	25000	
18801	25000	5000	25000	
18801	25000	5500	25000	
18801	25000	6000	25000	
18801	25000	6500	25000	
18801	25000	7000	25000	
18801	25000	7500	25000	
18801	25000	8000	25000	
18801	25000	8500	25000	
18801	25000	9000	25000	
18801	25000	9500	25000	
19001	200	0	200	
19001	200	500	200	
19001	200	1000	200	
19001	200	1500	200	
19001	200	2000	200	
19001	200	2500	200	
19001	200	3000	200	
19001	200	3500	200	
19001	200	4000	200	
19001	200	4500	200	
19001	200	5000	5000	
19001	200	5500	5000	
19001	200	6000	12000	
19001	200	6500	25000	
19001	200	7000	25000	
19001	200	7500	25000	
19001	200	8000	25000	
19001	200	8500	25000	
19001	200	9000	25000	
19001	200	9500	25000	
19001	800	0	200	
19001	800	500	200	
19001	800	1000	200	
19001	800	1500	200	
19001	800	2000	200	
19001	800	2500	200	
19001	800	3000	200	
19001	800	3500	200	
19001	800	4000	200	
19001	800	4500	200	
19001	800	5000	5000	
19001	800	5500	5000	
19001	800	6000	12000	
19001	800	6500	25000	
19001	800	7000	25000	
19001	800	7500	25000	
19001	800	8000	25000	
19001	800	8500	25000	
19001	800	9000	25000	
19001	800	9500	25000	
19001	2200	0	200	
19001	2200	500	200	
19001	2200	1000	200	
19001	2200	1500	200	
19001	2200	2000	200	
19001	2200	2500	200	
19001	2200	3000	5000	
19001	2200	3500	5000	
19001	2200	4000	200	
19001	2200	4500	200	
19001	2200	5000	5000	
19001	2200	5500	5000	
19001	2200	6000	12000	
19001	2200	6500	25000	
19001	2200	7000	25000	
19001	2200	7500	25000	
19001	2200	8000	25000	
19001	2200	8500	25000	
19001	2200	9000	25000	
19001	2200	9500	25000	
19001	5000	0	200	
19001	5000	500	5000	
19001	5000	1000	5000	
19001	5000	1500	5000	
19001	5000	2000	12000	
19001	5000	2500	12000	
19001	5000	3000	5000	
19001	5000	3500	5000	
19001	5000	4000	5000	
19001	5000	4500	5000	
19001	5000	5000	5000	
19001	5000	5500	5000	
19001	5000	6000	12000	
19001	5000	6500	25000	
19001	5000	7000	25000	
19001	5000	7500	25000	
19001	5000	8000	25000	
19001	5000	8500	25000	
19001	5000	9000	25000	
19001	5000	9500	25000	
19001	12000	0	200	
19001	12000	500	5000	
19001	12000	1000	5000	
19001	12000	1500	12000	
19001	12000	2000	12000	
19001	12000	2500	12000	
19001	12000	3000	12000	
19001	12000	3500	12000	
19001	12000	4000	12000	
19001	12000	4500	12000	
19001	12000	5000	12000	
19001	12000	5500	12000	
19001	12000	6000	12000	
19001	12000	6500	25000	
19001	12000	7000	25000	
19001	12000	7500	25000	
19001	12000	8000	25000	
19001	12000	8500	25000	
19001	12000	9000	25000	
19001	12000	9500	25000	
19001	25000	0	200	
19001	25000	500	5000	
19001	25000	1000	5000	
19001	25000	1500	12000	
19001	25000	2000	12000	
19001	25000	2500	25000	
19001	25000	3000	25000	
19001	25000	3500	25000	
19001	25000	4000	25000	
19001	25000	4500	25000	
19001	25000	5000	25000	
19001	25000	5500	25000	
19001	25000	6000	25000	
19001	25000	6500	25000	
19001	25000	7000	25000	
19001	25000	7500	25000	
19001	25000	8000	25000	
19001	25000	8500	25000	
19001	25000	9000	25000	
19001	25000	9500	25000	
19201	200	0	200	
19201	200	500	200	
19201	200	1000	200	
19201	200	1500	200	
19201	200	2000	200	
19201	200	2500	200	
19201	200	3000	200	
19201	200	3500	200	
19201	200	4000	200	
19201	200	4500	200	
19201	200	5000	5000	
19201	200	5500	5000	
19201	200	6000	12000	
19201	200	6500	25000	
19201	200	7000	25000	
19201	200	7500	25000	
19201	200	8000	25000	
19201	200	8500	25000	
19201	200	9000	25000	
19201	200	9500	25000	
19201	800	0	200	
19201	800	500	200	
19201	800	1000	200	
19201	800	1500	200	
19201	800	2000	200	
19201	800	2500	200	
19201	800	3000	200	
19201	800	3500	200	
19201	800	4000	200	
19201	800	4500	200	
19201	800	5000	5000	
19201	800	5500	5000	
19201	800	6000	12000	
19201	800	6500	25000	
19201	800	7000	25000	
19201	800	7500	25000	
19201	800	8000	25000	
19201	800	8500	25000	
19201	800	9000	25000	
19201	800	9500	25000	
19201	2200	0	200	
19201	2200	500	200	
19201	2200	1000	200	
19201	2200	1500	200	
19201	2200	2000	200	
19201	2200	2500	200	
19201	2200	3000	5000	
19201	2200	3500	5000	
19201	2200	4000	200	
19201	2200	4500	200	
19201	2200	5000	5000	
19201	2200	5500	5000	
19201	2200	6000	12000	
19201	2200	6500	25000	
19201	2200	7000	25000	
19201	2200	7500	25000	
19201	2200	8000	25000	
19201	2200	8500	25000	
19201	2200	9000	25000	
19201	2200	9500	25000	
19201	5000	0	200	
19201	5000	500	5000	
19201	5000	1000	5000	
19201	5000	1500	5000	
19201	5000	2000	12000	
19201	5000	2500	12000	
19201	5000	3000	5000	
19201	5000	3500	5000	
19201	5000	4000	5000	
19201	5000	4500	5000	
19201	5000	5000	5000	
19201	5000	5500	5000	
19201	5000	6000	12000	
19201	5000	6500	25000	
19201	5000	7000	25000	
19201	5000	7500	25000	
19201	5000	8000	25000	
19201	5000	8500	25000	
19201	5000	9000	25000	
19201	5000	9500	25000	
19201	12000	0	200	
19201	12000	500	5000	
19201	12000	1000	5000	
19201	12000	1500	12000	
19201	12000	2000	12000	
19201	12000	2500	12000	
19201	12000	3000	12000	
19201	12000	3500	12000	
19201	12000	4000	12000	
19201	12000	4500	12000	
19201	12000	5000	12000	
19201	12000	5500	12000	
19201	12000	6000	12000	
19201	12000	6500	25000	
19201	12000	7000	25000	
19201	12000	7500	25000	
19201	12000	8000	25000	
19201	12000	8500	25000	
19201	12000	9000	25000	
19201	12000	9500	25000	
19201	25000	0	200	
19201	25000	500	5000	
19201	25000	1000	5000	
19201	25000	1500	12000	
19201	25000	2000	12000	
19201	25000	2500	25000	
19201	25000	3000	25000	
19201	25000	3500	25000	
19201	25000	4000	25000	
19201	25000	4500	25000	
19201	25000	5000	25000	
19201	25000	5500	25000	
19201	25000	6000	25000	
19201	25000	6500	25000	
19201	25000	7000	25000	
19201	25000	7500	25000	
19201	25000	8000	25000	
19201	25000	8500	25000	
19201	25000	9000	25000	
19201	25000	9500	25000	
19401	200	0	200	
19401	200	500	200	
19401	200	1000	200	
19401	200	1500	200	
19401	200	2000	200	
19401	200	2500	200	
19401	200	3000	200	
19401	200	3500	200	
19401	200	4000	200	
19401	200	4500	200	
19401	200	5000	5000	
19401	200	5500	5000	
19401	200	6000	12000	
19401	200	6500	25000	
19401	200	7000	25000	
19401	200	7500	25000	
19401	200	8000	25000	
19401	200	8500	25000	
19401	200	9000	25000	
19401	200	9500	25000	
19401	800	0	200	
19401	800	500	200	
19401	800	1000	200	
19401	800	1500	200	
19401	800	2000	200	
19401	800	2500	200	
19401	800	3000	200	
19401	800	3500	200	
19401	800	4000	200	
19401	800	4500	200	
19401	800	5000	5000	
19401	800	5500	5000	
19401	800	6000	12000	
19401	800	6500	25000	
19401	800	7000	25000	
19401	800	7500	25000	
19401	800	8000	25000	
19401	800	8500	25000	
19401	800	9000	25000	
19401	800	9500	25000	
19401	2200	0	200	
19401	2200	500	200	
19401	2200	1000	200	
19401	2200	1500	200	
19401	2200	2000	200	
19401	2200	2500	200	
19401	2200	3000	5000	
19401	2200	3500	5000	
19401	2200	4000	200	
19401	2200	4500	200	
19401	2200	5000	5000	
19401	2200	5500	5000	
19401	2200	6000	12000	
19401	2200	6500	25000	
19401	2200	7000	25000	
19401	2200	7500	25000	
19401	2200	8000	25000	
19401	2200	8500	25000	
19401	2200	9000	25000	
19401	2200	9500	25000	
19401	5000	0	200	
19401	5000	500	5000	
19401	5000	1000	5000	
19401	5000	1500	5000	
19401	5000	2000	12000	
19401	5000	2500	12000	
19401	5000	3000	5000	
19401	5000	3500	5000	
19401	5000	4000	5000	
19401	5000	4500	5000	
19401	5000	5000	5000	
19401	5000	5500	5000	
19401	5000	6000	12000	
19401	5000	6500	25000	
19401	5000	7000	25000	
19401	5000	7500	25000	
19401	5000	8000	25000	
19401	5000	8500	25000	
19401	5000	9000	25000	
19401	5000	9500	25000	
19401	12000	0	200	
19401	12000	500	5000	
19401	12000	1000	5000	
19401	12000	1500	12000	
19401	12000	2000	12000	
19401	12000	2500	12000	
19401	12000	3000	12000	
19401	12000	3500	12000	
19401	12000	4000	12000	
19401	12000	4500	12000	
19401	12000	5000	12000	
19401	12000	5500	12000	
19401	12000	6000	12000	
19401	12000	6500	25000	
19401	12000	7000	25000	
19401	12000	7500	25000	
19401	12000	8000	25000	
19401	12000	8500	25000	
19401	12000	9000	25000	
19401	12000	9500	25000	
19401	25000	0	200	
19401	25000	500	5000	
19401	25000	1000	5000	
19401	25000	1500	12000	
19401	25000	2000	12000	
19401	25000	2500	25000	
19401	25000	3000	25000	
19401	25000	3500	25000	
19401	25000	4000	25000	
19401	25000	4500	25000	
19401	25000	5000	25000	
19401	25000	5500	25000	
19401	25000	6000	25000	
19401	25000	6500	25000	
19401	25000	7000	25000	
19401	25000	7500	25000	
19401	25000	8000	25000	
19401	25000	8500	25000	
19401	25000	9000	25000	
19401	25000	9500	25000	
19601	200	0	200	
19601	200	500	200	
19601	200	1000	200	
19601	200	1500	200	
19601	200	2000	200	
19601	200	2500	200	
19601	200	3000	200	
19601	200	3500	200	
19601	200	4000	200	
19601	200	4500	200	
19601	200	5000	5000	
19601	200	5500	5000	
19601	200	6000	12000	
19601	200	6500	25000	
19601	200	7000	25000	
19601	200	7500	25000	
19601	200	8000	25000	
19601	200	8500	25000	
19601	200	9000	25000	
19601	200	9500	25000	
19601	800	0	200	
19601	800	500	200	
19601	800	1000	200	
19601	800	1500	200	
19601	800	2000	200	
19601	800	2500	200	
19601	800	3000	200	
19601	800	3500	200	
19601	800	4000	200	
19601	800	4500	200	
19601	800	5000	5000	
19601	800	5500	5000	
19601	800	6000	12000	
19601	800	6500	25000	
19601	800	7000	25000	
19601	800	7500	25000	
19601	800	8000	25000	
19601	800	8500	25000	
19601	800	9000	25000	
19601	800	9500	25000	
19601	2200	0	200	
19601	2200	500	200	
19601	2200	1000	200	
19601	2200	1500	200	
19601	2200	2000	200	
19601	2200	2500	200	
19601	2200	3000	5000	
19601	2200	3500	5000	
19601	2200	4000	200	
19601	2200	4500	200	
19601	2200	5000	5000	
19601	2200	5500	5000	
19601	2200	6000	12000	
19601	2200	6500	25000	
19601	2200	7000	25000	
19601	2200	7500	25000	
19601	2200	8000	25000	
19601	2200	8500	25000	
19601	2200	9000	25000	
19601	2200	9500	25000	
19601	5000	0	200	
19601	5000	500	5000	
19601	5000	1000	5000	
19601	5000	1500	5000	
19601	5000	2000	12000	
19601	5000	2500	12000	
19601	5000	3000	5000	
19601	5000	3500	5000	
19601	5000	4000	5000	
19601	5000	4500	5000	
19601	5000	5000	5000	
19601	5000	5500	5000	
19601	5000	6000	12000	
19601	5000	6500	25000	
19601	5000	7000	25000	
19601	5000	7500	25000	
19601	5000	8000	25000	
19601	5000	8500	25000	
19601	5000	9000	25000	
19601	5000	9500	25000	
19601	12000	0	200	
19601	12000	500	5000	
19601	12000	1000	5000	
19601	12000	1500	12000	
19601	12000	2000	12000	
19601	12000	2500	12000	
19601	12000	3000	12000	
19601	12000	3500	12000	
19601	12000	4000	12000	
19601	12000	4500	12000	
19601	12000	5000	12000	
19601	12000	5500	12000	
19601	12000	6000	12000	
19601	12000	6500	25000	
19601	12000	7000	25000	
19601	12000	7500	25000	
19601	12000	8000	25000	
19601	12000	8500	25000	
19601	12000	9000	25000	
19601	12000	9500	25000	
19601	25000	0	200	
19601	25000	500	5000	
19601	25000	1000	5000	
19601	25000	1500	12000	
19601	25000	2000	12000	
19601	25000	2500	25000	
19601	25000	3000	25000	
19601	25000	3500	25000	
19601	25000	4000	25000	
19601	25000	4500	25000	
19601	25000	5000	25000	
19601	25000	5500	25000	
19601	25000	6000	25000	
19601	25000	6500	25000	
19601	25000	7000	25000	
19601	25000	7500	25000	
19601	25000	8000	25000	
19601	25000	8500	25000	
19601	25000	9000	25000	
19601	25000	9500	25000	
19801	200	0	200	
19801	200	500	200	
19801	200	1000	200	
19801	200	1500	200	
19801	200	2000	200	
19801	200	2500	200	
19801	200	3000	200	
19801	200	3500	200	
19801	200	4000	200	
19801	200	4500	200	
19801	200	5000	5000	
19801	200	5500	5000	
19801	200	6000	12000	
19801	200	6500	25000	
19801	200	7000	25000	
19801	200	7500	25000	
19801	200	8000	25000	
19801	200	8500	25000	
19801	200	9000	25000	
19801	200	9500	25000	
19801	800	0	200	
19801	800	500	200	
19801	800	1000	200	
19801	800	1500	200	
19801	800	2000	200	
19801	800	2500	200	
19801	800	3000	200	
19801	800	3500	200	
19801	800	4000	200	
19801	800	4500	200	
19801	800	5000	5000	
19801	800	5500	5000	
19801	800	6000	12000	
19801	800	6500	25000	
19801	800	7000	25000	
19801	800	7500	25000	
19801	800	8000	25000	
19801	800	8500	25000	
19801	800	9000	25000	
19801	800	9500	25000	
19801	2200	0	200	
19801	2200	500	200	
19801	2200	1000	200	
19801	2200	1500	200	
19801	2200	2000	200	
19801	2200	2500	200	
19801	2200	3000	5000	
19801	2200	3500	5000	
19801	2200	4000	200	
19801	2200	4500	200	
19801	2200	5000	5000	
19801	2200	5500	5000	
19801	2200	6000	12000	
19801	2200	6500	25000	
19801	2200	7000	25000	
19801	2200	7500	25000	
19801	2200	8000	25000	
19801	2200	8500	25000	
19801	2200	9000	25000	
19801	2200	9500	25000	
19801	5000	0	200	
19801	5000	500	5000	
19801	5000	1000	5000	
19801	5000	1500	5000	
19801	5000	2000	12000	
19801	5000	2500	12000	
19801	5000	3000	5000	
19801	5000	3500	5000	
19801	5000	4000	5000	
19801	5000	4500	5000	
19801	5000	5000	5000	
19801	5000	5500	5000	
19801	5000	6000	12000	
19801	5000	6500	25000	
19801	5000	7000	25000	
19801	5000	7500	25000	
19801	5000	8000	25000	
19801	5000	8500	25000	
19801	5000	9000	25000	
19801	5000	9500	25000	
19801	12000	0	200	
19801	12000	500	5000	
19801	12000	1000	5000	
19801	12000	1500	12000	
19801	12000	2000	12000	
19801	12000	2500	12000	
19801	12000	3000	12000	
19801	12000	3500	12000	
19801	12000	4000	12000	
19801	12000	4500	12000	
19801	12000	5000	12000	
19801	12000	5500	12000	
19801	12000	6000	12000	
19801	12000	6500	25000	
19801	12000	7000	25000	
19801	12000	7500	25000	
19801	12000	8000	25000	
19801	12000	8500	25000	
19801	12000	9000	25000	
19801	12000	9500	25000	
19801	25000	0	200	
19801	25000	500	5000	
19801	25000	1000	5000	
19801	25000	1500	12000	
19801	25000	2000	12000	
19801	25000	2500	25000	
19801	25000	3000	25000	
19801	25000	3500	25000	
19801	25000	4000	25000	
19801	25000	4500	25000	
19801	25000	5000	25000	
19801	25000	5500	25000	
19801	25000	6000	25000	
19801	25000	6500	25000	
19801	25000	7000	25000	
19801	25000	7500	25000	
19801	25000	8000	25000	
19801	25000	8500	25000	
19801	25000	9000	25000	
19801	25000	9500	25000	
20001	200	0	200	
20001	200	500	200	
20001	200	1000	200	
20001	200	1500	200	
20001	200	2000	200	
20001	200	2500	200	
20001	200	3000	200	
20001	200	3500	200	
20001	200	4000	200	
20001	200	4500	200	
20001	200	5000	5000	
20001	200	5500	5000	
20001	200	6000	12000	
20001	200	6500	25000	
20001	200	7000	25000	
20001	200	7500	25000	
20001	200	8000	25000	
20001	200	8500	25000	
20001	200	9000	25000	
20001	200	9500	25000	
20001	800	0	200	
20001	800	500	200	
20001	800	1000	200	
20001	800	1500	200	
20001	800	2000	200	
20001	800	2500	200	
20001	800	3000	200	
20001	800	3500	200	
20001	800	4000	200	
20001	800	4500	200	
20001	800	5000	5000	
20001	800	5500	5000	
20001	800	6000	12000	
20001	800	6500	25000	
20001	800	7000	25000	
20001	800	7500	25000	
20001	800	8000	25000	
20001	800	8500	25000	
20001	800	9000	25000	
20001	800	9500	25000	
20001	2200	0	200	
20001	2200	500	200	
20001	2200	1000	200	
20001	2200	1500	200	
20001	2200	2000	200	
20001	2200	2500	200	
20001	2200	3000	5000	
20001	2200	3500	5000	
20001	2200	4000	200	
20001	2200	4500	200	
20001	2200	5000	5000	
20001	2200	5500	5000	
20001	2200	6000	12000	
20001	2200	6500	25000	
20001	2200	7000	25000	
20001	2200	7500	25000	
20001	2200	8000	25000	
20001	2200	8500	25000	
20001	2200	9000	25000	
20001	2200	9500	25000	
20001	5000	0	200	
20001	5000	500	5000	
20001	5000	1000	5000	
20001	5000	1500	5000	
20001	5000	2000	12000	
20001	5000	2500	12000	
20001	5000	3000	5000	
20001	5000	3500	5000	
20001	5000	4000	5000	
20001	5000	4500	5000	
20001	5000	5000	5000	
20001	5000	5500	5000	
20001	5000	6000	12000	
20001	5000	6500	25000	
20001	5000	7000	25000	
20001	5000	7500	25000	
20001	5000	8000	25000	
20001	5000	8500	25000	
20001	5000	9000	25000	
20001	5000	9500	25000	
20001	12000	0	200	
20001	12000	500	5000	
20001	12000	1000	5000	
20001	12000	1500	12000	
20001	12000	2000	12000	
20001	12000	2500	12000	
20001	12000	3000	12000	
20001	12000	3500	12000	
20001	12000	4000	12000	
20001	12000	4500	12000	
20001	12000	5000	12000	
20001	12000	5500	12000	
20001	12000	6000	12000	
20001	12000	6500	25000	
20001	12000	7000	25000	
20001	12000	7500	25000	
20001	12000	8000	25000	
20001	12000	8500	25000	
20001	12000	9000	25000	
20001	12000	9500	25000	
20001	25000	0	200	
20001	25000	500	5000	
20001	25000	1000	5000	
20001	25000	1500	12000	
20001	25000	2000	12000	
20001	25000	2500	25000	
20001	25000	3000	25000	
20001	25000	3500	25000	
20001	25000	4000	25000	
20001	25000	4500	25000	
20001	25000	5000	25000	
20001	25000	5500	25000	
20001	25000	6000	25000	
20001	25000	6500	25000	
20001	25000	7000	25000	
20001	25000	7500	25000	
20001	25000	8000	25000	
20001	25000	8500	25000	
20001	25000	9000	25000	
20001	25000	9500	25000	
20201	200	0	200	
20201	200	500	200	
20201	200	1000	200	
20201	200	1500	200	
20201	200	2000	200	
20201	200	2500	200	
20201	200	3000	200	
20201	200	3500	200	
20201	200	4000	200	
20201	200	4500	200	
20201	200	5000	5000	
20201	200	5500	5000	
20201	200	6000	12000	
20201	200	6500	25000	
20201	200	7000	25000	
20201	200	7500	25000	
20201	200	8000	25000	
20201	200	8500	25000	
20201	200	9000	25000	
20201	200	9500	25000	
20201	800	0	200	
20201	800	500	200	
20201	800	1000	200	
20201	800	1500	200	
20201	800	2000	200	
20201	800	2500	200	
20201	800	3000	200	
20201	800	3500	200	
20201	800	4000	200	
20201	800	4500	200	
20201	800	5000	5000	
20201	800	5500	5000	
20201	800	6000	12000	
20201	800	6500	25000	
20201	800	7000	25000	
20201	800	7500	25000	
20201	800	8000	25000	
20201	800	8500	25000	
20201	800	9000	25000	
20201	800	9500	25000	
20201	2200	0	200	
20201	2200	500	200	
20201	2200	1000	200	
20201	2200	1500	200	
20201	2200	2000	200	
20201	2200	2500	200	
20201	2200	3000	5000	
20201	2200	3500	5000	
20201	2200	4000	200	
20201	2200	4500	200	
20201	2200	5000	5000	
20201	2200	5500	5000	
20201	2200	6000	12000	
20201	2200	6500	25000	
20201	2200	7000	25000	
20201	2200	7500	25000	
20201	2200	8000	25000	
20201	2200	8500	25000	
20201	2200	9000	25000	
20201	2200	9500	25000	
20201	5000	0	200	
20201	5000	500	5000	
20201	5000	1000	5000	
20201	5000	1500	5000	
20201	5000	2000	12000	
20201	5000	2500	12000	
20201	5000	3000	5000	
20201	5000	3500	5000	
20201	5000	4000	5000	
20201	5000	4500	5000	
20201	5000	5000	5000	
20201	5000	5500	5000	
20201	5000	6000	12000	
20201	5000	6500	25000	
20201	5000	7000	25000	
20201	5000	7500	25000	
20201	5000	8000	25000	
20201	5000	8500	25000	
20201	5000	9000	25000	
20201	5000	9500	25000	
20201	12000	0	200	
20201	12000	500	5000	
20201	12000	1000	5000	
20201	12000	1500	12000	
20201	12000	2000	12000	
20201	12000	2500	12000	
20201	12000	3000	12000	
20201	12000	3500	12000	
20201	12000	4000	12000	
20201	12000	4500	12000	
20201	12000	5000	12000	
20201	12000	5500	12000	
20201	12000	6000	12000	
20201	12000	6500	25000	
20201	12000	7000	25000	
20201	12000	7500	25000	
20201	12000	8000	25000	
20201	12000	8500	25000	
20201	12000	9000	25000	
20201	12000	9500	25000	
20201	25000	0	200	
20201	25000	500	5000	
20201	25000	1000	5000	
20201	25000	1500	12000	
20201	25000	2000	12000	
20201	25000	2500	25000	
20201	25000	3000	25000	
20201	25000	3500	25000	
20201	25000	4000	25000	
20201	25000	4500	25000	
20201	25000	5000	25000	
20201	25000	5500	25000	
20201	25000	6000	25000	
20201	25000	6500	25000	
20201	25000	7000	25000	
20201	25000	7500	25000	
20201	25000	8000	25000	
20201	25000	8500	25000	
20201	25000	9000	25000	
20201	25000	9500	25000	
20401	200	0	200	
20401	200	500	200	
20401	200	1000	200	
20401	200	1500	200	
20401	200	2000	200	
20401	200	2500	200	
20401	200	3000	200	
20401	200	3500	200	
20401	200	4000	200	
20401	200	4500	200	
20401	200	5000	5000	
20401	200	5500	5000	
20401	200	6000	12000	
20401	200	6500	25000	
20401	200	7000	25000	
20401	200	7500	25000	
20401	200	8000	25000	
20401	200	8500	25000	
20401	200	9000	25000	
20401	200	9500	25000	
20401	800	0	200	
20401	800	500	200	
20401	800	1000	200	
20401	800	1500	200	
20401	800	2000	200	
20401	800	2500	200	
20401	800	3000	200	
20401	800	3500	200	
20401	800	4000	200	
20401	800	4500	200	
20401	800	5000	5000	
20401	800	5500	5000	
20401	800	6000	12000	
20401	800	6500	25000	
20401	800	7000	25000	
20401	800	7500	25000	
20401	800	8000	25000	
20401	800	8500	25000	
20401	800	9000	25000	
20401	800	9500	25000	
20401	2200	0	200	
20401	2200	500	200	
20401	2200	1000	200	
20401	2200	1500	200	
20401	2200	2000	200	
20401	2200	2500	200	
20401	2200	3000	5000	
20401	2200	3500	5000	
20401	2200	4000	200	
20401	2200	4500	200	
20401	2200	5000	5000	
20401	2200	5500	5000	
20401	2200	6000	12000	
20401	2200	6500	25000	
20401	2200	7000	25000	
20401	2200	7500	25000	
20401	2200	8000	25000	
20401	2200	8500	25000	
20401	2200	9000	25000	
20401	2200	9500	25000	
20401	5000	0	200	
20401	5000	500	5000	
20401	5000	1000	5000	
20401	5000	1500	5000	
20401	5000	2000	12000	
20401	5000	2500	12000	
20401	5000	3000	5000	
20401	5000	3500	5000	
20401	5000	4000	5000	
20401	5000	4500	5000	
20401	5000	5000	5000	
20401	5000	5500	5000	
20401	5000	6000	12000	
20401	5000	6500	25000	
20401	5000	7000	25000	
20401	5000	7500	25000	
20401	5000	8000	25000	
20401	5000	8500	25000	
20401	5000	9000	25000	
20401	5000	9500	25000	
20401	12000	0	200	
20401	12000	500	5000	
20401	12000	1000	5000	
20401	12000	1500	12000	
20401	12000	2000	12000	
20401	12000	2500	12000	
20401	12000	3000	12000	
20401	12000	3500	12000	
20401	12000	4000	12000	
20401	12000	4500	12000	
20401	12000	5000	12000	
20401	12000	5500	12000	
20401	12000	6000	12000	
20401	12000	6500	25000	
20401	12000	7000	25000	
20401	12000	7500	25000	
20401	12000	8000	25000	
20401	12000	8500	25000	
20401	12000	9000	25000	
20401	12000	9500	25000	
20401	25000	0	200	
20401	25000	500	5000	
20401	25000	1000	5000	
20401	25000	1500	12000	
20401	25000	2000	12000	
20401	25000	2500	25000	
20401	25000	3000	25000	
20401	25000	3500	25000	
20401	25000	4000	25000	
20401	25000	4500	25000	
20401	25000	5000	25000	
20401	25000	5500	25000	
20401	25000	6000	25000	
20401	25000	6500	25000	
20401	25000	7000	25000	
20401	25000	7500	25000	
20401	25000	8000	25000	
20401	25000	8500	25000	
20401	25000	9000	25000	
20401	25000	9500	25000	
20601	200	0	200	
20601	200	500	200	
20601	200	1000	200	
20601	200	1500	200	
20601	200	2000	200	
20601	200	2500	200	
20601	200	3000	200	
20601	200	3500	200	
20601	200	4000	200	
20601	200	4500	200	
20601	200	5000	5000	
20601	200	5500	5000	
20601	200	6000	12000	
20601	200	6500	25000	
20601	200	7000	25000	
20601	200	7500	25000	
20601	200	8000	25000	
20601	200	8500	25000	
20601	200	9000	25000	
20601	200	9500	25000	
20601	800	0	200	
20601	800	500	200	
20601	800	1000	200	
20601	800	1500	200	
20601	800	2000	200	
20601	800	2500	200	
20601	800	3000	200	
20601	800	3500	200	
20601	800	4000	200	
20601	800	4500	200	
20601	800	5000	5000	
20601	800	5500	5000	
20601	800	6000	12000	
20601	800	6500	25000	
20601	800	7000	25000	
20601	800	7500	25000	
20601	800	8000	25000	
20601	800	8500	25000	
20601	800	9000	25000	
20601	800	9500	25000	
20601	2200	0	200	
20601	2200	500	200	
20601	2200	1000	200	
20601	2200	1500	200	
20601	2200	2000	200	
20601	2200	2500	200	
20601	2200	3000	5000	
20601	2200	3500	5000	
20601	2200	4000	200	
20601	2200	4500	200	
20601	2200	5000	5000	
20601	2200	5500	5000	
20601	2200	6000	12000	
20601	2200	6500	25000	
20601	2200	7000	25000	
20601	2200	7500	25000	
20601	2200	8000	25000	
20601	2200	8500	25000	
20601	2200	9000	25000	
20601	2200	9500	25000	
20601	5000	0	200	
20601	5000	500	5000	
20601	5000	1000	5000	
20601	5000	1500	5000	
20601	5000	2000	12000	
20601	5000	2500	12000	
20601	5000	3000	5000	
20601	5000	3500	5000	
20601	5000	4000	5000	
20601	5000	4500	5000	
20601	5000	5000	5000	
20601	5000	5500	5000	
20601	5000	6000	12000	
20601	5000	6500	25000	
20601	5000	7000	25000	
20601	5000	7500	25000	
20601	5000	8000	25000	
20601	5000	8500	25000	
20601	5000	9000	25000	
20601	5000	9500	25000	
20601	12000	0	200	
20601	12000	500	5000	
20601	12000	1000	5000	
20601	12000	1500	12000	
20601	12000	2000	12000	
20601	12000	2500	12000	
20601	12000	3000	12000	
20601	12000	3500	12000	
20601	12000	4000	12000	
20601	12000	4500	12000	
20601	12000	5000	12000	
20601	12000	5500	12000	
20601	12000	6000	12000	
20601	12000	6500	25000	
20601	12000	7000	25000	
20601	12000	7500	25000	
20601	12000	8000	25000	
20601	12000	8500	25000	
20601	12000	9000	25000	
20601	12000	9500	25000	
20601	25000	0	200	
20601	25000	500	5000	
20601	25000	1000	5000	
20601	25000	1500	12000	
20601	25000	2000	12000	
20601	25000	2500	25000	
20601	25000	3000	25000	
20601	25000	3500	25000	
20601	25000	4000	25000	
20601	25000	4500	25000	
20601	25000	5000	25000	
20601	25000	5500	25000	
20601	25000	6000	25000	
20601	25000	6500	25000	
20601	25000	7000	25000	
20601	25000	7500	25000	
20601	25000	8000	25000	
20601	25000	8500	25000	
20601	25000	9000	25000	
20601	25000	9500	25000	
20801	200	0	200	
20801	200	500	200	
20801	200	1000	200	
20801	200	1500	200	
20801	200	2000	200	
20801	200	2500	200	
20801	200	3000	200	
20801	200	3500	200	
20801	200	4000	200	
20801	200	4500	200	
20801	200	5000	5000	
20801	200	5500	5000	
20801	200	6000	12000	
20801	200	6500	25000	
20801	200	7000	25000	
20801	200	7500	25000	
20801	200	8000	25000	
20801	200	8500	25000	
20801	200	9000	25000	
20801	200	9500	25000	
20801	800	0	200	
20801	800	500	200	
20801	800	1000	200	
20801	800	1500	200	
20801	800	2000	200	
20801	800	2500	200	
20801	800	3000	200	
20801	800	3500	200	
20801	800	4000	200	
20801	800	4500	200	
20801	800	5000	5000	
20801	800	5500	5000	
20801	800	6000	12000	
20801	800	6500	25000	
20801	800	7000	25000	
20801	800	7500	25000	
20801	800	8000	25000	
20801	800	8500	25000	
20801	800	9000	25000	
20801	800	9500	25000	
20801	2200	0	200	
20801	2200	500	200	
20801	2200	1000	200	
20801	2200	1500	200	
20801	2200	2000	200	
20801	2200	2500	200	
20801	2200	3000	5000	
20801	2200	3500	5000	
20801	2200	4000	200	
20801	2200	4500	200	
20801	2200	5000	5000	
20801	2200	5500	5000	
20801	2200	6000	12000	
20801	2200	6500	25000	
20801	2200	7000	25000	
20801	2200	7500	25000	
20801	2200	8000	25000	
20801	2200	8500	25000	
20801	2200	9000	25000	
20801	2200	9500	25000	
20801	5000	0	200	
20801	5000	500	5000	
20801	5000	1000	5000	
20801	5000	1500	5000	
20801	5000	2000	12000	
20801	5000	2500	12000	
20801	5000	3000	5000	
20801	5000	3500	5000	
20801	5000	4000	5000	
20801	5000	4500	5000	
20801	5000	5000	5000	
20801	5000	5500	5000	
20801	5000	6000	12000	
20801	5000	6500	25000	
20801	5000	7000	25000	
20801	5000	7500	25000	
20801	5000	8000	25000	
20801	5000	8500	25000	
20801	5000	9000	25000	
20801	5000	9500	25000	
20801	12000	0	200	
20801	12000	500	5000	
20801	12000	1000	5000	
20801	12000	1500	12000	
20801	12000	2000	12000	
20801	12000	2500	12000	
20801	12000	3000	12000	
20801	12000	3500	12000	
20801	12000	4000	12000	
20801	12000	4500	12000	
20801	12000	5000	12000	
20801	12000	5500	12000	
20801	12000	6000	12000	
20801	12000	6500	25000	
20801	12000	7000	25000	
20801	12000	7500	25000	
20801	12000	8000	25000	
20801	12000	8500	25000	
20801	12000	9000	25000	
20801	12000	9500	25000	
20801	25000	0	200	
20801	25000	500	5000	
20801	25000	1000	5000	
20801	25000	1500	12000	
20801	25000	2000	12000	
20801	25000	2500	25000	
20801	25000	3000	25000	
20801	25000	3500	25000	
20801	25000	4000	25000	
20801	25000	4500	25000	
20801	25000	5000	25000	
20801	25000	5500	25000	
20801	25000	6000	25000	
20801	25000	6500	25000	
20801	25000	7000	25000	
20801	25000	7500	25000	
20801	25000	8000	25000	
20801	25000	8500	25000	
20801	25000	9000	25000	
20801	25000	9500	25000	
21001	200	0	200	
21001	200	500	200	
21001	200	1000	200	
21001	200	1500	200	
21001	200	2000	200	
21001	200	2500	200	
21001	200	3000	200	
21001	200	3500	200	
21001	200	4000	200	
21001	200	4500	200	
21001	200	5000	5000	
21001	200	5500	5000	
21001	200	6000	12000	
21001	200	6500	25000	
21001	200	7000	25000	
21001	200	7500	25000	
21001	200	8000	25000	
21001	200	8500	25000	
21001	200	9000	25000	
21001	200	9500	25000	
21001	800	0	200	
21001	800	500	200	
21001	800	1000	200	
21001	800	1500	200	
21001	800	2000	200	
21001	800	2500	200	
21001	800	3000	200	
21001	800	3500	200	
21001	800	4000	200	
21001	800	4500	200	
21001	800	5000	5000	
21001	800	5500	5000	
21001	800	6000	12000	
21001	800	6500	25000	
21001	800	7000	25000	
21001	800	7500	25000	
21001	800	8000	25000	
21001	800	8500	25000	
21001	800	9000	25000	
21001	800	9500	25000	
21001	2200	0	200	
21001	2200	500	200	
21001	2200	1000	200	
21001	2200	1500	200	
21001	2200	2000	200	
21001	2200	2500	200	
21001	2200	3000	5000	
21001	2200	3500	5000	
21001	2200	4000	200	
21001	2200	4500	200	
21001	2200	5000	5000	
21001	2200	5500	5000	
21001	2200	6000	12000	
21001	2200	6500	25000	
21001	2200	7000	25000	
21001	2200	7500	25000	
21001	2200	8000	25000	
21001	2200	8500	25000	
21001	2200	9000	25000	
21001	2200	9500	25000	
21001	5000	0	200	
21001	5000	500	5000	
21001	5000	1000	5000	
21001	5000	1500	5000	
21001	5000	2000	12000	
21001	5000	2500	12000	
21001	5000	3000	5000	
21001	5000	3500	5000	
21001	5000	4000	5000	
21001	5000	4500	5000	
21001	5000	5000	5000	
21001	5000	5500	5000	
21001	5000	6000	12000	
21001	5000	6500	25000	
21001	5000	7000	25000	
21001	5000	7500	25000	
21001	5000	8000	25000	
21001	5000	8500	25000	
21001	5000	9000	25000	
21001	5000	9500	25000	
21001	12000	0	200	
21001	12000	500	5000	
21001	12000	1000	5000	
21001	12000	1500	12000	
21001	12000	2000	12000	
21001	12000	2500	12000	
21001	12000	3000	12000	
21001	12000	3500	12000	
21001	12000	4000	12000	
21001	12000	4500	12000	
21001	12000	5000	12000	
21001	12000	5500	12000	
21001	12000	6000	12000	
21001	12000	6500	25000	
21001	12000	7000	25000	
21001	12000	7500	25000	
21001	12000	8000	25000	
21001	12000	8500	25000	
21001	12000	9000	25000	
21001	12000	9500	25000	
21001	25000	0	200	
21001	25000	500	5000	
21001	25000	1000	5000	
21001	25000	1500	12000	
21001	25000	2000	12000	
21001	25000	2500	25000	
21001	25000	3000	25000	
21001	25000	3500	25000	
21001	25000	4000	25000	
21001	25000	4500	25000	
21001	25000	5000	25000	
21001	25000	5500	25000	
21001	25000	6000	25000	
21001	25000	6500	25000	
21001	25000	7000	25000	
21001	25000	7500	25000	
21001	25000	8000	25000	
21001	25000	8500	25000	
21001	25000	9000	25000	
21001	25000	9500	25000	
21201	200	0	200	
21201	200	500	200	
21201	200	1000	200	
21201	200	1500	200	
21201	200	2000	200	
21201	200	2500	200	
21201	200	3000	200	
21201	200	3500	200	
21201	200	4000	200	
21201	200	4500	200	
21201	200	5000	5000	
21201	200	5500	5000	
21201	200	6000	12000	
21201	200	6500	25000	
21201	200	7000	25000	
21201	200	7500	25000	
21201	200	8000	25000	
21201	200	8500	25000	
21201	200	9000	25000	
21201	200	9500	25000	
21201	800	0	200	
21201	800	500	200	
21201	800	1000	200	
21201	800	1500	200	
21201	800	2000	200	
21201	800	2500	200	
21201	800	3000	200	
21201	800	3500	200	
21201	800	4000	200	
21201	800	4500	200	
21201	800	5000	5000	
21201	800	5500	5000	
21201	800	6000	12000	
21201	800	6500	25000	
21201	800	7000	25000	
21201	800	7500	25000	
21201	800	8000	25000	
21201	800	8500	25000	
21201	800	9000	25000	
21201	800	9500	25000	
21201	2200	0	200	
21201	2200	500	200	
21201	2200	1000	200	
21201	2200	1500	200	
21201	2200	2000	200	
21201	2200	2500	200	
21201	2200	3000	5000	
21201	2200	3500	5000	
21201	2200	4000	200	
21201	2200	4500	200	
21201	2200	5000	5000	
21201	2200	5500	5000	
21201	2200	6000	12000	
21201	2200	6500	25000	
21201	2200	7000	25000	
21201	2200	7500	25000	
21201	2200	8000	25000	
21201	2200	8500	25000	
21201	2200	9000	25000	
21201	2200	9500	25000	
21201	5000	0	200	
21201	5000	500	5000	
21201	5000	1000	5000	
21201	5000	1500	5000	
21201	5000	2000	12000	
21201	5000	2500	12000	
21201	5000	3000	5000	
21201	5000	3500	5000	
21201	5000	4000	5000	
21201	5000	4500	5000	
21201	5000	5000	5000	
21201	5000	5500	5000	
21201	5000	6000	12000	
21201	5000	6500	25000	
21201	5000	7000	25000	
21201	5000	7500	25000	
21201	5000	8000	25000	
21201	5000	8500	25000	
21201	5000	9000	25000	
21201	5000	9500	25000	
21201	12000	0	200	
21201	12000	500	5000	
21201	12000	1000	5000	
21201	12000	1500	12000	
21201	12000	2000	12000	
21201	12000	2500	12000	
21201	12000	3000	12000	
21201	12000	3500	12000	
21201	12000	4000	12000	
21201	12000	4500	12000	
21201	12000	5000	12000	
21201	12000	5500	12000	
21201	12000	6000	12000	
21201	12000	6500	25000	
21201	12000	7000	25000	
21201	12000	7500	25000	
21201	12000	8000	25000	
21201	12000	8500	25000	
21201	12000	9000	25000	
21201	12000	9500	25000	
21201	25000	0	200	
21201	25000	500	5000	
21201	25000	1000	5000	
21201	25000	1500	12000	
21201	25000	2000	12000	
21201	25000	2500	25000	
21201	25000	3000	25000	
21201	25000	3500	25000	
21201	25000	4000	25000	
21201	25000	4500	25000	
21201	25000	5000	25000	
21201	25000	5500	25000	
21201	25000	6000	25000	
21201	25000	6500	25000	
21201	25000	7000	25000	
21201	25000	7500	25000	
21201	25000	8000	25000	
21201	25000	8500	25000	
21201	25000	9000	25000	
21201	25000	9500	25000	
21401	200	0	200	
21401	200	500	200	
21401	200	1000	200	
21401	200	1500	200	
21401	200	2000	200	
21401	200	2500	200	
21401	200	3000	200	
21401	200	3500	200	
21401	200	4000	200	
21401	200	4500	200	
21401	200	5000	5000	
21401	200	5500	5000	
21401	200	6000	12000	
21401	200	6500	25000	
21401	200	7000	25000	
21401	200	7500	25000	
21401	200	8000	25000	
21401	200	8500	25000	
21401	200	9000	25000	
21401	200	9500	25000	
21401	800	0	200	
21401	800	500	200	
21401	800	1000	200	
21401	800	1500	200	
21401	800	2000	200	
21401	800	2500	200	
21401	800	3000	200	
21401	800	3500	200	
21401	800	4000	200	
21401	800	4500	200	
21401	800	5000	5000	
21401	800	5500	5000	
21401	800	6000	12000	
21401	800	6500	25000	
21401	800	7000	25000	
21401	800	7500	25000	
21401	800	8000	25000	
21401	800	8500	25000	
21401	800	9000	25000	
21401	800	9500	25000	
21401	2200	0	200	
21401	2200	500	200	
21401	2200	1000	200	
21401	2200	1500	200	
21401	2200	2000	200	
21401	2200	2500	200	
21401	2200	3000	5000	
21401	2200	3500	5000	
21401	2200	4000	200	
21401	2200	4500	200	
21401	2200	5000	5000	
21401	2200	5500	5000	
21401	2200	6000	12000	
21401	2200	6500	25000	
21401	2200	7000	25000	
21401	2200	7500	25000	
21401	2200	8000	25000	
21401	2200	8500	25000	
21401	2200	9000	25000	
21401	2200	9500	25000	
21401	5000	0	200	
21401	5000	500	5000	
21401	5000	1000	5000	
21401	5000	1500	5000	
21401	5000	2000	12000	
21401	5000	2500	12000	
21401	5000	3000	5000	
21401	5000	3500	5000	
21401	5000	4000	5000	
21401	5000	4500	5000	
21401	5000	5000	5000	
21401	5000	5500	5000	
21401	5000	6000	12000	
21401	5000	6500	25000	
21401	5000	7000	25000	
21401	5000	7500	25000	
21401	5000	8000	25000	
21401	5000	8500	25000	
21401	5000	9000	25000	
21401	5000	9500	25000	
21401	12000	0	200	
21401	12000	500	5000	
21401	12000	1000	5000	
21401	12000	1500	12000	
21401	12000	2000	12000	
21401	12000	2500	12000	
21401	12000	3000	12000	
21401	12000	3500	12000	
21401	12000	4000	12000	
21401	12000	4500	12000	
21401	12000	5000	12000	
21401	12000	5500	12000	
21401	12000	6000	12000	
21401	12000	6500	25000	
21401	12000	7000	25000	
21401	12000	7500	25000	
21401	12000	8000	25000	
21401	12000	8500	25000	
21401	12000	9000	25000	
21401	12000	9500	25000	
21401	25000	0	200	
21401	25000	500	5000	
21401	25000	1000	5000	
21401	25000	1500	12000	
21401	25000	2000	12000	
21401	25000	2500	25000	
21401	25000	3000	25000	
21401	25000	3500	25000	
21401	25000	4000	25000	
21401	25000	4500	25000	
21401	25000	5000	25000	
21401	25000	5500	25000	
21401	25000	6000	25000	
21401	25000	6500	25000	
21401	25000	7000	25000	
21401	25000	7500	25000	
21401	25000	8000	25000	
21401	25000	8500	25000	
21401	25000	9000	25000	
21401	25000	9500	25000	
21601	200	0	200	
21601	200	500	200	
21601	200	1000	200	
21601	200	1500	200	
21601	200	2000	200	
21601	200	2500	200	
21601	200	3000	200	
21601	200	3500	200	
21601	200	4000	200	
21601	200	4500	200	
21601	200	5000	5000	
21601	200	5500	5000	
21601	200	6000	12000	
21601	200	6500	25000	
21601	200	7000	25000	
21601	200	7500	25000	
21601	200	8000	25000	
21601	200	8500	25000	
21601	200	9000	25000	
21601	200	9500	25000	
21601	800	0	200	
21601	800	500	200	
21601	800	1000	200	
21601	800	1500	200	
21601	800	2000	200	
21601	800	2500	200	
21601	800	3000	200	
21601	800	3500	200	
21601	800	4000	200	
21601	800	4500	200	
21601	800	5000	5000	
21601	800	5500	5000	
21601	800	6000	12000	
21601	800	6500	25000	
21601	800	7000	25000	
21601	800	7500	25000	
21601	800	8000	25000	
21601	800	8500	25000	
21601	800	9000	25000	
21601	800	9500	25000	
21601	2200	0	200	
21601	2200	500	200	
21601	2200	1000	200	
21601	2200	1500	200	
21601	2200	2000	200	
21601	2200	2500	200	
21601	2200	3000	5000	
21601	2200	3500	5000	
21601	2200	4000	200	
21601	2200	4500	200	
21601	2200	5000	5000	
21601	2200	5500	5000	
21601	2200	6000	12000	
21601	2200	6500	25000	
21601	2200	7000	25000	
21601	2200	7500	25000	
21601	2200	8000	25000	
21601	2200	8500	25000	
21601	2200	9000	25000	
21601	2200	9500	25000	
21601	5000	0	200	
21601	5000	500	5000	
21601	5000	1000	5000	
21601	5000	1500	5000	
21601	5000	2000	12000	
21601	5000	2500	12000	
21601	5000	3000	5000	
21601	5000	3500	5000	
21601	5000	4000	5000	
21601	5000	4500	5000	
21601	5000	5000	5000	
21601	5000	5500	5000	
21601	5000	6000	12000	
21601	5000	6500	25000	
21601	5000	7000	25000	
21601	5000	7500	25000	
21601	5000	8000	25000	
21601	5000	8500	25000	
21601	5000	9000	25000	
21601	5000	9500	25000	
21601	12000	0	200	
21601	12000	500	5000	
21601	12000	1000	5000	
21601	12000	1500	12000	
21601	12000	2000	12000	
21601	12000	2500	12000	
21601	12000	3000	12000	
21601	12000	3500	12000	
21601	12000	4000	12000	
21601	12000	4500	12000	
21601	12000	5000	12000	
21601	12000	5500	12000	
21601	12000	6000	12000	
21601	12000	6500	25000	
21601	12000	7000	25000	
21601	12000	7500	25000	
21601	12000	8000	25000	
21601	12000	8500	25000	
21601	12000	9000	25000	
21601	12000	9500	25000	
21601	25000	0	200	
21601	25000	500	5000	
21601	25000	1000	5000	
21601	25000	1500	12000	
21601	25000	2000	12000	
21601	25000	2500	25000	
21601	25000	3000	25000	
21601	25000	3500	25000	
21601	25000	4000	25000	
21601	25000	4500	25000	
21601	25000	5000	25000	
21601	25000	5500	25000	
21601	25000	6000	25000	
21601	25000	6500	25000	
21601	25000	7000	25000	
21601	25000	7500	25000	
21601	25000	8000	25000	
21601	25000	8500	25000	
21601	25000	9000	25000	
21601	25000	9500	25000	
21801	200	0	200	
21801	200	500	200	
21801	200	1000	200	
21801	200	1500	200	
21801	200	2000	200	
21801	200	2500	200	
21801	200	3000	200	
21801	200	3500	200	
21801	200	4000	200	
21801	200	4500	200	
21801	200	5000	5000	
21801	200	5500	5000	
21801	200	6000	12000	
21801	200	6500	25000	
21801	200	7000	25000	
21801	200	7500	25000	
21801	200	8000	25000	
21801	200	8500	25000	
21801	200	9000	25000	
21801	200	9500	25000	
21801	800	0	200	
21801	800	500	200	
21801	800	1000	200	
21801	800	1500	200	
21801	800	2000	200	
21801	800	2500	200	
21801	800	3000	200	
21801	800	3500	200	
21801	800	4000	200	
21801	800	4500	200	
21801	800	5000	5000	
21801	800	5500	5000	
21801	800	6000	12000	
21801	800	6500	25000	
21801	800	7000	25000	
21801	800	7500	25000	
21801	800	8000	25000	
21801	800	8500	25000	
21801	800	9000	25000	
21801	800	9500	25000	
21801	2200	0	200	
21801	2200	500	200	
21801	2200	1000	200	
21801	2200	1500	200	
21801	2200	2000	200	
21801	2200	2500	200	
21801	2200	3000	5000	
21801	2200	3500	5000	
21801	2200	4000	200	
21801	2200	4500	200	
21801	2200	5000	5000	
21801	2200	5500	5000	
21801	2200	6000	12000	
21801	2200	6500	25000	
21801	2200	7000	25000	
21801	2200	7500	25000	
21801	2200	8000	25000	
21801	2200	8500	25000	
21801	2200	9000	25000	
21801	2200	9500	25000	
21801	5000	0	200	
21801	5000	500	5000	
21801	5000	1000	5000	
21801	5000	1500	5000	
21801	5000	2000	12000	
21801	5000	2500	12000	
21801	5000	3000	5000	
21801	5000	3500	5000	
21801	5000	4000	5000	
21801	5000	4500	5000	
21801	5000	5000	5000	
21801	5000	5500	5000	
21801	5000	6000	12000	
21801	5000	6500	25000	
21801	5000	7000	25000	
21801	5000	7500	25000	
21801	5000	8000	25000	
21801	5000	8500	25000	
21801	5000	9000	25000	
21801	5000	9500	25000	
21801	12000	0	200	
21801	12000	500	5000	
21801	12000	1000	5000	
21801	12000	1500	12000	
21801	12000	2000	12000	
21801	12000	2500	12000	
21801	12000	3000	12000	
21801	12000	3500	12000	
21801	12000	4000	12000	
21801	12000	4500	12000	
21801	12000	5000	12000	
21801	12000	5500	12000	
21801	12000	6000	12000	
21801	12000	6500	25000	
21801	12000	7000	25000	
21801	12000	7500	25000	
21801	12000	8000	25000	
21801	12000	8500	25000	
21801	12000	9000	25000	
21801	12000	9500	25000	
21801	25000	0	200	
21801	25000	500	5000	
21801	25000	1000	5000	
21801	25000	1500	12000	
21801	25000	2000	12000	
21801	25000	2500	25000	
21801	25000	3000	25000	
21801	25000	3500	25000	
21801	25000	4000	25000	
21801	25000	4500	25000	
21801	25000	5000	25000	
21801	25000	5500	25000	
21801	25000	6000	25000	
21801	25000	6500	25000	
21801	25000	7000	25000	
21801	25000	7500	25000	
21801	25000	8000	25000	
21801	25000	8500	25000	
21801	25000	9000	25000	
21801	25000	9500	25000	
22001	200	0	200	
22001	200	500	200	
22001	200	1000	200	
22001	200	1500	200	
22001	200	2000	200	
22001	200	2500	200	
22001	200	3000	200	
22001	200	3500	200	
22001	200	4000	200	
22001	200	4500	200	
22001	200	5000	5000	
22001	200	5500	5000	
22001	200	6000	12000	
22001	200	6500	25000	
22001	200	7000	25000	
22001	200	7500	25000	
22001	200	8000	25000	
22001	200	8500	25000	
22001	200	9000	25000	
22001	200	9500	25000	
22001	800	0	200	
22001	800	500	200	
22001	800	1000	200	
22001	800	1500	200	
22001	800	2000	200	
22001	800	2500	200	
22001	800	3000	200	
22001	800	3500	200	
22001	800	4000	200	
22001	800	4500	200	
22001	800	5000	5000	
22001	800	5500	5000	
22001	800	6000	12000	
22001	800	6500	25000	
22001	800	7000	25000	
22001	800	7500	25000	
22001	800	8000	25000	
22001	800	8500	25000	
22001	800	9000	25000	
22001	800	9500	25000	
22001	2200	0	200	
22001	2200	500	200	
22001	2200	1000	200	
22001	2200	1500	200	
22001	2200	2000	200	
22001	2200	2500	200	
22001	2200	3000	5000	
22001	2200	3500	5000	
22001	2200	4000	200	
22001	2200	4500	200	
22001	2200	5000	5000	
22001	2200	5500	5000	
22001	2200	6000	12000	
22001	2200	6500	25000	
22001	2200	7000	25000	
22001	2200	7500	25000	
22001	2200	8000	25000	
22001	2200	8500	25000	
22001	2200	9000	25000	
22001	2200	9500	25000	
22001	5000	0	200	
22001	5000	500	5000	
22001	5000	1000	5000	
22001	5000	1500	5000	
22001	5000	2000	12000	
22001	5000	2500	12000	
22001	5000	3000	5000	
22001	5000	3500	5000	
22001	5000	4000	5000	
22001	5000	4500	5000	
22001	5000	5000	5000	
22001	5000	5500	5000	
22001	5000	6000	12000	
22001	5000	6500	25000	
22001	5000	7000	25000	
22001	5000	7500	25000	
22001	5000	8000	25000	
22001	5000	8500	25000	
22001	5000	9000	25000	
22001	5000	9500	25000	
22001	12000	0	200	
22001	12000	500	5000	
22001	12000	1000	5000	
22001	12000	1500	12000	
22001	12000	2000	12000	
22001	12000	2500	12000	
22001	12000	3000	12000	
22001	12000	3500	12000	
22001	12000	4000	12000	
22001	12000	4500	12000	
22001	12000	5000	12000	
22001	12000	5500	12000	
22001	12000	6000	12000	
22001	12000	6500	25000	
22001	12000	7000	25000	
22001	12000	7500	25000	
22001	12000	8000	25000	
22001	12000	8500	25000	
22001	12000	9000	25000	
22001	12000	9500	25000	
22001	25000	0	200	
22001	25000	500	5000	
22001	25000	1000	5000	
22001	25000	1500	12000	
22001	25000	2000	12000	
22001	25000	2500	25000	
22001	25000	3000	25000	
22001	25000	3500	25000	
22001	25000	4000	25000	
22001	25000	4500	25000	
22001	25000	5000	25000	
22001	25000	5500	25000	
22001	25000	6000	25000	
22001	25000	6500	25000	
22001	25000	7000	25000	
22001	25000	7500	25000	
22001	25000	8000	25000	
22001	25000	8500	25000	
22001	25000	9000	25000	
22001	25000	9500	25000	
22201	200	0	200	
22201	200	500	200	
22201	200	1000	200	
22201	200	1500	200	
22201	200	2000	200	
22201	200	2500	200	
22201	200	3000	200	
22201	200	3500	200	
22201	200	4000	200	
22201	200	4500	200	
22201	200	5000	5000	
22201	200	5500	5000	
22201	200	6000	12000	
22201	200	6500	25000	
22201	200	7000	25000	
22201	200	7500	25000	
22201	200	8000	25000	
22201	200	8500	25000	
22201	200	9000	25000	
22201	200	9500	25000	
22201	800	0	200	
22201	800	500	200	
22201	800	1000	200	
22201	800	1500	200	
22201	800	2000	200	
22201	800	2500	200	
22201	800	3000	200	
22201	800	3500	200	
22201	800	4000	200	
22201	800	4500	200	
22201	800	5000	5000	
22201	800	5500	5000	
22201	800	6000	12000	
22201	800	6500	25000	
22201	800	7000	25000	
22201	800	7500	25000	
22201	800	8000	25000	
22201	800	8500	25000	
22201	800	9000	25000	
22201	800	9500	25000	
22201	2200	0	200	
22201	2200	500	200	
22201	2200	1000	200	
22201	2200	1500	200	
22201	2200	2000	200	
22201	2200	2500	200	
22201	2200	3000	5000	
22201	2200	3500	5000	
22201	2200	4000	200	
22201	2200	4500	200	
22201	2200	5000	5000	
22201	2200	5500	5000	
22201	2200	6000	12000	
22201	2200	6500	25000	
22201	2200	7000	25000	
22201	2200	7500	25000	
22201	2200	8000	25000	
22201	2200	8500	25000	
22201	2200	9000	25000	
22201	2200	9500	25000	
22201	5000	0	200	
22201	5000	500	5000	
22201	5000	1000	5000	
22201	5000	1500	5000	
22201	5000	2000	12000	
22201	5000	2500	12000	
22201	5000	3000	5000	
22201	5000	3500	5000	
22201	5000	4000	5000	
22201	5000	4500	5000	
22201	5000	5000	5000	
22201	5000	5500	5000	
22201	5000	6000	12000	
22201	5000	6500	25000	
22201	5000	7000	25000	
22201	5000	7500	25000	
22201	5000	8000	25000	
22201	5000	8500	25000	
22201	5000	9000	25000	
22201	5000	9500	25000	
22201	12000	0	200	
22201	12000	500	5000	
22201	12000	1000	5000	
22201	12000	1500	12000	
22201	12000	2000	12000	
22201	12000	2500	12000	
22201	12000	3000	12000	
22201	12000	3500	12000	
22201	12000	4000	12000	
22201	12000	4500	12000	
22201	12000	5000	12000	
22201	12000	5500	12000	
22201	12000	6000	12000	
22201	12000	6500	25000	
22201	12000	7000	25000	
22201	12000	7500	25000	
22201	12000	8000	25000	
22201	12000	8500	25000	
22201	12000	9000	25000	
22201	12000	9500	25000	
22201	25000	0	200	
22201	25000	500	5000	
22201	25000	1000	5000	
22201	25000	1500	12000	
22201	25000	2000	12000	
22201	25000	2500	25000	
22201	25000	3000	25000	
22201	25000	3500	25000	
22201	25000	4000	25000	
22201	25000	4500	25000	
22201	25000	5000	25000	
22201	25000	5500	25000	
22201	25000	6000	25000	
22201	25000	6500	25000	
22201	25000	7000	25000	
22201	25000	7500	25000	
22201	25000	8000	25000	
22201	25000	8500	25000	
22201	25000	9000	25000	
22201	25000	9500	25000	
22401	200	0	200	
22401	200	500	200	
22401	200	1000	200	
22401	200	1500	200	
22401	200	2000	200	
22401	200	2500	200	
22401	200	3000	200	
22401	200	3500	200	
22401	200	4000	200	
22401	200	4500	200	
22401	200	5000	5000	
22401	200	5500	5000	
22401	200	6000	12000	
22401	200	6500	25000	
22401	200	7000	25000	
22401	200	7500	25000	
22401	200	8000	25000	
22401	200	8500	25000	
22401	200	9000	25000	
22401	200	9500	25000	
22401	800	0	200	
22401	800	500	200	
22401	800	1000	200	
22401	800	1500	200	
22401	800	2000	200	
22401	800	2500	200	
22401	800	3000	200	
22401	800	3500	200	
22401	800	4000	200	
22401	800	4500	200	
22401	800	5000	5000	
22401	800	5500	5000	
22401	800	6000	12000	
22401	800	6500	25000	
22401	800	7000	25000	
22401	800	7500	25000	
22401	800	8000	25000	
22401	800	8500	25000	
22401	800	9000	25000	
22401	800	9500	25000	
22401	2200	0	200	
22401	2200	500	200	
22401	2200	1000	200	
22401	2200	1500	200	
22401	2200	2000	200	
22401	2200	2500	200	
22401	2200	3000	5000	
22401	2200	3500	5000	
22401	2200	4000	200	
22401	2200	4500	200	
22401	2200	5000	5000	
22401	2200	5500	5000	
22401	2200	6000	12000	
22401	2200	6500	25000	
22401	2200	7000	25000	
22401	2200	7500	25000	
22401	2200	8000	25000	
22401	2200	8500	25000	
22401	2200	9000	25000	
22401	2200	9500	25000	
22401	5000	0	200	
22401	5000	500	5000	
22401	5000	1000	5000	
22401	5000	1500	5000	
22401	5000	2000	12000	
22401	5000	2500	12000	
22401	5000	3000	5000	
22401	5000	3500	5000	
22401	5000	4000	5000	
22401	5000	4500	5000	
22401	5000	5000	5000	
22401	5000	5500	5000	
22401	5000	6000	12000	
22401	5000	6500	25000	
22401	5000	7000	25000	
22401	5000	7500	25000	
22401	5000	8000	25000	
22401	5000	8500	25000	
22401	5000	9000	25000	
22401	5000	9500	25000	
22401	12000	0	200	
22401	12000	500	5000	
22401	12000	1000	5000	
22401	12000	1500	12000	
22401	12000	2000	12000	
22401	12000	2500	12000	
22401	12000	3000	12000	
22401	12000	3500	12000	
22401	12000	4000	12000	
22401	12000	4500	12000	
22401	12000	5000	12000	
22401	12000	5500	12000	
22401	12000	6000	12000	
22401	12000	6500	25000	
22401	12000	7000	25000	
22401	12000	7500	25000	
22401	12000	8000	25000	
22401	12000	8500	25000	
22401	12000	9000	25000	
22401	12000	9500	25000	
22401	25000	0	200	
22401	25000	500	5000	
22401	25000	1000	5000	
22401	25000	1500	12000	
22401	25000	2000	12000	
22401	25000	2500	25000	
22401	25000	3000	25000	
22401	25000	3500	25000	
22401	25000	4000	25000	
22401	25000	4500	25000	
22401	25000	5000	25000	
22401	25000	5500	25000	
22401	25000	6000	25000	
22401	25000	6500	25000	
22401	25000	7000	25000	
22401	25000	7500	25000	
22401	25000	8000	25000	
22401	25000	8500	25000	
22401	25000	9000	25000	
22401	25000	9500	25000	
22601	200	0	200	
22601	200	500	200	
22601	200	1000	200	
22601	200	1500	200	
22601	200	2000	200	
22601	200	2500	200	
22601	200	3000	200	
22601	200	3500	200	
22601	200	4000	200	
22601	200	4500	200	
22601	200	5000	5000	
22601	200	5500	5000	
22601	200	6000	12000	
22601	200	6500	25000	
22601	200	7000	25000	
22601	200	7500	25000	
22601	200	8000	25000	
22601	200	8500	25000	
22601	200	9000	25000	
22601	200	9500	25000	
22601	800	0	200	
22601	800	500	200	
22601	800	1000	200	
22601	800	1500	200	
22601	800	2000	200	
22601	800	2500	200	
22601	800	3000	200	
22601	800	3500	200	
22601	800	4000	200	
22601	800	4500	200	
22601	800	5000	5000	
22601	800	5500	5000	
22601	800	6000	12000	
22601	800	6500	25000	
22601	800	7000	25000	
22601	800	7500	25000	
22601	800	8000	25000	
22601	800	8500	25000	
22601	800	9000	25000	
22601	800	9500	25000	
22601	2200	0	200	
22601	2200	500	200	
22601	2200	1000	200	
22601	2200	1500	200	
22601	2200	2000	200	
22601	2200	2500	200	
22601	2200	3000	5000	
22601	2200	3500	5000	
22601	2200	4000	200	
22601	2200	4500	200	
22601	2200	5000	5000	
22601	2200	5500	5000	
22601	2200	6000	12000	
22601	2200	6500	25000	
22601	2200	7000	25000	
22601	2200	7500	25000	
22601	2200	8000	25000	
22601	2200	8500	25000	
22601	2200	9000	25000	
22601	2200	9500	25000	
22601	5000	0	200	
22601	5000	500	5000	
22601	5000	1000	5000	
22601	5000	1500	5000	
22601	5000	2000	12000	
22601	5000	2500	12000	
22601	5000	3000	5000	
22601	5000	3500	5000	
22601	5000	4000	5000	
22601	5000	4500	5000	
22601	5000	5000	5000	
22601	5000	5500	5000	
22601	5000	6000	12000	
22601	5000	6500	25000	
22601	5000	7000	25000	
22601	5000	7500	25000	
22601	5000	8000	25000	
22601	5000	8500	25000	
22601	5000	9000	25000	
22601	5000	9500	25000	
22601	12000	0	200	
22601	12000	500	5000	
22601	12000	1000	5000	
22601	12000	1500	12000	
22601	12000	2000	12000	
22601	12000	2500	12000	
22601	12000	3000	12000	
22601	12000	3500	12000	
22601	12000	4000	12000	
22601	12000	4500	12000	
22601	12000	5000	12000	
22601	12000	5500	12000	
22601	12000	6000	12000	
22601	12000	6500	25000	
22601	12000	7000	25000	
22601	12000	7500	25000	
22601	12000	8000	25000	
22601	12000	8500	25000	
22601	12000	9000	25000	
22601	12000	9500	25000	
22601	25000	0	200	
22601	25000	500	5000	
22601	25000	1000	5000	
22601	25000	1500	12000	
22601	25000	2000	12000	
22601	25000	2500	25000	
22601	25000	3000	25000	
22601	25000	3500	25000	
22601	25000	4000	25000	
22601	25000	4500	25000	
22601	25000	5000	25000	
22601	25000	5500	25000	
22601	25000	6000	25000	
22601	25000	6500	25000	
22601	25000	7000	25000	
22601	25000	7500	25000	
22601	25000	8000	25000	
22601	25000	8500	25000	
22601	25000	9000	25000	
22601	25000	9500	25000	
22801	200	0	200	
22801	200	500	200	
22801	200	1000	200	
22801	200	1500	200	
22801	200	2000	200	
22801	200	2500	200	
22801	200	3000	200	
22801	200	3500	200	
22801	200	4000	200	
22801	200	4500	200	
22801	200	5000	5000	
22801	200	5500	5000	
22801	200	6000	12000	
22801	200	6500	25000	
22801	200	7000	25000	
22801	200	7500	25000	
22801	200	8000	25000	
22801	200	8500	25000	
22801	200	9000	25000	
22801	200	9500	25000	
22801	800	0	200	
22801	800	500	200	
22801	800	1000	200	
22801	800	1500	200	
22801	800	2000	200	
22801	800	2500	200	
22801	800	3000	200	
22801	800	3500	200	
22801	800	4000	200	
22801	800	4500	200	
22801	800	5000	5000	
22801	800	5500	5000	
22801	800	6000	12000	
22801	800	6500	25000	
22801	800	7000	25000	
22801	800	7500	25000	
22801	800	8000	25000	
22801	800	8500	25000	
22801	800	9000	25000	
22801	800	9500	25000	
22801	2200	0	200	
22801	2200	500	200	
22801	2200	1000	200	
22801	2200	1500	200	
22801	2200	2000	200	
22801	2200	2500	200	
22801	2200	3000	5000	
22801	2200	3500	5000	
22801	2200	4000	200	
22801	2200	4500	200	
22801	2200	5000	5000	
22801	2200	5500	5000	
22801	2200	6000	12000	
22801	2200	6500	25000	
22801	2200	7000	25000	
22801	2200	7500	25000	
22801	2200	8000	25000	
22801	2200	8500	25000	
22801	2200	9000	25000	
22801	2200	9500	25000	
22801	5000	0	200	
22801	5000	500	5000	
22801	5000	1000	5000	
22801	5000	1500	5000	
22801	5000	2000	12000	
22801	5000	2500	12000	
22801	5000	3000	5000	
22801	5000	3500	5000	
22801	5000	4000	5000	
22801	5000	4500	5000	
22801	5000	5000	5000	
22801	5000	5500	5000	
22801	5000	6000	12000	
22801	5000	6500	25000	
22801	5000	7000	25000	
22801	5000	7500	25000	
22801	5000	8000	25000	
22801	5000	8500	25000	
22801	5000	9000	25000	
22801	5000	9500	25000	
22801	12000	0	200	
22801	12000	500	5000	
22801	12000	1000	5000	
22801	12000	1500	12000	
22801	12000	2000	12000	
22801	12000	2500	12000	
22801	12000	3000	12000	
22801	12000	3500	12000	
22801	12000	4000	12000	
22801	12000	4500	12000	
22801	12000	5000	12000	
22801	12000	5500	12000	
22801	12000	6000	12000	
22801	12000	6500	25000	
22801	12000	7000	25000	
22801	12000	7500	25000	
22801	12000	8000	25000	
22801	12000	8500	25000	
22801	12000	9000	25000	
22801	12000	9500	25000	
22801	25000	0	200	
22801	25000	500	5000	
22801	25000	1000	5000	
22801	25000	1500	12000	
22801	25000	2000	12000	
22801	25000	2500	25000	
22801	25000	3000	25000	
22801	25000	3500	25000	
22801	25000	4000	25000	
22801	25000	4500	25000	
22801	25000	5000	25000	
22801	25000	5500	25000	
22801	25000	6000	25000	
22801	25000	6500	25000	
22801	25000	7000	25000	
22801	25000	7500	25000	
22801	25000	8000	25000	
22801	25000	8500	25000	
22801	25000	9000	25000	
22801	25000	9500	25000	
23001	200	0	200	
23001	200	500	200	
23001	200	1000	12000	
23001	200	1500	12000	
23001	200	2000	200	
23001	200	2500	200	
23001	200	3000	12000	
23001	200	3500	12000	
23001	200	4000	200	
23001	200	4500	200	
23001	200	5000	12000	
23001	200	5500	12000	
23001	200	6000	12000	
23001	200	6500	25000	
23001	200	7000	25000	
23001	200	7500	25000	
23001	200	8000	25000	
23001	200	8500	25000	
23001	200	9000	25000	
23001	200	9500	25000	
23001	800	0	200	
23001	800	500	12000	
23001	800	1000	12000	
23001	800	1500	12000	
23001	800	2000	200	
23001	800	2500	12000	
23001	800	3000	12000	
23001	800	3500	12000	
23001	800	4000	200	
23001	800	4500	12000	
23001	800	5000	12000	
23001	800	5500	12000	
23001	800	6000	12000	
23001	800	6500	25000	
23001	800	7000	25000	
23001	800	7500	25000	
23001	800	8000	25000	
23001	800	8500	25000	
23001	800	9000	25000	
23001	800	9500	25000	
23001	2200	0	200	
23001	2200	500	12000	
23001	2200	1000	12000	
23001	2200	1500	12000	
23001	2200	2000	12000	
23001	2200	2500	12000	
23001	2200	3000	12000	
23001	2200	3500	12000	
23001	2200	4000	12000	
23001	2200	4500	12000	
23001	2200	5000	12000	
23001	2200	5500	12000	
23001	2200	6000	12000	
23001	2200	6500	25000	
23001	2200	7000	25000	
23001	2200	7500	25000	
23001	2200	8000	25000	
23001	2200	8500	25000	
23001	2200	9000	25000	
23001	2200	9500	25000	
23001	5000	0	200	
23001	5000	500	12000	
23001	5000	1000	12000	
23001	5000	1500	12000	
23001	5000	2000	12000	
23001	5000	2500	12000	
23001	5000	3000	12000	
23001	5000	3500	12000	
23001	5000	4000	12000	
23001	5000	4500	12000	
23001	5000	5000	12000	
23001	5000	5500	12000	
23001	5000	6000	12000	
23001	5000	6500	25000	
23001	5000	7000	25000	
23001	5000	7500	25000	
23001	5000	8000	25000	
23001	5000	8500	25000	
23001	5000	9000	25000	
23001	5000	9500	25000	
23001	12000	0	12000	
23001	12000	500	12000	
23001	12000	1000	12000	
23001	12000	1500	12000	
23001	12000	2000	12000	
23001	12000	2500	12000	
23001	12000	3000	12000	
23001	12000	3500	12000	
23001	12000	4000	12000	
23001	12000	4500	12000	
23001	12000	5000	12000	
23001	12000	5500	12000	
23001	12000	6000	12000	
23001	12000	6500	25000	
23001	12000	7000	25000	
23001	12000	7500	25000	
23001	12000	8000	25000	
23001	12000	8500	25000	
23001	12000	9000	25000	
23001	12000	9500	25000	
23001	25000	0	12000	
23001	25000	500	12000	
23001	25000	1000	12000	
23001	25000	1500	12000	
23001	25000	2000	12000	
23001	25000	2500	12000	
23001	25000	3000	12000	
23001	25000	3500	12000	
23001	25000	4000	12000	
23001	25000	4500	12000	
23001	25000	5000	12000	
23001	25000	5500	25000	
23001	25000	6000	25000	
23001	25000	6500	25000	
23001	25000	7000	25000	
23001	25000	7500	25000	
23001	25000	8000	25000	
23001	25000	8500	25000	
23001	25000	9000	25000	
23001	25000	9500	25000	
23201	200	0	200	
23201	200	500	200	
23201	200	1000	12000	
23201	200	1500	12000	
23201	200	2000	200	
23201	200	2500	200	
23201	200	3000	12000	
23201	200	3500	12000	
23201	200	4000	200	
23201	200	4500	200	
23201	200	5000	12000	
23201	200	5500	12000	
23201	200	6000	12000	
23201	200	6500	25000	
23201	200	7000	25000	
23201	200	7500	25000	
23201	200	8000	25000	
23201	200	8500	25000	
23201	200	9000	25000	
23201	200	9500	25000	
23201	800	0	200	
23201	800	500	12000	
23201	800	1000	12000	
23201	800	1500	12000	
23201	800	2000	200	
23201	800	2500	12000	
23201	800	3000	12000	
23201	800	3500	12000	
23201	800	4000	200	
23201	800	4500	12000	
23201	800	5000	12000	
23201	800	5500	12000	
23201	800	6000	12000	
23201	800	6500	25000	
23201	800	7000	25000	
23201	800	7500	25000	
23201	800	8000	25000	
23201	800	8500	25000	
23201	800	9000	25000	
23201	800	9500	25000	
23201	2200	0	200	
23201	2200	500	12000	
23201	2200	1000	12000	
23201	2200	1500	12000	
23201	2200	2000	12000	
23201	2200	2500	12000	
23201	2200	3000	12000	
23201	2200	3500	12000	
23201	2200	4000	12000	
23201	2200	4500	12000	
23201	2200	5000	12000	
23201	2200	5500	12000	
23201	2200	6000	12000	
23201	2200	6500	25000	
23201	2200	7000	25000	
23201	2200	7500	25000	
23201	2200	8000	25000	
23201	2200	8500	25000	
23201	2200	9000	25000	
23201	2200	9500	25000	
23201	5000	0	200	
23201	5000	500	12000	
23201	5000	1000	12000	
23201	5000	1500	12000	
23201	5000	2000	12000	
23201	5000	2500	12000	
23201	5000	3000	12000	
23201	5000	3500	12000	
23201	5000	4000	12000	
23201	5000	4500	12000	
23201	5000	5000	12000	
23201	5000	5500	12000	
23201	5000	6000	12000	
23201	5000	6500	25000	
23201	5000	7000	25000	
23201	5000	7500	25000	
23201	5000	8000	25000	
23201	5000	8500	25000	
23201	5000	9000	25000	
23201	5000	9500	25000	
23201	12000	0	12000	
23201	12000	500	12000	
23201	12000	1000	12000	
23201	12000	1500	12000	
23201	12000	2000	12000	
23201	12000	2500	12000	
23201	12000	3000	12000	
23201	12000	3500	12000	
23201	12000	4000	12000	
23201	12000	4500	12000	
23201	12000	5000	12000	
23201	12000	5500	12000	
23201	12000	6000	12000	
23201	12000	6500	25000	
23201	12000	7000	25000	
23201	12000	7500	25000	
23201	12000	8000	25000	
23201	12000	8500	25000	
23201	12000	9000	25000	
23201	12000	9500	25000	
23201	25000	0	12000	
23201	25000	500	12000	
23201	25000	1000	12000	
23201	25000	1500	12000	
23201	25000	2000	12000	
23201	25000	2500	12000	
23201	25000	3000	12000	
23201	25000	3500	12000	
23201	25000	4000	12000	
23201	25000	4500	12000	
23201	25000	5000	12000	
23201	25000	5500	25000	
23201	25000	6000	25000	
23201	25000	6500	25000	
23201	25000	7000	25000	
23201	25000	7500	25000	
23201	25000	8000	25000	
23201	25000	8500	25000	
23201	25000	9000	25000	
23201	25000	9500	25000	
23401	200	0	200	
23401	200	500	200	
23401	200	1000	12000	
23401	200	1500	12000	
23401	200	2000	200	
23401	200	2500	200	
23401	200	3000	12000	
23401	200	3500	12000	
23401	200	4000	200	
23401	200	4500	200	
23401	200	5000	12000	
23401	200	5500	12000	
23401	200	6000	12000	
23401	200	6500	25000	
23401	200	7000	25000	
23401	200	7500	25000	
23401	200	8000	25000	
23401	200	8500	25000	
23401	200	9000	25000	
23401	200	9500	25000	
23401	800	0	200	
23401	800	500	12000	
23401	800	1000	12000	
23401	800	1500	12000	
23401	800	2000	200	
23401	800	2500	12000	
23401	800	3000	12000	
23401	800	3500	12000	
23401	800	4000	200	
23401	800	4500	12000	
23401	800	5000	12000	
23401	800	5500	12000	
23401	800	6000	12000	
23401	800	6500	25000	
23401	800	7000	25000	
23401	800	7500	25000	
23401	800	8000	25000	
23401	800	8500	25000	
23401	800	9000	25000	
23401	800	9500	25000	
23401	2200	0	200	
23401	2200	500	12000	
23401	2200	1000	12000	
23401	2200	1500	12000	
23401	2200	2000	12000	
23401	2200	2500	12000	
23401	2200	3000	12000	
23401	2200	3500	12000	
23401	2200	4000	12000	
23401	2200	4500	12000	
23401	2200	5000	12000	
23401	2200	5500	12000	
23401	2200	6000	12000	
23401	2200	6500	25000	
23401	2200	7000	25000	
23401	2200	7500	25000	
23401	2200	8000	25000	
23401	2200	8500	25000	
23401	2200	9000	25000	
23401	2200	9500	25000	
23401	5000	0	200	
23401	5000	500	12000	
23401	5000	1000	12000	
23401	5000	1500	12000	
23401	5000	2000	12000	
23401	5000	2500	12000	
23401	5000	3000	12000	
23401	5000	3500	12000	
23401	5000	4000	12000	
23401	5000	4500	12000	
23401	5000	5000	12000	
23401	5000	5500	12000	
23401	5000	6000	12000	
23401	5000	6500	25000	
23401	5000	7000	25000	
23401	5000	7500	25000	
23401	5000	8000	25000	
23401	5000	8500	25000	
23401	5000	9000	25000	
23401	5000	9500	25000	
23401	12000	0	12000	
23401	12000	500	12000	
23401	12000	1000	12000	
23401	12000	1500	12000	
23401	12000	2000	12000	
23401	12000	2500	12000	
23401	12000	3000	12000	
23401	12000	3500	12000	
23401	12000	4000	12000	
23401	12000	4500	12000	
23401	12000	5000	12000	
23401	12000	5500	12000	
23401	12000	6000	12000	
23401	12000	6500	25000	
23401	12000	7000	25000	
23401	12000	7500	25000	
23401	12000	8000	25000	
23401	12000	8500	25000	
23401	12000	9000	25000	
23401	12000	9500	25000	
23401	25000	0	12000	
23401	25000	500	12000	
23401	25000	1000	12000	
23401	25000	1500	12000	
23401	25000	2000	12000	
23401	25000	2500	12000	
23401	25000	3000	12000	
23401	25000	3500	12000	
23401	25000	4000	12000	
23401	25000	4500	12000	
23401	25000	5000	12000	
23401	25000	5500	25000	
23401	25000	6000	25000	
23401	25000	6500	25000	
23401	25000	7000	25000	
23401	25000	7500	25000	
23401	25000	8000	25000	
23401	25000	8500	25000	
23401	25000	9000	25000	
23401	25000	9500	25000	
23601	200	0	200	
23601	200	500	200	
23601	200	1000	12000	
23601	200	1500	12000	
23601	200	2000	200	
23601	200	2500	200	
23601	200	3000	12000	
23601	200	3500	12000	
23601	200	4000	200	
23601	200	4500	200	
23601	200	5000	12000	
23601	200	5500	12000	
23601	200	6000	12000	
23601	200	6500	25000	
23601	200	7000	25000	
23601	200	7500	25000	
23601	200	8000	25000	
23601	200	8500	25000	
23601	200	9000	25000	
23601	200	9500	25000	
23601	800	0	200	
23601	800	500	12000	
23601	800	1000	12000	
23601	800	1500	12000	
23601	800	2000	200	
23601	800	2500	12000	
23601	800	3000	12000	
23601	800	3500	12000	
23601	800	4000	200	
23601	800	4500	12000	
23601	800	5000	12000	
23601	800	5500	12000	
23601	800	6000	12000	
23601	800	6500	25000	
23601	800	7000	25000	
23601	800	7500	25000	
23601	800	8000	25000	
23601	800	8500	25000	
23601	800	9000	25000	
23601	800	9500	25000	
23601	2200	0	200	
23601	2200	500	12000	
23601	2200	1000	12000	
23601	2200	1500	12000	
23601	2200	2000	12000	
23601	2200	2500	12000	
23601	2200	3000	12000	
23601	2200	3500	12000	
23601	2200	4000	12000	
23601	2200	4500	12000	
23601	2200	5000	12000	
23601	2200	5500	12000	
23601	2200	6000	12000	
23601	2200	6500	25000	
23601	2200	7000	25000	
23601	2200	7500	25000	
23601	2200	8000	25000	
23601	2200	8500	25000	
23601	2200	9000	25000	
23601	2200	9500	25000	
23601	5000	0	200	
23601	5000	500	12000	
23601	5000	1000	12000	
23601	5000	1500	12000	
23601	5000	2000	12000	
23601	5000	2500	12000	
23601	5000	3000	12000	
23601	5000	3500	12000	
23601	5000	4000	12000	
23601	5000	4500	12000	
23601	5000	5000	12000	
23601	5000	5500	12000	
23601	5000	6000	12000	
23601	5000	6500	25000	
23601	5000	7000	25000	
23601	5000	7500	25000	
23601	5000	8000	25000	
23601	5000	8500	25000	
23601	5000	9000	25000	
23601	5000	9500	25000	
23601	12000	0	12000	
23601	12000	500	12000	
23601	12000	1000	12000	
23601	12000	1500	12000	
23601	12000	2000	12000	
23601	12000	2500	12000	
23601	12000	3000	12000	
23601	12000	3500	12000	
23601	12000	4000	12000	
23601	12000	4500	12000	
23601	12000	5000	12000	
23601	12000	5500	12000	
23601	12000	6000	12000	
23601	12000	6500	25000	
23601	12000	7000	25000	
23601	12000	7500	25000	
23601	12000	8000	25000	
23601	12000	8500	25000	
23601	12000	9000	25000	
23601	12000	9500	25000	
23601	25000	0	12000	
23601	25000	500	12000	
23601	25000	1000	12000	
23601	25000	1500	12000	
23601	25000	2000	12000	
23601	25000	2500	12000	
23601	25000	3000	12000	
23601	25000	3500	12000	
23601	25000	4000	12000	
23601	25000	4500	12000	
23601	25000	5000	12000	
23601	25000	5500	25000	
23601	25000	6000	25000	
23601	25000	6500	25000	
23601	25000	7000	25000	
23601	25000	7500	25000	
23601	25000	8000	25000	
23601	25000	8500	25000	
23601	25000	9000	25000	
23601	25000	9500	25000	
23801	200	0	200	
23801	200	500	200	
23801	200	1000	12000	
23801	200	1500	12000	
23801	200	2000	200	
23801	200	2500	200	
23801	200	3000	12000	
23801	200	3500	12000	
23801	200	4000	200	
23801	200	4500	200	
23801	200	5000	12000	
23801	200	5500	12000	
23801	200	6000	12000	
23801	200	6500	25000	
23801	200	7000	25000	
23801	200	7500	25000	
23801	200	8000	25000	
23801	200	8500	25000	
23801	200	9000	25000	
23801	200	9500	25000	
23801	800	0	200	
23801	800	500	12000	
23801	800	1000	12000	
23801	800	1500	12000	
23801	800	2000	200	
23801	800	2500	12000	
23801	800	3000	12000	
23801	800	3500	12000	
23801	800	4000	200	
23801	800	4500	12000	
23801	800	5000	12000	
23801	800	5500	12000	
23801	800	6000	12000	
23801	800	6500	25000	
23801	800	7000	25000	
23801	800	7500	25000	
23801	800	8000	25000	
23801	800	8500	25000	
23801	800	9000	25000	
23801	800	9500	25000	
23801	2200	0	200	
23801	2200	500	12000	
23801	2200	1000	12000	
23801	2200	1500	12000	
23801	2200	2000	12000	
23801	2200	2500	12000	
23801	2200	3000	12000	
23801	2200	3500	12000	
23801	2200	4000	12000	
23801	2200	4500	12000	
23801	2200	5000	12000	
23801	2200	5500	12000	
23801	2200	6000	12000	
23801	2200	6500	25000	
23801	2200	7000	25000	
23801	2200	7500	25000	
23801	2200	8000	25000	
23801	2200	8500	25000	
23801	2200	9000	25000	
23801	2200	9500	25000	
23801	5000	0	200	
23801	5000	500	12000	
23801	5000	1000	12000	
23801	5000	1500	12000	
23801	5000	2000	12000	
23801	5000	2500	12000	
23801	5000	3000	12000	
23801	5000	3500	12000	
23801	5000	4000	12000	
23801	5000	4500	12000	
23801	5000	5000	12000	
23801	5000	5500	12000	
23801	5000	6000	12000	
23801	5000	6500	25000	
23801	5000	7000	25000	
23801	5000	7500	25000	
23801	5000	8000	25000	
23801	5000	8500	25000	
23801	5000	9000	25000	
23801	5000	9500	25000	
23801	12000	0	12000	
23801	12000	500	12000	
23801	12000	1000	12000	
23801	12000	1500	12000	
23801	12000	2000	12000	
23801	12000	2500	12000	
23801	12000	3000	12000	
23801	12000	3500	12000	
23801	12000	4000	12000	
23801	12000	4500	12000	
23801	12000	5000	12000	
23801	12000	5500	12000	
23801	12000	6000	12000	
23801	12000	6500	25000	
23801	12000	7000	25000	
23801	12000	7500	25000	
23801	12000	8000	25000	
23801	12000	8500	25000	
23801	12000	9000	25000	
23801	12000	9500	25000	
23801	25000	0	12000	
23801	25000	500	12000	
23801	25000	1000	12000	
23801	25000	1500	12000	
23801	25000	2000	12000	
23801	25000	2500	12000	
23801	25000	3000	12000	
23801	25000	3500	12000	
23801	25000	4000	12000	
23801	25000	4500	12000	
23801	25000	5000	12000	
23801	25000	5500	25000	
23801	25000	6000	25000	
23801	25000	6500	25000	
23801	25000	7000	25000	
23801	25000	7500	25000	
23801	25000	8000	25000	
23801	25000	8500	25000	
23801	25000	9000	25000	
23801	25000	9500	25000	
24001	200	0	200	
24001	200	500	200	
24001	200	1000	12000	
24001	200	1500	12000	
24001	200	2000	200	
24001	200	2500	200	
24001	200	3000	12000	
24001	200	3500	12000	
24001	200	4000	200	
24001	200	4500	200	
24001	200	5000	12000	
24001	200	5500	12000	
24001	200	6000	12000	
24001	200	6500	25000	
24001	200	7000	25000	
24001	200	7500	25000	
24001	200	8000	25000	
24001	200	8500	25000	
24001	200	9000	25000	
24001	200	9500	25000	
24001	800	0	200	
24001	800	500	12000	
24001	800	1000	12000	
24001	800	1500	12000	
24001	800	2000	200	
24001	800	2500	12000	
24001	800	3000	12000	
24001	800	3500	12000	
24001	800	4000	200	
24001	800	4500	12000	
24001	800	5000	12000	
24001	800	5500	12000	
24001	800	6000	12000	
24001	800	6500	25000	
24001	800	7000	25000	
24001	800	7500	25000	
24001	800	8000	25000	
24001	800	8500	25000	
24001	800	9000	25000	
24001	800	9500	25000	
24001	2200	0	200	
24001	2200	500	12000	
24001	2200	1000	12000	
24001	2200	1500	12000	
24001	2200	2000	12000	
24001	2200	2500	12000	
24001	2200	3000	12000	
24001	2200	3500	12000	
24001	2200	4000	12000	
24001	2200	4500	12000	
24001	2200	5000	12000	
24001	2200	5500	12000	
24001	2200	6000	12000	
24001	2200	6500	25000	
24001	2200	7000	25000	
24001	2200	7500	25000	
24001	2200	8000	25000	
24001	2200	8500	25000	
24001	2200	9000	25000	
24001	2200	9500	25000	
24001	5000	0	200	
24001	5000	500	12000	
24001	5000	1000	12000	
24001	5000	1500	12000	
24001	5000	2000	12000	
24001	5000	2500	12000	
24001	5000	3000	12000	
24001	5000	3500	12000	
24001	5000	4000	12000	
24001	5000	4500	12000	
24001	5000	5000	12000	
24001	5000	5500	12000	
24001	5000	6000	12000	
24001	5000	6500	25000	
24001	5000	7000	25000	
24001	5000	7500	25000	
24001	5000	8000	25000	
24001	5000	8500	25000	
24001	5000	9000	25000	
24001	5000	9500	25000	
24001	12000	0	12000	
24001	12000	500	12000	
24001	12000	1000	12000	
24001	12000	1500	12000	
24001	12000	2000	12000	
24001	12000	2500	12000	
24001	12000	3000	12000	
24001	12000	3500	12000	
24001	12000	4000	12000	
24001	12000	4500	12000	
24001	12000	5000	12000	
24001	12000	5500	12000	
24001	12000	6000	12000	
24001	12000	6500	25000	
24001	12000	7000	25000	
24001	12000	7500	25000	
24001	12000	8000	25000	
24001	12000	8500	25000	
24001	12000	9000	25000	
24001	12000	9500	25000	
24001	25000	0	12000	
24001	25000	500	12000	
24001	25000	1000	12000	
24001	25000	1500	12000	
24001	25000	2000	12000	
24001	25000	2500	12000	
24001	25000	3000	12000	
24001	25000	3500	12000	
24001	25000	4000	12000	
24001	25000	4500	12000	
24001	25000	5000	12000	
24001	25000	5500	25000	
24001	25000	6000	25000	
24001	25000	6500	25000	
24001	25000	7000	25000	
24001	25000	7500	25000	
24001	25000	8000	25000	
24001	25000	8500	25000	
24001	25000	9000	25000	
24001	25000	9500	25000	
24201	200	0	200	
24201	200	500	200	
24201	200	1000	12000	
24201	200	1500	12000	
24201	200	2000	200	
24201	200	2500	200	
24201	200	3000	12000	
24201	200	3500	12000	
24201	200	4000	200	
24201	200	4500	200	
24201	200	5000	12000	
24201	200	5500	12000	
24201	200	6000	12000	
24201	200	6500	25000	
24201	200	7000	25000	
24201	200	7500	25000	
24201	200	8000	25000	
24201	200	8500	25000	
24201	200	9000	25000	
24201	200	9500	25000	
24201	800	0	200	
24201	800	500	12000	
24201	800	1000	12000	
24201	800	1500	12000	
24201	800	2000	200	
24201	800	2500	12000	
24201	800	3000	12000	
24201	800	3500	12000	
24201	800	4000	200	
24201	800	4500	12000	
24201	800	5000	12000	
24201	800	5500	12000	
24201	800	6000	12000	
24201	800	6500	25000	
24201	800	7000	25000	
24201	800	7500	25000	
24201	800	8000	25000	
24201	800	8500	25000	
24201	800	9000	25000	
24201	800	9500	25000	
24201	2200	0	200	
24201	2200	500	12000	
24201	2200	1000	12000	
24201	2200	1500	12000	
24201	2200	2000	12000	
24201	2200	2500	12000	
24201	2200	3000	12000	
24201	2200	3500	12000	
24201	2200	4000	12000	
24201	2200	4500	12000	
24201	2200	5000	12000	
24201	2200	5500	12000	
24201	2200	6000	12000	
24201	2200	6500	25000	
24201	2200	7000	25000	
24201	2200	7500	25000	
24201	2200	8000	25000	
24201	2200	8500	25000	
24201	2200	9000	25000	
24201	2200	9500	25000	
24201	5000	0	200	
24201	5000	500	12000	
24201	5000	1000	12000	
24201	5000	1500	12000	
24201	5000	2000	12000	
24201	5000	2500	12000	
24201	5000	3000	12000	
24201	5000	3500	12000	
24201	5000	4000	12000	
24201	5000	4500	12000	
24201	5000	5000	12000	
24201	5000	5500	12000	
24201	5000	6000	12000	
24201	5000	6500	25000	
24201	5000	7000	25000	
24201	5000	7500	25000	
24201	5000	8000	25000	
24201	5000	8500	25000	
24201	5000	9000	25000	
24201	5000	9500	25000	
24201	12000	0	12000	
24201	12000	500	12000	
24201	12000	1000	12000	
24201	12000	1500	12000	
24201	12000	2000	12000	
24201	12000	2500	12000	
24201	12000	3000	12000	
24201	12000	3500	12000	
24201	12000	4000	12000	
24201	12000	4500	12000	
24201	12000	5000	12000	
24201	12000	5500	12000	
24201	12000	6000	12000	
24201	12000	6500	25000	
24201	12000	7000	25000	
24201	12000	7500	25000	
24201	12000	8000	25000	
24201	12000	8500	25000	
24201	12000	9000	25000	
24201	12000	9500	25000	
24201	25000	0	12000	
24201	25000	500	12000	
24201	25000	1000	12000	
24201	25000	1500	12000	
24201	25000	2000	12000	
24201	25000	2500	12000	
24201	25000	3000	12000	
24201	25000	3500	12000	
24201	25000	4000	12000	
24201	25000	4500	12000	
24201	25000	5000	12000	
24201	25000	5500	25000	
24201	25000	6000	25000	
24201	25000	6500	25000	
24201	25000	7000	25000	
24201	25000	7500	25000	
24201	25000	8000	25000	
24201	25000	8500	25000	
24201	25000	9000	25000	
24201	25000	9500	25000	
24401	200	0	200	
24401	200	500	200	
24401	200	1000	12000	
24401	200	1500	25000	
24401	200	2000	25000	
24401	200	2500	25000	
24401	200	3000	25000	
24401	200	3500	25000	
24401	200	4000	25000	
24401	200	4500	25000	
24401	200	5000	25000	
24401	200	5500	25000	
24401	200	6000	25000	
24401	200	6500	25000	
24401	200	7000	25000	
24401	200	7500	25000	
24401	200	8000	25000	
24401	200	8500	25000	
24401	200	9000	25000	
24401	200	9500	25000	
24401	800	0	200	
24401	800	500	12000	
24401	800	1000	12000	
24401	800	1500	25000	
24401	800	2000	25000	
24401	800	2500	25000	
24401	800	3000	25000	
24401	800	3500	25000	
24401	800	4000	25000	
24401	800	4500	25000	
24401	800	5000	25000	
24401	800	5500	25000	
24401	800	6000	25000	
24401	800	6500	25000	
24401	800	7000	25000	
24401	800	7500	25000	
24401	800	8000	25000	
24401	800	8500	25000	
24401	800	9000	25000	
24401	800	9500	25000	
24401	2200	0	200	
24401	2200	500	12000	
24401	2200	1000	12000	
24401	2200	1500	25000	
24401	2200	2000	25000	
24401	2200	2500	25000	
24401	2200	3000	25000	
24401	2200	3500	25000	
24401	2200	4000	25000	
24401	2200	4500	25000	
24401	2200	5000	25000	
24401	2200	5500	25000	
24401	2200	6000	25000	
24401	2200	6500	25000	
24401	2200	7000	25000	
24401	2200	7500	25000	
24401	2200	8000	25000	
24401	2200	8500	25000	
24401	2200	9000	25000	
24401	2200	9500	25000	
24401	5000	0	200	
24401	5000	500	12000	
24401	5000	1000	12000	
24401	5000	1500	25000	
24401	5000	2000	25000	
24401	5000	2500	25000	
24401	5000	3000	25000	
24401	5000	3500	25000	
24401	5000	4000	25000	
24401	5000	4500	25000	
24401	5000	5000	25000	
24401	5000	5500	25000	
24401	5000	6000	25000	
24401	5000	6500	25000	
24401	5000	7000	25000	
24401	5000	7500	25000	
24401	5000	8000	25000	
24401	5000	8500	25000	
24401	5000	9000	25000	
24401	5000	9500	25000	
24401	12000	0	12000	
24401	12000	500	12000	
24401	12000	1000	12000	
24401	12000	1500	25000	
24401	12000	2000	25000	
24401	12000	2500	25000	
24401	12000	3000	25000	
24401	12000	3500	25000	
24401	12000	4000	25000	
24401	12000	4500	25000	
24401	12000	5000	25000	
24401	12000	5500	25000	
24401	12000	6000	25000	
24401	12000	6500	25000	
24401	12000	7000	25000	
24401	12000	7500	25000	
24401	12000	8000	25000	
24401	12000	8500	25000	
24401	12000	9000	25000	
24401	12000	9500	25000	
24401	25000	0	25000	
24401	25000	500	25000	
24401	25000	1000	25000	
24401	25000	1500	25000	
24401	25000	2000	25000	
24401	25000	2500	25000	
24401	25000	3000	25000	
24401	25000	3500	25000	
24401	25000	4000	25000	
24401	25000	4500	25000	
24401	25000	5000	25000	
24401	25000	5500	25000	
24401	25000	6000	25000	
24401	25000	6500	25000	
24401	25000	7000	25000	
24401	25000	7500	25000	
24401	25000	8000	25000	
24401	25000	8500	25000	
24401	25000	9000	25000	
24401	25000	9500	25000	
24601	200	0	200	
24601	200	500	200	
24601	200	1000	12000	
24601	200	1500	25000	
24601	200	2000	25000	
24601	200	2500	25000	
24601	200	3000	25000	
24601	200	3500	25000	
24601	200	4000	25000	
24601	200	4500	25000	
24601	200	5000	25000	
24601	200	5500	25000	
24601	200	6000	25000	
24601	200	6500	25000	
24601	200	7000	25000	
24601	200	7500	25000	
24601	200	8000	25000	
24601	200	8500	25000	
24601	200	9000	25000	
24601	200	9500	25000	
24601	800	0	200	
24601	800	500	12000	
24601	800	1000	12000	
24601	800	1500	25000	
24601	800	2000	25000	
24601	800	2500	25000	
24601	800	3000	25000	
24601	800	3500	25000	
24601	800	4000	25000	
24601	800	4500	25000	
24601	800	5000	25000	
24601	800	5500	25000	
24601	800	6000	25000	
24601	800	6500	25000	
24601	800	7000	25000	
24601	800	7500	25000	
24601	800	8000	25000	
24601	800	8500	25000	
24601	800	9000	25000	
24601	800	9500	25000	
24601	2200	0	200	
24601	2200	500	12000	
24601	2200	1000	12000	
24601	2200	1500	25000	
24601	2200	2000	25000	
24601	2200	2500	25000	
24601	2200	3000	25000	
24601	2200	3500	25000	
24601	2200	4000	25000	
24601	2200	4500	25000	
24601	2200	5000	25000	
24601	2200	5500	25000	
24601	2200	6000	25000	
24601	2200	6500	25000	
24601	2200	7000	25000	
24601	2200	7500	25000	
24601	2200	8000	25000	
24601	2200	8500	25000	
24601	2200	9000	25000	
24601	2200	9500	25000	
24601	5000	0	200	
24601	5000	500	12000	
24601	5000	1000	12000	
24601	5000	1500	25000	
24601	5000	2000	25000	
24601	5000	2500	25000	
24601	5000	3000	25000	
24601	5000	3500	25000	
24601	5000	4000	25000	
24601	5000	4500	25000	
24601	5000	5000	25000	
24601	5000	5500	25000	
24601	5000	6000	25000	
24601	5000	6500	25000	
24601	5000	7000	25000	
24601	5000	7500	25000	
24601	5000	8000	25000	
24601	5000	8500	25000	
24601	5000	9000	25000	
24601	5000	9500	25000	
24601	12000	0	12000	
24601	12000	500	12000	
24601	12000	1000	12000	
24601	12000	1500	25000	
24601	12000	2000	25000	
24601	12000	2500	25000	
24601	12000	3000	25000	
24601	12000	3500	25000	
24601	12000	4000	25000	
24601	12000	4500	25000	
24601	12000	5000	25000	
24601	12000	5500	25000	
24601	12000	6000	25000	
24601	12000	6500	25000	
24601	12000	7000	25000	
24601	12000	7500	25000	
24601	12000	8000	25000	
24601	12000	8500	25000	
24601	12000	9000	25000	
24601	12000	9500	25000	
24601	25000	0	25000	
24601	25000	500	25000	
24601	25000	1000	25000	
24601	25000	1500	25000	
24601	25000	2000	25000	
24601	25000	2500	25000	
24601	25000	3000	25000	
24601	25000	3500	25000	
24601	25000	4000	25000	
24601	25000	4500	25000	
24601	25000	5000	25000	
24601	25000	5500	25000	
24601	25000	6000	25000	
24601	25000	6500	25000	
24601	25000	7000	25000	
24601	25000	7500	25000	
24601	25000	8000	25000	
24601	25000	8500	25000	
24601	25000	9000	25000	
24601	25000	9500	25000	
24801	200	0	200	
24801	200	500	200	
24801	200	1000	12000	
24801	200	1500	25000	
24801	200	2000	25000	
24801	200	2500	25000	
24801	200	3000	25000	
24801	200	3500	25000	
24801	200	4000	25000	
24801	200	4500	25000	
24801	200	5000	25000	
24801	200	5500	25000	
24801	200	6000	25000	
24801	200	6500	25000	
24801	200	7000	25000	
24801	200	7500	25000	
24801	200	8000	25000	
24801	200	8500	25000	
24801	200	9000	25000	
24801	200	9500	25000	
24801	800	0	200	
24801	800	500	12000	
24801	800	1000	12000	
24801	800	1500	25000	
24801	800	2000	25000	
24801	800	2500	25000	
24801	800	3000	25000	
24801	800	3500	25000	
24801	800	4000	25000	
24801	800	4500	25000	
24801	800	5000	25000	
24801	800	5500	25000	
24801	800	6000	25000	
24801	800	6500	25000	
24801	800	7000	25000	
24801	800	7500	25000	
24801	800	8000	25000	
24801	800	8500	25000	
24801	800	9000	25000	
24801	800	9500	25000	
24801	2200	0	200	
24801	2200	500	12000	
24801	2200	1000	12000	
24801	2200	1500	25000	
24801	2200	2000	25000	
24801	2200	2500	25000	
24801	2200	3000	25000	
24801	2200	3500	25000	
24801	2200	4000	25000	
24801	2200	4500	25000	
24801	2200	5000	25000	
24801	2200	5500	25000	
24801	2200	6000	25000	
24801	2200	6500	25000	
24801	2200	7000	25000	
24801	2200	7500	25000	
24801	2200	8000	25000	
24801	2200	8500	25000	
24801	2200	9000	25000	
24801	2200	9500	25000	
24801	5000	0	200	
24801	5000	500	12000	
24801	5000	1000	12000	
24801	5000	1500	25000	
24801	5000	2000	25000	
24801	5000	2500	25000	
24801	5000	3000	25000	
24801	5000	3500	25000	
24801	5000	4000	25000	
24801	5000	4500	25000	
24801	5000	5000	25000	
24801	5000	5500	25000	
24801	5000	6000	25000	
24801	5000	6500	25000	
24801	5000	7000	25000	
24801	5000	7500	25000	
24801	5000	8000	25000	
24801	5000	8500	25000	
24801	5000	9000	25000	
24801	5000	9500	25000	
24801	12000	0	12000	
24801	12000	500	12000	
24801	12000	1000	12000	
24801	12000	1500	25000	
24801	12000	2000	25000	
24801	12000	2500	25000	
24801	12000	3000	25000	
24801	12000	3500	25000	
24801	12000	4000	25000	
24801	12000	4500	25000	
24801	12000	5000	25000	
24801	12000	5500	25000	
24801	12000	6000	25000	
24801	12000	6500	25000	
24801	12000	7000	25000	
24801	12000	7500	25000	
24801	12000	8000	25000	
24801	12000	8500	25000	
24801	12000	9000	25000	
24801	12000	9500	25000	
24801	25000	0	25000	
24801	25000	500	25000	
24801	25000	1000	25000	
24801	25000	1500	25000	
24801	25000	2000	25000	
24801	25000	2500	25000	
24801	25000	3000	25000	
24801	25000	3500	25000	
24801	25000	4000	25000	
24801	25000	4500	25000	
24801	25000	5000	25000	
24801	25000	5500	25000	
24801	25000	6000	25000	
24801	25000	6500	25000	
24801	25000	7000	25000	
24801	25000	7500	25000	
24801	25000	8000	25000	
24801	25000	8500	25000	
24801	25000	9000	25000	
24801	25000	9500	25000	
25001	200	0	200	
25001	200	500	200	
25001	200	1000	12000	
25001	200	1500	25000	
25001	200	2000	25000	
25001	200	2500	25000	
25001	200	3000	25000	
25001	200	3500	25000	
25001	200	4000	25000	
25001	200	4500	25000	
25001	200	5000	25000	
25001	200	5500	25000	
25001	200	6000	25000	
25001	200	6500	25000	
25001	200	7000	25000	
25001	200	7500	25000	
25001	200	8000	25000	
25001	200	8500	25000	
25001	200	9000	25000	
25001	200	9500	25000	
25001	800	0	200	
25001	800	500	12000	
25001	800	1000	12000	
25001	800	1500	25000	
25001	800	2000	25000	
25001	800	2500	25000	
25001	800	3000	25000	
25001	800	3500	25000	
25001	800	4000	25000	
25001	800	4500	25000	
25001	800	5000	25000	
25001	800	5500	25000	
25001	800	6000	25000	
25001	800	6500	25000	
25001	800	7000	25000	
25001	800	7500	25000	
25001	800	8000	25000	
25001	800	8500	25000	
25001	800	9000	25000	
25001	800	9500	25000	
25001	2200	0	200	
25001	2200	500	12000	
25001	2200	1000	12000	
25001	2200	1500	25000	
25001	2200	2000	25000	
25001	2200	2500	25000	
25001	2200	3000	25000	
25001	2200	3500	25000	
25001	2200	4000	25000	
25001	2200	4500	25000	
25001	2200	5000	25000	
25001	2200	5500	25000	
25001	2200	6000	25000	
25001	2200	6500	25000	
25001	2200	7000	25000	
25001	2200	7500	25000	
25001	2200	8000	25000	
25001	2200	8500	25000	
25001	2200	9000	25000	
25001	2200	9500	25000	
25001	5000	0	200	
25001	5000	500	12000	
25001	5000	1000	12000	
25001	5000	1500	25000	
25001	5000	2000	25000	
25001	5000	2500	25000	
25001	5000	3000	25000	
25001	5000	3500	25000	
25001	5000	4000	25000	
25001	5000	4500	25000	
25001	5000	5000	25000	
25001	5000	5500	25000	
25001	5000	6000	25000	
25001	5000	6500	25000	
25001	5000	7000	25000	
25001	5000	7500	25000	
25001	5000	8000	25000	
25001	5000	8500	25000	
25001	5000	9000	25000	
25001	5000	9500	25000	
25001	12000	0	12000	
25001	12000	500	12000	
25001	12000	1000	12000	
25001	12000	1500	25000	
25001	12000	2000	25000	
25001	12000	2500	25000	
25001	12000	3000	25000	
25001	12000	3500	25000	
25001	12000	4000	25000	
25001	12000	4500	25000	
25001	12000	5000	25000	
25001	12000	5500	25000	
25001	12000	6000	25000	
25001	12000	6500	25000	
25001	12000	7000	25000	
25001	12000	7500	25000	
25001	12000	8000	25000	
25001	12000	8500	25000	
25001	12000	9000	25000	
25001	12000	9500	25000	
25001	25000	0	25000	
25001	25000	500	25000	
25001	25000	1000	25000	
25001	25000	1500	25000	
25001	25000	2000	25000	
25001	25000	2500	25000	
25001	25000	3000	25000	
25001	25000	3500	25000	
25001	25000	4000	25000	
25001	25000	4500	25000	
25001	25000	5000	25000	
25001	25000	5500	25000	
25001	25000	6000	25000	
25001	25000	6500	25000	
25001	25000	7000	25000	
25001	25000	7500	25000	
25001	25000	8000	25000	
25001	25000	8500	25000	
25001	25000	9000	25000	
25001	25000	9500	25000	
25201	200	0	200	
25201	200	500	200	
25201	200	1000	12000	
25201	200	1500	25000	
25201	200	2000	25000	
25201	200	2500	25000	
25201	200	3000	25000	
25201	200	3500	25000	
25201	200	4000	25000	
25201	200	4500	25000	
25201	200	5000	25000	
25201	200	5500	25000	
25201	200	6000	25000	
25201	200	6500	25000	
25201	200	7000	25000	
25201	200	7500	25000	
25201	200	8000	25000	
25201	200	8500	25000	
25201	200	9000	25000	
25201	200	9500	25000	
25201	800	0	200	
25201	800	500	12000	
25201	800	1000	12000	
25201	800	1500	25000	
25201	800	2000	25000	
25201	800	2500	25000	
25201	800	3000	25000	
25201	800	3500	25000	
25201	800	4000	25000	
25201	800	4500	25000	
25201	800	5000	25000	
25201	800	5500	25000	
25201	800	6000	25000	
25201	800	6500	25000	
25201	800	7000	25000	
25201	800	7500	25000	
25201	800	8000	25000	
25201	800	8500	25000	
25201	800	9000	25000	
25201	800	9500	25000	
25201	2200	0	200	
25201	2200	500	12000	
25201	2200	1000	12000	
25201	2200	1500	25000	
25201	2200	2000	25000	
25201	2200	2500	25000	
25201	2200	3000	25000	
25201	2200	3500	25000	
25201	2200	4000	25000	
25201	2200	4500	25000	
25201	2200	5000	25000	
25201	2200	5500	25000	
25201	2200	6000	25000	
25201	2200	6500	25000	
25201	2200	7000	25000	
25201	2200	7500	25000	
25201	2200	8000	25000	
25201	2200	8500	25000	
25201	2200	9000	25000	
25201	2200	9500	25000	
25201	5000	0	200	
25201	5000	500	12000	
25201	5000	1000	12000	
25201	5000	1500	25000	
25201	5000	2000	25000	
25201	5000	2500	25000	
25201	5000	3000	25000	
25201	5000	3500	25000	
25201	5000	4000	25000	
25201	5000	4500	25000	
25201	5000	5000	25000	
25201	5000	5500	25000	
25201	5000	6000	25000	
25201	5000	6500	25000	
25201	5000	7000	25000	
25201	5000	7500	25000	
25201	5000	8000	25000	
25201	5000	8500	25000	
25201	5000	9000	25000	
25201	5000	9500	25000	
25201	12000	0	12000	
25201	12000	500	12000	
25201	12000	1000	12000	
25201	12000	1500	25000	
25201	12000	2000	25000	
25201	12000	2500	25000	
25201	12000	3000	25000	
25201	12000	3500	25000	
25201	12000	4000	25000	
25201	12000	4500	25000	
25201	12000	5000	25000	
25201	12000	5500	25000	
25201	12000	6000	25000	
25201	12000	6500	25000	
25201	12000	7000	25000	
25201	12000	7500	25000	
25201	12000	8000	25000	
25201	12000	8500	25000	
25201	12000	9000	25000	
25201	12000	9500	25000	
25201	25000	0	25000	
25201	25000	500	25000	
25201	25000	1000	25000	
25201	25000	1500	25000	
25201	25000	2000	25000	
25201	25000	2500	25000	
25201	25000	3000	25000	
25201	25000	3500	25000	
25201	25000	4000	25000	
25201	25000	4500	25000	
25201	25000	5000	25000	
25201	25000	5500	25000	
25201	25000	6000	25000	
25201	25000	6500	25000	
25201	25000	7000	25000	
25201	25000	7500	25000	
25201	25000	8000	25000	
25201	25000	8500	25000	
25201	25000	9000	25000	
25201	25000	9500	25000	
25401	200	0	200	
25401	200	500	200	
25401	200	1000	12000	
25401	200	1500	25000	
25401	200	2000	25000	
25401	200	2500	25000	
25401	200	3000	25000	
25401	200	3500	25000	
25401	200	4000	25000	
25401	200	4500	25000	
25401	200	5000	25000	
25401	200	5500	25000	
25401	200	6000	25000	
25401	200	6500	25000	
25401	200	7000	25000	
25401	200	7500	25000	
25401	200	8000	25000	
25401	200	8500	25000	
25401	200	9000	25000	
25401	200	9500	25000	
25401	800	0	200	
25401	800	500	12000	
25401	800	1000	12000	
25401	800	1500	25000	
25401	800	2000	25000	
25401	800	2500	25000	
25401	800	3000	25000	
25401	800	3500	25000	
25401	800	4000	25000	
25401	800	4500	25000	
25401	800	5000	25000	
25401	800	5500	25000	
25401	800	6000	25000	
25401	800	6500	25000	
25401	800	7000	25000	
25401	800	7500	25000	
25401	800	8000	25000	
25401	800	8500	25000	
25401	800	9000	25000	
25401	800	9500	25000	
25401	2200	0	200	
25401	2200	500	12000	
25401	2200	1000	12000	
25401	2200	1500	25000	
25401	2200	2000	25000	
25401	2200	2500	25000	
25401	2200	3000	25000	
25401	2200	3500	25000	
25401	2200	4000	25000	
25401	2200	4500	25000	
25401	2200	5000	25000	
25401	2200	5500	25000	
25401	2200	6000	25000	
25401	2200	6500	25000	
25401	2200	7000	25000	
25401	2200	7500	25000	
25401	2200	8000	25000	
25401	2200	8500	25000	
25401	2200	9000	25000	
25401	2200	9500	25000	
25401	5000	0	200	
25401	5000	500	12000	
25401	5000	1000	12000	
25401	5000	1500	25000	
25401	5000	2000	25000	
25401	5000	2500	25000	
25401	5000	3000	25000	
25401	5000	3500	25000	
25401	5000	4000	25000	
25401	5000	4500	25000	
25401	5000	5000	25000	
25401	5000	5500	25000	
25401	5000	6000	25000	
25401	5000	6500	25000	
25401	5000	7000	25000	
25401	5000	7500	25000	
25401	5000	8000	25000	
25401	5000	8500	25000	
25401	5000	9000	25000	
25401	5000	9500	25000	
25401	12000	0	12000	
25401	12000	500	12000	
25401	12000	1000	12000	
25401	12000	1500	25000	
25401	12000	2000	25000	
25401	12000	2500	25000	
25401	12000	3000	25000	
25401	12000	3500	25000	
25401	12000	4000	25000	
25401	12000	4500	25000	
25401	12000	5000	25000	
25401	12000	5500	25000	
25401	12000	6000	25000	
25401	12000	6500	25000	
25401	12000	7000	25000	
25401	12000	7500	25000	
25401	12000	8000	25000	
25401	12000	8500	25000	
25401	12000	9000	25000	
25401	12000	9500	25000	
25401	25000	0	25000	
25401	25000	500	25000	
25401	25000	1000	25000	
25401	25000	1500	25000	
25401	25000	2000	25000	
25401	25000	2500	25000	
25401	25000	3000	25000	
25401	25000	3500	25000	
25401	25000	4000	25000	
25401	25000	4500	25000	
25401	25000	5000	25000	
25401	25000	5500	25000	
25401	25000	6000	25000	
25401	25000	6500	25000	
25401	25000	7000	25000	
25401	25000	7500	25000	
25401	25000	8000	25000	
25401	25000	8500	25000	
25401	25000	9000	25000	
25401	25000	9500	25000	
25601	200	0	200	
25601	200	500	200	
25601	200	1000	12000	
25601	200	1500	25000	
25601	200	2000	25000	
25601	200	2500	25000	
25601	200	3000	25000	
25601	200	3500	25000	
25601	200	4000	25000	
25601	200	4500	25000	
25601	200	5000	25000	
25601	200	5500	25000	
25601	200	6000	25000	
25601	200	6500	25000	
25601	200	7000	25000	
25601	200	7500	25000	
25601	200	8000	25000	
25601	200	8500	25000	
25601	200	9000	25000	
25601	200	9500	25000	
25601	800	0	200	
25601	800	500	12000	
25601	800	1000	12000	
25601	800	1500	25000	
25601	800	2000	25000	
25601	800	2500	25000	
25601	800	3000	25000	
25601	800	3500	25000	
25601	800	4000	25000	
25601	800	4500	25000	
25601	800	5000	25000	
25601	800	5500	25000	
25601	800	6000	25000	
25601	800	6500	25000	
25601	800	7000	25000	
25601	800	7500	25000	
25601	800	8000	25000	
25601	800	8500	25000	
25601	800	9000	25000	
25601	800	9500	25000	
25601	2200	0	200	
25601	2200	500	12000	
25601	2200	1000	12000	
25601	2200	1500	25000	
25601	2200	2000	25000	
25601	2200	2500	25000	
25601	2200	3000	25000	
25601	2200	3500	25000	
25601	2200	4000	25000	
25601	2200	4500	25000	
25601	2200	5000	25000	
25601	2200	5500	25000	
25601	2200	6000	25000	
25601	2200	6500	25000	
25601	2200	7000	25000	
25601	2200	7500	25000	
25601	2200	8000	25000	
25601	2200	8500	25000	
25601	2200	9000	25000	
25601	2200	9500	25000	
25601	5000	0	200	
25601	5000	500	12000	
25601	5000	1000	12000	
25601	5000	1500	25000	
25601	5000	2000	25000	
25601	5000	2500	25000	
25601	5000	3000	25000	
25601	5000	3500	25000	
25601	5000	4000	25000	
25601	5000	4500	25000	
25601	5000	5000	25000	
25601	5000	5500	25000	
25601	5000	6000	25000	
25601	5000	6500	25000	
25601	5000	7000	25000	
25601	5000	7500	25000	
25601	5000	8000	25000	
25601	5000	8500	25000	
25601	5000	9000	25000	
25601	5000	9500	25000	
25601	12000	0	12000	
25601	12000	500	12000	
25601	12000	1000	12000	
25601	12000	1500	25000	
25601	12000	2000	25000	
25601	12000	2500	25000	
25601	12000	3000	25000	
25601	12000	3500	25000	
25601	12000	4000	25000	
25601	12000	4500	25000	
25601	12000	5000	25000	
25601	12000	5500	25000	
25601	12000	6000	25000	
25601	12000	6500	25000	
25601	12000	7000	25000	
25601	12000	7500	25000	
25601	12000	8000	25000	
25601	12000	8500	25000	
25601	12000	9000	25000	
25601	12000	9500	25000	
25601	25000	0	25000	
25601	25000	500	25000	
25601	25000	1000	25000	
25601	25000	1500	25000	
25601	25000	2000	25000	
25601	25000	2500	25000	
25601	25000	3000	25000	
25601	25000	3500	25000	
25601	25000	4000	25000	
25601	25000	4500	25000	
25601	25000	5000	25000	
25601	25000	5500	25000	
25601	25000	6000	25000	
25601	25000	6500	25000	
25601	25000	7000	25000	
25601	25000	7500	25000	
25601	25000	8000	25000	
25601	25000	8500	25000	
25601	25000	9000	25000	
25601	25000	9500	25000	
25801	200	0	200	
25801	200	500	200	
25801	200	1000	12000	
25801	200	1500	25000	
25801	200	2000	25000	
25801	200	2500	25000	
25801	200	3000	25000	
25801	200	3500	25000	
25801	200	4000	25000	
25801	200	4500	25000	
25801	200	5000	25000	
25801	200	5500	25000	
25801	200	6000	25000	
25801	200	6500	25000	
25801	200	7000	25000	
25801	200	7500	25000	
25801	200	8000	25000	
25801	200	8500	25000	
25801	200	9000	25000	
25801	200	9500	25000	
25801	800	0	200	
25801	800	500	12000	
25801	800	1000	12000	
25801	800	1500	25000	
25801	800	2000	25000	
25801	800	2500	25000	
25801	800	3000	25000	
25801	800	3500	25000	
25801	800	4000	25000	
25801	800	4500	25000	
25801	800	5000	25000	
25801	800	5500	25000	
25801	800	6000	25000	
25801	800	6500	25000	
25801	800	7000	25000	
25801	800	7500	25000	
25801	800	8000	25000	
25801	800	8500	25000	
25801	800	9000	25000	
25801	800	9500	25000	
25801	2200	0	200	
25801	2200	500	12000	
25801	2200	1000	12000	
25801	2200	1500	25000	
25801	2200	2000	25000	
25801	2200	2500	25000	
25801	2200	3000	25000	
25801	2200	3500	25000	
25801	2200	4000	25000	
25801	2200	4500	25000	
25801	2200	5000	25000	
25801	2200	5500	25000	
25801	2200	6000	25000	
25801	2200	6500	25000	
25801	2200	7000	25000	
25801	2200	7500	25000	
25801	2200	8000	25000	
25801	2200	8500	25000	
25801	2200	9000	25000	
25801	2200	9500	25000	
25801	5000	0	200	
25801	5000	500	12000	
25801	5000	1000	12000	
25801	5000	1500	25000	
25801	5000	2000	25000	
25801	5000	2500	25000	
25801	5000	3000	25000	
25801	5000	3500	25000	
25801	5000	4000	25000	
25801	5000	4500	25000	
25801	5000	5000	25000	
25801	5000	5500	25000	
25801	5000	6000	25000	
25801	5000	6500	25000	
25801	5000	7000	25000	
25801	5000	7500	25000	
25801	5000	8000	25000	
25801	5000	8500	25000	
25801	5000	9000	25000	
25801	5000	9500	25000	
25801	12000	0	12000	
25801	12000	500	12000	
25801	12000	1000	12000	
25801	12000	1500	25000	
25801	12000	2000	25000	
25801	12000	2500	25000	
25801	12000	3000	25000	
25801	12000	3500	25000	
25801	12000	4000	25000	
25801	12000	4500	25000	
25801	12000	5000	25000	
25801	12000	5500	25000	
25801	12000	6000	25000	
25801	12000	6500	25000	
25801	12000	7000	25000	
25801	12000	7500	25000	
25801	12000	8000	25000	
25801	12000	8500	25000	
25801	12000	9000	25000	
25801	12000	9500	25000	
25801	25000	0	25000	
25801	25000	500	25000	
25801	25000	1000	25000	
25801	25000	1500	25000	
25801	25000	2000	25000	
25801	25000	2500	25000	
25801	25000	3000	25000	
25801	25000	3500	25000	
25801	25000	4000	25000	
25801	25000	4500	25000	
25801	25000	5000	25000	
25801	25000	5500	25000	
25801	25000	6000	25000	
25801	25000	6500	25000	
25801	25000	7000	25000	
25801	25000	7500	25000	
25801	25000	8000	25000	
25801	25000	8500	25000	
25801	25000	9000	25000	
25801	25000	9500	25000	
26001	200	0	200	
26001	200	500	200	
26001	200	1000	12000	
26001	200	1500	25000	
26001	200	2000	25000	
26001	200	2500	25000	
26001	200	3000	25000	
26001	200	3500	25000	
26001	200	4000	25000	
26001	200	4500	25000	
26001	200	5000	25000	
26001	200	5500	25000	
26001	200	6000	25000	
26001	200	6500	25000	
26001	200	7000	25000	
26001	200	7500	25000	
26001	200	8000	25000	
26001	200	8500	25000	
26001	200	9000	25000	
26001	200	9500	25000	
26001	800	0	200	
26001	800	500	12000	
26001	800	1000	12000	
26001	800	1500	25000	
26001	800	2000	25000	
26001	800	2500	25000	
26001	800	3000	25000	
26001	800	3500	25000	
26001	800	4000	25000	
26001	800	4500	25000	
26001	800	5000	25000	
26001	800	5500	25000	
26001	800	6000	25000	
26001	800	6500	25000	
26001	800	7000	25000	
26001	800	7500	25000	
26001	800	8000	25000	
26001	800	8500	25000	
26001	800	9000	25000	
26001	800	9500	25000	
26001	2200	0	200	
26001	2200	500	12000	
26001	2200	1000	12000	
26001	2200	1500	25000	
26001	2200	2000	25000	
26001	2200	2500	25000	
26001	2200	3000	25000	
26001	2200	3500	25000	
26001	2200	4000	25000	
26001	2200	4500	25000	
26001	2200	5000	25000	
26001	2200	5500	25000	
26001	2200	6000	25000	
26001	2200	6500	25000	
26001	2200	7000	25000	
26001	2200	7500	25000	
26001	2200	8000	25000	
26001	2200	8500	25000	
26001	2200	9000	25000	
26001	2200	9500	25000	
26001	5000	0	200	
26001	5000	500	12000	
26001	5000	1000	12000	
26001	5000	1500	25000	
26001	5000	2000	25000	
26001	5000	2500	25000	
26001	5000	3000	25000	
26001	5000	3500	25000	
26001	5000	4000	25000	
26001	5000	4500	25000	
26001	5000	5000	25000	
26001	5000	5500	25000	
26001	5000	6000	25000	
26001	5000	6500	25000	
26001	5000	7000	25000	
26001	5000	7500	25000	
26001	5000	8000	25000	
26001	5000	8500	25000	
26001	5000	9000	25000	
26001	5000	9500	25000	
26001	12000	0	12000	
26001	12000	500	12000	
26001	12000	1000	12000	
26001	12000	1500	25000	
26001	12000	2000	25000	
26001	12000	2500	25000	
26001	12000	3000	25000	
26001	12000	3500	25000	
26001	12000	4000	25000	
26001	12000	4500	25000	
26001	12000	5000	25000	
26001	12000	5500	25000	
26001	12000	6000	25000	
26001	12000	6500	25000	
26001	12000	7000	25000	
26001	12000	7500	25000	
26001	12000	8000	25000	
26001	12000	8500	25000	
26001	12000	9000	25000	
26001	12000	9500	25000	
26001	25000	0	25000	
26001	25000	500	25000	
26001	25000	1000	25000	
26001	25000	1500	25000	
26001	25000	2000	25000	
26001	25000	2500	25000	
26001	25000	3000	25000	
26001	25000	3500	25000	
26001	25000	4000	25000	
26001	25000	4500	25000	
26001	25000	5000	25000	
26001	25000	5500	25000	
26001	25000	6000	25000	
26001	25000	6500	25000	
26001	25000	7000	25000	
26001	25000	7500	25000	
26001	25000	8000	25000	
26001	25000	8500	25000	
26001	25000	9000	25000	
26001	25000	9500	25000	
26201	200	0	200	
26201	200	500	200	
26201	200	1000	12000	
26201	200	1500	25000	
26201	200	2000	25000	
26201	200	2500	25000	
26201	200	3000	25000	
26201	200	3500	25000	
26201	200	4000	25000	
26201	200	4500	25000	
26201	200	5000	25000	
26201	200	5500	25000	
26201	200	6000	25000	
26201	200	6500	25000	
26201	200	7000	25000	
26201	200	7500	25000	
26201	200	8000	25000	
26201	200	8500	25000	
26201	200	9000	25000	
26201	200	9500	25000	
26201	800	0	200	
26201	800	500	12000	
26201	800	1000	12000	
26201	800	1500	25000	
26201	800	2000	25000	
26201	800	2500	25000	
26201	800	3000	25000	
26201	800	3500	25000	
26201	800	4000	25000	
26201	800	4500	25000	
26201	800	5000	25000	
26201	800	5500	25000	
26201	800	6000	25000	
26201	800	6500	25000	
26201	800	7000	25000	
26201	800	7500	25000	
26201	800	8000	25000	
26201	800	8500	25000	
26201	800	9000	25000	
26201	800	9500	25000	
26201	2200	0	200	
26201	2200	500	12000	
26201	2200	1000	12000	
26201	2200	1500	25000	
26201	2200	2000	25000	
26201	2200	2500	25000	
26201	2200	3000	25000	
26201	2200	3500	25000	
26201	2200	4000	25000	
26201	2200	4500	25000	
26201	2200	5000	25000	
26201	2200	5500	25000	
26201	2200	6000	25000	
26201	2200	6500	25000	
26201	2200	7000	25000	
26201	2200	7500	25000	
26201	2200	8000	25000	
26201	2200	8500	25000	
26201	2200	9000	25000	
26201	2200	9500	25000	
26201	5000	0	200	
26201	5000	500	12000	
26201	5000	1000	12000	
26201	5000	1500	25000	
26201	5000	2000	25000	
26201	5000	2500	25000	
26201	5000	3000	25000	
26201	5000	3500	25000	
26201	5000	4000	25000	
26201	5000	4500	25000	
26201	5000	5000	25000	
26201	5000	5500	25000	
26201	5000	6000	25000	
26201	5000	6500	25000	
26201	5000	7000	25000	
26201	5000	7500	25000	
26201	5000	8000	25000	
26201	5000	8500	25000	
26201	5000	9000	25000	
26201	5000	9500	25000	
26201	12000	0	12000	
26201	12000	500	12000	
26201	12000	1000	12000	
26201	12000	1500	25000	
26201	12000	2000	25000	
26201	12000	2500	25000	
26201	12000	3000	25000	
26201	12000	3500	25000	
26201	12000	4000	25000	
26201	12000	4500	25000	
26201	12000	5000	25000	
26201	12000	5500	25000	
26201	12000	6000	25000	
26201	12000	6500	25000	
26201	12000	7000	25000	
26201	12000	7500	25000	
26201	12000	8000	25000	
26201	12000	8500	25000	
26201	12000	9000	25000	
26201	12000	9500	25000	
26201	25000	0	25000	
26201	25000	500	25000	
26201	25000	1000	25000	
26201	25000	1500	25000	
26201	25000	2000	25000	
26201	25000	2500	25000	
26201	25000	3000	25000	
26201	25000	3500	25000	
26201	25000	4000	25000	
26201	25000	4500	25000	
26201	25000	5000	25000	
26201	25000	5500	25000	
26201	25000	6000	25000	
26201	25000	6500	25000	
26201	25000	7000	25000	
26201	25000	7500	25000	
26201	25000	8000	25000	
26201	25000	8500	25000	
26201	25000	9000	25000	
26201	25000	9500	25000	
26401	200	0	200	
26401	200	500	200	
26401	200	1000	12000	
26401	200	1500	25000	
26401	200	2000	25000	
26401	200	2500	25000	
26401	200	3000	25000	
26401	200	3500	25000	
26401	200	4000	25000	
26401	200	4500	25000	
26401	200	5000	25000	
26401	200	5500	25000	
26401	200	6000	25000	
26401	200	6500	25000	
26401	200	7000	25000	
26401	200	7500	25000	
26401	200	8000	25000	
26401	200	8500	25000	
26401	200	9000	25000	
26401	200	9500	25000	
26401	800	0	200	
26401	800	500	12000	
26401	800	1000	12000	
26401	800	1500	25000	
26401	800	2000	25000	
26401	800	2500	25000	
26401	800	3000	25000	
26401	800	3500	25000	
26401	800	4000	25000	
26401	800	4500	25000	
26401	800	5000	25000	
26401	800	5500	25000	
26401	800	6000	25000	
26401	800	6500	25000	
26401	800	7000	25000	
26401	800	7500	25000	
26401	800	8000	25000	
26401	800	8500	25000	
26401	800	9000	25000	
26401	800	9500	25000	
26401	2200	0	200	
26401	2200	500	12000	
26401	2200	1000	12000	
26401	2200	1500	25000	
26401	2200	2000	25000	
26401	2200	2500	25000	
26401	2200	3000	25000	
26401	2200	3500	25000	
26401	2200	4000	25000	
26401	2200	4500	25000	
26401	2200	5000	25000	
26401	2200	5500	25000	
26401	2200	6000	25000	
26401	2200	6500	25000	
26401	2200	7000	25000	
26401	2200	7500	25000	
26401	2200	8000	25000	
26401	2200	8500	25000	
26401	2200	9000	25000	
26401	2200	9500	25000	
26401	5000	0	200	
26401	5000	500	12000	
26401	5000	1000	12000	
26401	5000	1500	25000	
26401	5000	2000	25000	
26401	5000	2500	25000	
26401	5000	3000	25000	
26401	5000	3500	25000	
26401	5000	4000	25000	
26401	5000	4500	25000	
26401	5000	5000	25000	
26401	5000	5500	25000	
26401	5000	6000	25000	
26401	5000	6500	25000	
26401	5000	7000	25000	
26401	5000	7500	25000	
26401	5000	8000	25000	
26401	5000	8500	25000	
26401	5000	9000	25000	
26401	5000	9500	25000	
26401	12000	0	12000	
26401	12000	500	12000	
26401	12000	1000	12000	
26401	12000	1500	25000	
26401	12000	2000	25000	
26401	12000	2500	25000	
26401	12000	3000	25000	
26401	12000	3500	25000	
26401	12000	4000	25000	
26401	12000	4500	25000	
26401	12000	5000	25000	
26401	12000	5500	25000	
26401	12000	6000	25000	
26401	12000	6500	25000	
26401	12000	7000	25000	
26401	12000	7500	25000	
26401	12000	8000	25000	
26401	12000	8500	25000	
26401	12000	9000	25000	
26401	12000	9500	25000	
26401	25000	0	25000	
26401	25000	500	25000	
26401	25000	1000	25000	
26401	25000	1500	25000	
26401	25000	2000	25000	
26401	25000	2500	25000	
26401	25000	3000	25000	
26401	25000	3500	25000	
26401	25000	4000	25000	
26401	25000	4500	25000	
26401	25000	5000	25000	
26401	25000	5500	25000	
26401	25000	6000	25000	
26401	25000	6500	25000	
26401	25000	7000	25000	
26401	25000	7500	25000	
26401	25000	8000	25000	
26401	25000	8500	25000	
26401	25000	9000	25000	
26401	25000	9500	25000	
26601	200	0	200	
26601	200	500	200	
26601	200	1000	12000	
26601	200	1500	25000	
26601	200	2000	25000	
26601	200	2500	25000	
26601	200	3000	25000	
26601	200	3500	25000	
26601	200	4000	25000	
26601	200	4500	25000	
26601	200	5000	25000	
26601	200	5500	25000	
26601	200	6000	25000	
26601	200	6500	25000	
26601	200	7000	25000	
26601	200	7500	25000	
26601	200	8000	25000	
26601	200	8500	25000	
26601	200	9000	25000	
26601	200	9500	25000	
26601	800	0	200	
26601	800	500	12000	
26601	800	1000	12000	
26601	800	1500	25000	
26601	800	2000	25000	
26601	800	2500	25000	
26601	800	3000	25000	
26601	800	3500	25000	
26601	800	4000	25000	
26601	800	4500	25000	
26601	800	5000	25000	
26601	800	5500	25000	
26601	800	6000	25000	
26601	800	6500	25000	
26601	800	7000	25000	
26601	800	7500	25000	
26601	800	8000	25000	
26601	800	8500	25000	
26601	800	9000	25000	
26601	800	9500	25000	
26601	2200	0	200	
26601	2200	500	12000	
26601	2200	1000	12000	
26601	2200	1500	25000	
26601	2200	2000	25000	
26601	2200	2500	25000	
26601	2200	3000	25000	
26601	2200	3500	25000	
26601	2200	4000	25000	
26601	2200	4500	25000	
26601	2200	5000	25000	
26601	2200	5500	25000	
26601	2200	6000	25000	
26601	2200	6500	25000	
26601	2200	7000	25000	
26601	2200	7500	25000	
26601	2200	8000	25000	
26601	2200	8500	25000	
26601	2200	9000	25000	
26601	2200	9500	25000	
26601	5000	0	200	
26601	5000	500	12000	
26601	5000	1000	12000	
26601	5000	1500	25000	
26601	5000	2000	25000	
26601	5000	2500	25000	
26601	5000	3000	25000	
26601	5000	3500	25000	
26601	5000	4000	25000	
26601	5000	4500	25000	
26601	5000	5000	25000	
26601	5000	5500	25000	
26601	5000	6000	25000	
26601	5000	6500	25000	
26601	5000	7000	25000	
26601	5000	7500	25000	
26601	5000	8000	25000	
26601	5000	8500	25000	
26601	5000	9000	25000	
26601	5000	9500	25000	
26601	12000	0	12000	
26601	12000	500	12000	
26601	12000	1000	12000	
26601	12000	1500	25000	
26601	12000	2000	25000	
26601	12000	2500	25000	
26601	12000	3000	25000	
26601	12000	3500	25000	
26601	12000	4000	25000	
26601	12000	4500	25000	
26601	12000	5000	25000	
26601	12000	5500	25000	
26601	12000	6000	25000	
26601	12000	6500	25000	
26601	12000	7000	25000	
26601	12000	7500	25000	
26601	12000	8000	25000	
26601	12000	8500	25000	
26601	12000	9000	25000	
26601	12000	9500	25000	
26601	25000	0	25000	
26601	25000	500	25000	
26601	25000	1000	25000	
26601	25000	1500	25000	
26601	25000	2000	25000	
26601	25000	2500	25000	
26601	25000	3000	25000	
26601	25000	3500	25000	
26601	25000	4000	25000	
26601	25000	4500	25000	
26601	25000	5000	25000	
26601	25000	5500	25000	
26601	25000	6000	25000	
26601	25000	6500	25000	
26601	25000	7000	25000	
26601	25000	7500	25000	
26601	25000	8000	25000	
26601	25000	8500	25000	
26601	25000	9000	25000	
26601	25000	9500	25000	
26801	200	0	200	
26801	200	500	200	
26801	200	1000	12000	
26801	200	1500	25000	
26801	200	2000	25000	
26801	200	2500	25000	
26801	200	3000	25000	
26801	200	3500	25000	
26801	200	4000	25000	
26801	200	4500	25000	
26801	200	5000	25000	
26801	200	5500	25000	
26801	200	6000	25000	
26801	200	6500	25000	
26801	200	7000	25000	
26801	200	7500	25000	
26801	200	8000	25000	
26801	200	8500	25000	
26801	200	9000	25000	
26801	200	9500	25000	
26801	800	0	200	
26801	800	500	12000	
26801	800	1000	12000	
26801	800	1500	25000	
26801	800	2000	25000	
26801	800	2500	25000	
26801	800	3000	25000	
26801	800	3500	25000	
26801	800	4000	25000	
26801	800	4500	25000	
26801	800	5000	25000	
26801	800	5500	25000	
26801	800	6000	25000	
26801	800	6500	25000	
26801	800	7000	25000	
26801	800	7500	25000	
26801	800	8000	25000	
26801	800	8500	25000	
26801	800	9000	25000	
26801	800	9500	25000	
26801	2200	0	200	
26801	2200	500	12000	
26801	2200	1000	12000	
26801	2200	1500	25000	
26801	2200	2000	25000	
26801	2200	2500	25000	
26801	2200	3000	25000	
26801	2200	3500	25000	
26801	2200	4000	25000	
26801	2200	4500	25000	
26801	2200	5000	25000	
26801	2200	5500	25000	
26801	2200	6000	25000	
26801	2200	6500	25000	
26801	2200	7000	25000	
26801	2200	7500	25000	
26801	2200	8000	25000	
26801	2200	8500	25000	
26801	2200	9000	25000	
26801	2200	9500	25000	
26801	5000	0	200	
26801	5000	500	12000	
26801	5000	1000	12000	
26801	5000	1500	25000	
26801	5000	2000	25000	
26801	5000	2500	25000	
26801	5000	3000	25000	
26801	5000	3500	25000	
26801	5000	4000	25000	
26801	5000	4500	25000	
26801	5000	5000	25000	
26801	5000	5500	25000	
26801	5000	6000	25000	
26801	5000	6500	25000	
26801	5000	7000	25000	
26801	5000	7500	25000	
26801	5000	8000	25000	
26801	5000	8500	25000	
26801	5000	9000	25000	
26801	5000	9500	25000	
26801	12000	0	12000	
26801	12000	500	12000	
26801	12000	1000	12000	
26801	12000	1500	25000	
26801	12000	2000	25000	
26801	12000	2500	25000	
26801	12000	3000	25000	
26801	12000	3500	25000	
26801	12000	4000	25000	
26801	12000	4500	25000	
26801	12000	5000	25000	
26801	12000	5500	25000	
26801	12000	6000	25000	
26801	12000	6500	25000	
26801	12000	7000	25000	
26801	12000	7500	25000	
26801	12000	8000	25000	
26801	12000	8500	25000	
26801	12000	9000	25000	
26801	12000	9500	25000	
26801	25000	0	25000	
26801	25000	500	25000	
26801	25000	1000	25000	
26801	25000	1500	25000	
26801	25000	2000	25000	
26801	25000	2500	25000	
26801	25000	3000	25000	
26801	25000	3500	25000	
26801	25000	4000	25000	
26801	25000	4500	25000	
26801	25000	5000	25000	
26801	25000	5500	25000	
26801	25000	6000	25000	
26801	25000	6500	25000	
26801	25000	7000	25000	
26801	25000	7500	25000	
26801	25000	8000	25000	
26801	25000	8500	25000	
26801	25000	9000	25000	
26801	25000	9500	25000	
27001	200	0	200	
27001	200	500	200	
27001	200	1000	12000	
27001	200	1500	25000	
27001	200	2000	25000	
27001	200	2500	25000	
27001	200	3000	25000	
27001	200	3500	25000	
27001	200	4000	25000	
27001	200	4500	25000	
27001	200	5000	25000	
27001	200	5500	25000	
27001	200	6000	25000	
27001	200	6500	25000	
27001	200	7000	25000	
27001	200	7500	25000	
27001	200	8000	25000	
27001	200	8500	25000	
27001	200	9000	25000	
27001	200	9500	25000	
27001	800	0	200	
27001	800	500	12000	
27001	800	1000	12000	
27001	800	1500	25000	
27001	800	2000	25000	
27001	800	2500	25000	
27001	800	3000	25000	
27001	800	3500	25000	
27001	800	4000	25000	
27001	800	4500	25000	
27001	800	5000	25000	
27001	800	5500	25000	
27001	800	6000	25000	
27001	800	6500	25000	
27001	800	7000	25000	
27001	800	7500	25000	
27001	800	8000	25000	
27001	800	8500	25000	
27001	800	9000	25000	
27001	800	9500	25000	
27001	2200	0	200	
27001	2200	500	12000	
27001	2200	1000	12000	
27001	2200	1500	25000	
27001	2200	2000	25000	
27001	2200	2500	25000	
27001	2200	3000	25000	
27001	2200	3500	25000	
27001	2200	4000	25000	
27001	2200	4500	25000	
27001	2200	5000	25000	
27001	2200	5500	25000	
27001	2200	6000	25000	
27001	2200	6500	25000	
27001	2200	7000	25000	
27001	2200	7500	25000	
27001	2200	8000	25000	
27001	2200	8500	25000	
27001	2200	9000	25000	
27001	2200	9500	25000	
27001	5000	0	200	
27001	5000	500	12000	
27001	5000	1000	12000	
27001	5000	1500	25000	
27001	5000	2000	25000	
27001	5000	2500	25000	
27001	5000	3000	25000	
27001	5000	3500	25000	
27001	5000	4000	25000	
27001	5000	4500	25000	
27001	5000	5000	25000	
27001	5000	5500	25000	
27001	5000	6000	25000	
27001	5000	6500	25000	
27001	5000	7000	25000	
27001	5000	7500	25000	
27001	5000	8000	25000	
27001	5000	8500	25000	
27001	5000	9000	25000	
27001	5000	9500	25000	
27001	12000	0	12000	
27001	12000	500	12000	
27001	12000	1000	12000	
27001	12000	1500	25000	
27001	12000	2000	25000	
27001	12000	2500	25000	
27001	12000	3000	25000	
27001	12000	3500	25000	
27001	12000	4000	25000	
27001	12000	4500	25000	
27001	12000	5000	25000	
27001	12000	5500	25000	
27001	12000	6000	25000	
27001	12000	6500	25000	
27001	12000	7000	25000	
27001	12000	7500	25000	
27001	12000	8000	25000	
27001	12000	8500	25000	
27001	12000	9000	25000	
27001	12000	9500	25000	
27001	25000	0	25000	
27001	25000	500	25000	
27001	25000	1000	25000	
27001	25000	1500	25000	
27001	25000	2000	25000	
27001	25000	2500	25000	
27001	25000	3000	25000	
27001	25000	3500	25000	
27001	25000	4000	25000	
27001	25000	4500	25000	
27001	25000	5000	25000	
27001	25000	5500	25000	
27001	25000	6000	25000	
27001	25000	6500	25000	
27001	25000	7000	25000	
27001	25000	7500	25000	
27001	25000	8000	25000	
27001	25000	8500	25000	
27001	25000	9000	25000	
27001	25000	9500	25000	
27201	200	0	200	
27201	200	500	200	
27201	200	1000	12000	
27201	200	1500	25000	
27201	200	2000	25000	
27201	200	2500	25000	
27201	200	3000	25000	
27201	200	3500	25000	
27201	200	4000	25000	
27201	200	4500	25000	
27201	200	5000	25000	
27201	200	5500	25000	
27201	200	6000	25000	
27201	200	6500	25000	
27201	200	7000	25000	
27201	200	7500	25000	
27201	200	8000	25000	
27201	200	8500	25000	
27201	200	9000	25000	
27201	200	9500	25000	
27201	800	0	200	
27201	800	500	12000	
27201	800	1000	12000	
27201	800	1500	25000	
27201	800	2000	25000	
27201	800	2500	25000	
27201	800	3000	25000	
27201	800	3500	25000	
27201	800	4000	25000	
27201	800	4500	25000	
27201	800	5000	25000	
27201	800	5500	25000	
27201	800	6000	25000	
27201	800	6500	25000	
27201	800	7000	25000	
27201	800	7500	25000	
27201	800	8000	25000	
27201	800	8500	25000	
27201	800	9000	25000	
27201	800	9500	25000	
27201	2200	0	200	
27201	2200	500	12000	
27201	2200	1000	12000	
27201	2200	1500	25000	
27201	2200	2000	25000	
27201	2200	2500	25000	
27201	2200	3000	25000	
27201	2200	3500	25000	
27201	2200	4000	25000	
27201	2200	4500	25000	
27201	2200	5000	25000	
27201	2200	5500	25000	
27201	2200	6000	25000	
27201	2200	6500	25000	
27201	2200	7000	25000	
27201	2200	7500	25000	
27201	2200	8000	25000	
27201	2200	8500	25000	
27201	2200	9000	25000	
27201	2200	9500	25000	
27201	5000	0	200	
27201	5000	500	12000	
27201	5000	1000	12000	
27201	5000	1500	25000	
27201	5000	2000	25000	
27201	5000	2500	25000	
27201	5000	3000	25000	
27201	5000	3500	25000	
27201	5000	4000	25000	
27201	5000	4500	25000	
27201	5000	5000	25000	
27201	5000	5500	25000	
27201	5000	6000	25000	
27201	5000	6500	25000	
27201	5000	7000	25000	
27201	5000	7500	25000	
27201	5000	8000	25000	
27201	5000	8500	25000	
27201	5000	9000	25000	
27201	5000	9500	25000	
27201	12000	0	12000	
27201	12000	500	12000	
27201	12000	1000	12000	
27201	12000	1500	25000	
27201	12000	2000	25000	
27201	12000	2500	25000	
27201	12000	3000	25000	
27201	12000	3500	25000	
27201	12000	4000	25000	
27201	12000	4500	25000	
27201	12000	5000	25000	
27201	12000	5500	25000	
27201	12000	6000	25000	
27201	12000	6500	25000	
27201	12000	7000	25000	
27201	12000	7500	25000	
27201	12000	8000	25000	
27201	12000	8500	25000	
27201	12000	9000	25000	
27201	12000	9500	25000	
27201	25000	0	25000	
27201	25000	500	25000	
27201	25000	1000	25000	
27201	25000	1500	25000	
27201	25000	2000	25000	
27201	25000	2500	25000	
27201	25000	3000	25000	
27201	25000	3500	25000	
27201	25000	4000	25000	
27201	25000	4500	25000	
27201	25000	5000	25000	
27201	25000	5500	25000	
27201	25000	6000	25000	
27201	25000	6500	25000	
27201	25000	7000	25000	
27201	25000	7500	25000	
27201	25000	8000	25000	
27201	25000	8500	25000	
27201	25000	9000	25000	
27201	25000	9500	25000	
27401	200	0	200	
27401	200	500	200	
27401	200	1000	12000	
27401	200	1500	25000	
27401	200	2000	25000	
27401	200	2500	25000	
27401	200	3000	25000	
27401	200	3500	25000	
27401	200	4000	25000	
27401	200	4500	25000	
27401	200	5000	25000	
27401	200	5500	25000	
27401	200	6000	25000	
27401	200	6500	25000	
27401	200	7000	25000	
27401	200	7500	25000	
27401	200	8000	25000	
27401	200	8500	25000	
27401	200	9000	25000	
27401	200	9500	25000	
27401	800	0	200	
27401	800	500	12000	
27401	800	1000	12000	
27401	800	1500	25000	
27401	800	2000	25000	
27401	800	2500	25000	
27401	800	3000	25000	
27401	800	3500	25000	
27401	800	4000	25000	
27401	800	4500	25000	
27401	800	5000	25000	
27401	800	5500	25000	
27401	800	6000	25000	
27401	800	6500	25000	
27401	800	7000	25000	
27401	800	7500	25000	
27401	800	8000	25000	
27401	800	8500	25000	
27401	800	9000	25000	
27401	800	9500	25000	
27401	2200	0	200	
27401	2200	500	12000	
27401	2200	1000	12000	
27401	2200	1500	25000	
27401	2200	2000	25000	
27401	2200	2500	25000	
27401	2200	3000	25000	
27401	2200	3500	25000	
27401	2200	4000	25000	
27401	2200	4500	25000	
27401	2200	5000	25000	
27401	2200	5500	25000	
27401	2200	6000	25000	
27401	2200	6500	25000	
27401	2200	7000	25000	
27401	2200	7500	25000	
27401	2200	8000	25000	
27401	2200	8500	25000	
27401	2200	9000	25000	
27401	2200	9500	25000	
27401	5000	0	200	
27401	5000	500	12000	
27401	5000	1000	12000	
27401	5000	1500	25000	
27401	5000	2000	25000	
27401	5000	2500	25000	
27401	5000	3000	25000	
27401	5000	3500	25000	
27401	5000	4000	25000	
27401	5000	4500	25000	
27401	5000	5000	25000	
27401	5000	5500	25000	
27401	5000	6000	25000	
27401	5000	6500	25000	
27401	5000	7000	25000	
27401	5000	7500	25000	
27401	5000	8000	25000	
27401	5000	8500	25000	
27401	5000	9000	25000	
27401	5000	9500	25000	
27401	12000	0	12000	
27401	12000	500	12000	
27401	12000	1000	12000	
27401	12000	1500	25000	
27401	12000	2000	25000	
27401	12000	2500	25000	
27401	12000	3000	25000	
27401	12000	3500	25000	
27401	12000	4000	25000	
27401	12000	4500	25000	
27401	12000	5000	25000	
27401	12000	5500	25000	
27401	12000	6000	25000	
27401	12000	6500	25000	
27401	12000	7000	25000	
27401	12000	7500	25000	
27401	12000	8000	25000	
27401	12000	8500	25000	
27401	12000	9000	25000	
27401	12000	9500	25000	
27401	25000	0	25000	
27401	25000	500	25000	
27401	25000	1000	25000	
27401	25000	1500	25000	
27401	25000	2000	25000	
27401	25000	2500	25000	
27401	25000	3000	25000	
27401	25000	3500	25000	
27401	25000	4000	25000	
27401	25000	4500	25000	
27401	25000	5000	25000	
27401	25000	5500	25000	
27401	25000	6000	25000	
27401	25000	6500	25000	
27401	25000	7000	25000	
27401	25000	7500	25000	
27401	25000	8000	25000	
27401	25000	8500	25000	
27401	25000	9000	25000	
27401	25000	9500	25000	
27601	200	0	200	
27601	200	500	200	
27601	200	1000	12000	
27601	200	1500	25000	
27601	200	2000	25000	
27601	200	2500	25000	
27601	200	3000	25000	
27601	200	3500	25000	
27601	200	4000	25000	
27601	200	4500	25000	
27601	200	5000	25000	
27601	200	5500	25000	
27601	200	6000	25000	
27601	200	6500	25000	
27601	200	7000	25000	
27601	200	7500	25000	
27601	200	8000	25000	
27601	200	8500	25000	
27601	200	9000	25000	
27601	200	9500	25000	
27601	800	0	200	
27601	800	500	12000	
27601	800	1000	12000	
27601	800	1500	25000	
27601	800	2000	25000	
27601	800	2500	25000	
27601	800	3000	25000	
27601	800	3500	25000	
27601	800	4000	25000	
27601	800	4500	25000	
27601	800	5000	25000	
27601	800	5500	25000	
27601	800	6000	25000	
27601	800	6500	25000	
27601	800	7000	25000	
27601	800	7500	25000	
27601	800	8000	25000	
27601	800	8500	25000	
27601	800	9000	25000	
27601	800	9500	25000	
27601	2200	0	200	
27601	2200	500	12000	
27601	2200	1000	12000	
27601	2200	1500	25000	
27601	2200	2000	25000	
27601	2200	2500	25000	
27601	2200	3000	25000	
27601	2200	3500	25000	
27601	2200	4000	25000	
27601	2200	4500	25000	
27601	2200	5000	25000	
27601	2200	5500	25000	
27601	2200	6000	25000	
27601	2200	6500	25000	
27601	2200	7000	25000	
27601	2200	7500	25000	
27601	2200	8000	25000	
27601	2200	8500	25000	
27601	2200	9000	25000	
27601	2200	9500	25000	
27601	5000	0	200	
27601	5000	500	12000	
27601	5000	1000	12000	
27601	5000	1500	25000	
27601	5000	2000	25000	
27601	5000	2500	25000	
27601	5000	3000	25000	
27601	5000	3500	25000	
27601	5000	4000	25000	
27601	5000	4500	25000	
27601	5000	5000	25000	
27601	5000	5500	25000	
27601	5000	6000	25000	
27601	5000	6500	25000	
27601	5000	7000	25000	
27601	5000	7500	25000	
27601	5000	8000	25000	
27601	5000	8500	25000	
27601	5000	9000	25000	
27601	5000	9500	25000	
27601	12000	0	12000	
27601	12000	500	12000	
27601	12000	1000	12000	
27601	12000	1500	25000	
27601	12000	2000	25000	
27601	12000	2500	25000	
27601	12000	3000	25000	
27601	12000	3500	25000	
27601	12000	4000	25000	
27601	12000	4500	25000	
27601	12000	5000	25000	
27601	12000	5500	25000	
27601	12000	6000	25000	
27601	12000	6500	25000	
27601	12000	7000	25000	
27601	12000	7500	25000	
27601	12000	8000	25000	
27601	12000	8500	25000	
27601	12000	9000	25000	
27601	12000	9500	25000	
27601	25000	0	25000	
27601	25000	500	25000	
27601	25000	1000	25000	
27601	25000	1500	25000	
27601	25000	2000	25000	
27601	25000	2500	25000	
27601	25000	3000	25000	
27601	25000	3500	25000	
27601	25000	4000	25000	
27601	25000	4500	25000	
27601	25000	5000	25000	
27601	25000	5500	25000	
27601	25000	6000	25000	
27601	25000	6500	25000	
27601	25000	7000	25000	
27601	25000	7500	25000	
27601	25000	8000	25000	
27601	25000	8500	25000	
27601	25000	9000	25000	
27601	25000	9500	25000	
27801	200	0	200	
27801	200	500	200	
27801	200	1000	12000	
27801	200	1500	25000	
27801	200	2000	25000	
27801	200	2500	25000	
27801	200	3000	25000	
27801	200	3500	25000	
27801	200	4000	25000	
27801	200	4500	25000	
27801	200	5000	25000	
27801	200	5500	25000	
27801	200	6000	25000	
27801	200	6500	25000	
27801	200	7000	25000	
27801	200	7500	25000	
27801	200	8000	25000	
27801	200	8500	25000	
27801	200	9000	25000	
27801	200	9500	25000	
27801	800	0	200	
27801	800	500	12000	
27801	800	1000	12000	
27801	800	1500	25000	
27801	800	2000	25000	
27801	800	2500	25000	
27801	800	3000	25000	
27801	800	3500	25000	
27801	800	4000	25000	
27801	800	4500	25000	
27801	800	5000	25000	
27801	800	5500	25000	
27801	800	6000	25000	
27801	800	6500	25000	
27801	800	7000	25000	
27801	800	7500	25000	
27801	800	8000	25000	
27801	800	8500	25000	
27801	800	9000	25000	
27801	800	9500	25000	
27801	2200	0	200	
27801	2200	500	12000	
27801	2200	1000	12000	
27801	2200	1500	25000	
27801	2200	2000	25000	
27801	2200	2500	25000	
27801	2200	3000	25000	
27801	2200	3500	25000	
27801	2200	4000	25000	
27801	2200	4500	25000	
27801	2200	5000	25000	
27801	2200	5500	25000	
27801	2200	6000	25000	
27801	2200	6500	25000	
27801	2200	7000	25000	
27801	2200	7500	25000	
27801	2200	8000	25000	
27801	2200	8500	25000	
27801	2200	9000	25000	
27801	2200	9500	25000	
27801	5000	0	200	
27801	5000	500	12000	
27801	5000	1000	12000	
27801	5000	1500	25000	
27801	5000	2000	25000	
27801	5000	2500	25000	
27801	5000	3000	25000	
27801	5000	3500	25000	
27801	5000	4000	25000	
27801	5000	4500	25000	
27801	5000	5000	25000	
27801	5000	5500	25000	
27801	5000	6000	25000	
27801	5000	6500	25000	
27801	5000	7000	25000	
27801	5000	7500	25000	
27801	5000	8000	25000	
27801	5000	8500	25000	
27801	5000	9000	25000	
27801	5000	9500	25000	
27801	12000	0	12000	
27801	12000	500	12000	
27801	12000	1000	12000	
27801	12000	1500	25000	
27801	12000	2000	25000	
27801	12000	2500	25000	
27801	12000	3000	25000	
27801	12000	3500	25000	
27801	12000	4000	25000	
27801	12000	4500	25000	
27801	12000	5000	25000	
27801	12000	5500	25000	
27801	12000	6000	25000	
27801	12000	6500	25000	
27801	12000	7000	25000	
27801	12000	7500	25000	
27801	12000	8000	25000	
27801	12000	8500	25000	
27801	12000	9000	25000	
27801	12000	9500	25000	
27801	25000	0	25000	
27801	25000	500	25000	
27801	25000	1000	25000	
27801	25000	1500	25000	
27801	25000	2000	25000	
27801	25000	2500	25000	
27801	25000	3000	25000	
27801	25000	3500	25000	
27801	25000	4000	25000	
27801	25000	4500	25000	
27801	25000	5000	25000	
27801	25000	5500	25000	
27801	25000	6000	25000	
27801	25000	6500	25000	
27801	25000	7000	25000	
27801	25000	7500	25000	
27801	25000	8000	25000	
27801	25000	8500	25000	
27801	25000	9000	25000	
27801	25000	9500	25000	
28001	200	0	200	
28001	200	500	200	
28001	200	1000	12000	
28001	200	1500	25000	
28001	200	2000	25000	
28001	200	2500	25000	
28001	200	3000	25000	
28001	200	3500	25000	
28001	200	4000	25000	
28001	200	4500	25000	
28001	200	5000	25000	
28001	200	5500	25000	
28001	200	6000	25000	
28001	200	6500	25000	
28001	200	7000	25000	
28001	200	7500	25000	
28001	200	8000	25000	
28001	200	8500	25000	
28001	200	9000	25000	
28001	200	9500	25000	
28001	800	0	200	
28001	800	500	12000	
28001	800	1000	12000	
28001	800	1500	25000	
28001	800	2000	25000	
28001	800	2500	25000	
28001	800	3000	25000	
28001	800	3500	25000	
28001	800	4000	25000	
28001	800	4500	25000	
28001	800	5000	25000	
28001	800	5500	25000	
28001	800	6000	25000	
28001	800	6500	25000	
28001	800	7000	25000	
28001	800	7500	25000	
28001	800	8000	25000	
28001	800	8500	25000	
28001	800	9000	25000	
28001	800	9500	25000	
28001	2200	0	200	
28001	2200	500	12000	
28001	2200	1000	12000	
28001	2200	1500	25000	
28001	2200	2000	25000	
28001	2200	2500	25000	
28001	2200	3000	25000	
28001	2200	3500	25000	
28001	2200	4000	25000	
28001	2200	4500	25000	
28001	2200	5000	25000	
28001	2200	5500	25000	
28001	2200	6000	25000	
28001	2200	6500	25000	
28001	2200	7000	25000	
28001	2200	7500	25000	
28001	2200	8000	25000	
28001	2200	8500	25000	
28001	2200	9000	25000	
28001	2200	9500	25000	
28001	5000	0	200	
28001	5000	500	12000	
28001	5000	1000	12000	
28001	5000	1500	25000	
28001	5000	2000	25000	
28001	5000	2500	25000	
28001	5000	3000	25000	
28001	5000	3500	25000	
28001	5000	4000	25000	
28001	5000	4500	25000	
28001	5000	5000	25000	
28001	5000	5500	25000	
28001	5000	6000	25000	
28001	5000	6500	25000	
28001	5000	7000	25000	
28001	5000	7500	25000	
28001	5000	8000	25000	
28001	5000	8500	25000	
28001	5000	9000	25000	
28001	5000	9500	25000	
28001	12000	0	12000	
28001	12000	500	12000	
28001	12000	1000	12000	
28001	12000	1500	25000	
28001	12000	2000	25000	
28001	12000	2500	25000	
28001	12000	3000	25000	
28001	12000	3500	25000	
28001	12000	4000	25000	
28001	12000	4500	25000	
28001	12000	5000	25000	
28001	12000	5500	25000	
28001	12000	6000	25000	
28001	12000	6500	25000	
28001	12000	7000	25000	
28001	12000	7500	25000	
28001	12000	8000	25000	
28001	12000	8500	25000	
28001	12000	9000	25000	
28001	12000	9500	25000	
28001	25000	0	25000	
28001	25000	500	25000	
28001	25000	1000	25000	
28001	25000	1500	25000	
28001	25000	2000	25000	
28001	25000	2500	25000	
28001	25000	3000	25000	
28001	25000	3500	25000	
28001	25000	4000	25000	
28001	25000	4500	25000	
28001	25000	5000	25000	
28001	25000	5500	25000	
28001	25000	6000	25000	
28001	25000	6500	25000	
28001	25000	7000	25000	
28001	25000	7500	25000	
28001	25000	8000	25000	
28001	25000	8500	25000	
28001	25000	9000	25000	
28001	25000	9500	25000	
28201	200	0	200	
28201	200	500	200	
28201	200	1000	12000	
28201	200	1500	25000	
28201	200	2000	25000	
28201	200	2500	25000	
28201	200	3000	25000	
28201	200	3500	25000	
28201	200	4000	25000	
28201	200	4500	25000	
28201	200	5000	25000	
28201	200	5500	25000	
28201	200	6000	25000	
28201	200	6500	25000	
28201	200	7000	25000	
28201	200	7500	25000	
28201	200	8000	25000	
28201	200	8500	25000	
28201	200	9000	25000	
28201	200	9500	25000	
28201	800	0	200	
28201	800	500	12000	
28201	800	1000	12000	
28201	800	1500	25000	
28201	800	2000	25000	
28201	800	2500	25000	
28201	800	3000	25000	
28201	800	3500	25000	
28201	800	4000	25000	
28201	800	4500	25000	
28201	800	5000	25000	
28201	800	5500	25000	
28201	800	6000	25000	
28201	800	6500	25000	
28201	800	7000	25000	
28201	800	7500	25000	
28201	800	8000	25000	
28201	800	8500	25000	
28201	800	9000	25000	
28201	800	9500	25000	
28201	2200	0	200	
28201	2200	500	12000	
28201	2200	1000	12000	
28201	2200	1500	25000	
28201	2200	2000	25000	
28201	2200	2500	25000	
28201	2200	3000	25000	
28201	2200	3500	25000	
28201	2200	4000	25000	
28201	2200	4500	25000	
28201	2200	5000	25000	
28201	2200	5500	25000	
28201	2200	6000	25000	
28201	2200	6500	25000	
28201	2200	7000	25000	
28201	2200	7500	25000	
28201	2200	8000	25000	
28201	2200	8500	25000	
28201	2200	9000	25000	
28201	2200	9500	25000	
28201	5000	0	200	
28201	5000	500	12000	
28201	5000	1000	12000	
28201	5000	1500	25000	
28201	5000	2000	25000	
28201	5000	2500	25000	
28201	5000	3000	25000	
28201	5000	3500	25000	
28201	5000	4000	25000	
28201	5000	4500	25000	
28201	5000	5000	25000	
28201	5000	5500	25000	
28201	5000	6000	25000	
28201	5000	6500	25000	
28201	5000	7000	25000	
28201	5000	7500	25000	
28201	5000	8000	25000	
28201	5000	8500	25000	
28201	5000	9000	25000	
28201	5000	9500	25000	
28201	12000	0	12000	
28201	12000	500	12000	
28201	12000	1000	12000	
28201	12000	1500	25000	
28201	12000	2000	25000	
28201	12000	2500	25000	
28201	12000	3000	25000	
28201	12000	3500	25000	
28201	12000	4000	25000	
28201	12000	4500	25000	
28201	12000	5000	25000	
28201	12000	5500	25000	
28201	12000	6000	25000	
28201	12000	6500	25000	
28201	12000	7000	25000	
28201	12000	7500	25000	
28201	12000	8000	25000	
28201	12000	8500	25000	
28201	12000	9000	25000	
28201	12000	9500	25000	
28201	25000	0	25000	
28201	25000	500	25000	
28201	25000	1000	25000	
28201	25000	1500	25000	
28201	25000	2000	25000	
28201	25000	2500	25000	
28201	25000	3000	25000	
28201	25000	3500	25000	
28201	25000	4000	25000	
28201	25000	4500	25000	
28201	25000	5000	25000	
28201	25000	5500	25000	
28201	25000	6000	25000	
28201	25000	6500	25000	
28201	25000	7000	25000	
28201	25000	7500	25000	
28201	25000	8000	25000	
28201	25000	8500	25000	
28201	25000	9000	25000	
28201	25000	9500	25000	
28401	200	0	200	
28401	200	500	200	
28401	200	1000	12000	
28401	200	1500	25000	
28401	200	2000	25000	
28401	200	2500	25000	
28401	200	3000	25000	
28401	200	3500	25000	
28401	200	4000	25000	
28401	200	4500	25000	
28401	200	5000	25000	
28401	200	5500	25000	
28401	200	6000	25000	
28401	200	6500	25000	
28401	200	7000	25000	
28401	200	7500	25000	
28401	200	8000	25000	
28401	200	8500	25000	
28401	200	9000	25000	
28401	200	9500	25000	
28401	800	0	200	
28401	800	500	12000	
28401	800	1000	12000	
28401	800	1500	25000	
28401	800	2000	25000	
28401	800	2500	25000	
28401	800	3000	25000	
28401	800	3500	25000	
28401	800	4000	25000	
28401	800	4500	25000	
28401	800	5000	25000	
28401	800	5500	25000	
28401	800	6000	25000	
28401	800	6500	25000	
28401	800	7000	25000	
28401	800	7500	25000	
28401	800	8000	25000	
28401	800	8500	25000	
28401	800	9000	25000	
28401	800	9500	25000	
28401	2200	0	200	
28401	2200	500	12000	
28401	2200	1000	12000	
28401	2200	1500	25000	
28401	2200	2000	25000	
28401	2200	2500	25000	
28401	2200	3000	25000	
28401	2200	3500	25000	
28401	2200	4000	25000	
28401	2200	4500	25000	
28401	2200	5000	25000	
28401	2200	5500	25000	
28401	2200	6000	25000	
28401	2200	6500	25000	
28401	2200	7000	25000	
28401	2200	7500	25000	
28401	2200	8000	25000	
28401	2200	8500	25000	
28401	2200	9000	25000	
28401	2200	9500	25000	
28401	5000	0	200	
28401	5000	500	12000	
28401	5000	1000	12000	
28401	5000	1500	25000	
28401	5000	2000	25000	
28401	5000	2500	25000	
28401	5000	3000	25000	
28401	5000	3500	25000	
28401	5000	4000	25000	
28401	5000	4500	25000	
28401	5000	5000	25000	
28401	5000	5500	25000	
28401	5000	6000	25000	
28401	5000	6500	25000	
28401	5000	7000	25000	
28401	5000	7500	25000	
28401	5000	8000	25000	
28401	5000	8500	25000	
28401	5000	9000	25000	
28401	5000	9500	25000	
28401	12000	0	12000	
28401	12000	500	12000	
28401	12000	1000	12000	
28401	12000	1500	25000	
28401	12000	2000	25000	
28401	12000	2500	25000	
28401	12000	3000	25000	
28401	12000	3500	25000	
28401	12000	4000	25000	
28401	12000	4500	25000	
28401	12000	5000	25000	
28401	12000	5500	25000	
28401	12000	6000	25000	
28401	12000	6500	25000	
28401	12000	7000	25000	
28401	12000	7500	25000	
28401	12000	8000	25000	
28401	12000	8500	25000	
28401	12000	9000	25000	
28401	12000	9500	25000	
28401	25000	0	25000	
28401	25000	500	25000	
28401	25000	1000	25000	
28401	25000	1500	25000	
28401	25000	2000	25000	
28401	25000	2500	25000	
28401	25000	3000	25000	
28401	25000	3500	25000	
28401	25000	4000	25000	
28401	25000	4500	25000	
28401	25000	5000	25000	
28401	25000	5500	25000	
28401	25000	6000	25000	
28401	25000	6500	25000	
28401	25000	7000	25000	
28401	25000	7500	25000	
28401	25000	8000	25000	
28401	25000	8500	25000	
28401	25000	9000	25000	
28401	25000	9500	25000	
28601	200	0	200	
28601	200	500	200	
28601	200	1000	12000	
28601	200	1500	25000	
28601	200	2000	25000	
28601	200	2500	25000	
28601	200	3000	25000	
28601	200	3500	25000	
28601	200	4000	25000	
28601	200	4500	25000	
28601	200	5000	25000	
28601	200	5500	25000	
28601	200	6000	25000	
28601	200	6500	25000	
28601	200	7000	25000	
28601	200	7500	25000	
28601	200	8000	25000	
28601	200	8500	25000	
28601	200	9000	25000	
28601	200	9500	25000	
28601	800	0	200	
28601	800	500	12000	
28601	800	1000	12000	
28601	800	1500	25000	
28601	800	2000	25000	
28601	800	2500	25000	
28601	800	3000	25000	
28601	800	3500	25000	
28601	800	4000	25000	
28601	800	4500	25000	
28601	800	5000	25000	
28601	800	5500	25000	
28601	800	6000	25000	
28601	800	6500	25000	
28601	800	7000	25000	
28601	800	7500	25000	
28601	800	8000	25000	
28601	800	8500	25000	
28601	800	9000	25000	
28601	800	9500	25000	
28601	2200	0	200	
28601	2200	500	12000	
28601	2200	1000	12000	
28601	2200	1500	25000	
28601	2200	2000	25000	
28601	2200	2500	25000	
28601	2200	3000	25000	
28601	2200	3500	25000	
28601	2200	4000	25000	
28601	2200	4500	25000	
28601	2200	5000	25000	
28601	2200	5500	25000	
28601	2200	6000	25000	
28601	2200	6500	25000	
28601	2200	7000	25000	
28601	2200	7500	25000	
28601	2200	8000	25000	
28601	2200	8500	25000	
28601	2200	9000	25000	
28601	2200	9500	25000	
28601	5000	0	200	
28601	5000	500	12000	
28601	5000	1000	12000	
28601	5000	1500	25000	
28601	5000	2000	25000	
28601	5000	2500	25000	
28601	5000	3000	25000	
28601	5000	3500	25000	
28601	5000	4000	25000	
28601	5000	4500	25000	
28601	5000	5000	25000	
28601	5000	5500	25000	
28601	5000	6000	25000	
28601	5000	6500	25000	
28601	5000	7000	25000	
28601	5000	7500	25000	
28601	5000	8000	25000	
28601	5000	8500	25000	
28601	5000	9000	25000	
28601	5000	9500	25000	
28601	12000	0	12000	
28601	12000	500	12000	
28601	12000	1000	12000	
28601	12000	1500	25000	
28601	12000	2000	25000	
28601	12000	2500	25000	
28601	12000	3000	25000	
28601	12000	3500	25000	
28601	12000	4000	25000	
28601	12000	4500	25000	
28601	12000	5000	25000	
28601	12000	5500	25000	
28601	12000	6000	25000	
28601	12000	6500	25000	
28601	12000	7000	25000	
28601	12000	7500	25000	
28601	12000	8000	25000	
28601	12000	8500	25000	
28601	12000	9000	25000	
28601	12000	9500	25000	
28601	25000	0	25000	
28601	25000	500	25000	
28601	25000	1000	25000	
28601	25000	1500	25000	
28601	25000	2000	25000	
28601	25000	2500	25000	
28601	25000	3000	25000	
28601	25000	3500	25000	
28601	25000	4000	25000	
28601	25000	4500	25000	
28601	25000	5000	25000	
28601	25000	5500	25000	
28601	25000	6000	25000	
28601	25000	6500	25000	
28601	25000	7000	25000	
28601	25000	7500	25000	
28601	25000	8000	25000	
28601	25000	8500	25000	
28601	25000	9000	25000	
28601	25000	9500	25000	
28801	200	0	200	
28801	200	500	200	
28801	200	1000	12000	
28801	200	1500	25000	
28801	200	2000	25000	
28801	200	2500	25000	
28801	200	3000	25000	
28801	200	3500	25000	
28801	200	4000	25000	
28801	200	4500	25000	
28801	200	5000	25000	
28801	200	5500	25000	
28801	200	6000	25000	
28801	200	6500	25000	
28801	200	7000	25000	
28801	200	7500	25000	
28801	200	8000	25000	
28801	200	8500	25000	
28801	200	9000	25000	
28801	200	9500	25000	
28801	800	0	200	
28801	800	500	12000	
28801	800	1000	12000	
28801	800	1500	25000	
28801	800	2000	25000	
28801	800	2500	25000	
28801	800	3000	25000	
28801	800	3500	25000	
28801	800	4000	25000	
28801	800	4500	25000	
28801	800	5000	25000	
28801	800	5500	25000	
28801	800	6000	25000	
28801	800	6500	25000	
28801	800	7000	25000	
28801	800	7500	25000	
28801	800	8000	25000	
28801	800	8500	25000	
28801	800	9000	25000	
28801	800	9500	25000	
28801	2200	0	200	
28801	2200	500	12000	
28801	2200	1000	12000	
28801	2200	1500	25000	
28801	2200	2000	25000	
28801	2200	2500	25000	
28801	2200	3000	25000	
28801	2200	3500	25000	
28801	2200	4000	25000	
28801	2200	4500	25000	
28801	2200	5000	25000	
28801	2200	5500	25000	
28801	2200	6000	25000	
28801	2200	6500	25000	
28801	2200	7000	25000	
28801	2200	7500	25000	
28801	2200	8000	25000	
28801	2200	8500	25000	
28801	2200	9000	25000	
28801	2200	9500	25000	
28801	5000	0	200	
28801	5000	500	12000	
28801	5000	1000	12000	
28801	5000	1500	25000	
28801	5000	2000	25000	
28801	5000	2500	25000	
28801	5000	3000	25000	
28801	5000	3500	25000	
28801	5000	4000	25000	
28801	5000	4500	25000	
28801	5000	5000	25000	
28801	5000	5500	25000	
28801	5000	6000	25000	
28801	5000	6500	25000	
28801	5000	7000	25000	
28801	5000	7500	25000	
28801	5000	8000	25000	
28801	5000	8500	25000	
28801	5000	9000	25000	
28801	5000	9500	25000	
28801	12000	0	12000	
28801	12000	500	12000	
28801	12000	1000	12000	
28801	12000	1500	25000	
28801	12000	2000	25000	
28801	12000	2500	25000	
28801	12000	3000	25000	
28801	12000	3500	25000	
28801	12000	4000	25000	
28801	12000	4500	25000	
28801	12000	5000	25000	
28801	12000	5500	25000	
28801	12000	6000	25000	
28801	12000	6500	25000	
28801	12000	7000	25000	
28801	12000	7500	25000	
28801	12000	8000	25000	
28801	12000	8500	25000	
28801	12000	9000	25000	
28801	12000	9500	25000	
28801	25000	0	25000	
28801	25000	500	25000	
28801	25000	1000	25000	
28801	25000	1500	25000	
28801	25000	2000	25000	
28801	25000	2500	25000	
28801	25000	3000	25000	
28801	25000	3500	25000	
28801	25000	4000	25000	
28801	25000	4500	25000	
28801	25000	5000	25000	
28801	25000	5500	25000	
28801	25000	6000	25000	
28801	25000	6500	25000	
28801	25000	7000	25000	
28801	25000	7500	25000	
28801	25000	8000	25000	
28801	25000	8500	25000	
28801	25000	9000	25000	
28801	25000	9500	25000	
29001	200	0	200	
29001	200	500	200	
29001	200	1000	12000	
29001	200	1500	25000	
29001	200	2000	25000	
29001	200	2500	25000	
29001	200	3000	25000	
29001	200	3500	25000	
29001	200	4000	25000	
29001	200	4500	25000	
29001	200	5000	25000	
29001	200	5500	25000	
29001	200	6000	25000	
29001	200	6500	25000	
29001	200	7000	25000	
29001	200	7500	25000	
29001	200	8000	25000	
29001	200	8500	25000	
29001	200	9000	25000	
29001	200	9500	25000	
29001	800	0	200	
29001	800	500	12000	
29001	800	1000	12000	
29001	800	1500	25000	
29001	800	2000	25000	
29001	800	2500	25000	
29001	800	3000	25000	
29001	800	3500	25000	
29001	800	4000	25000	
29001	800	4500	25000	
29001	800	5000	25000	
29001	800	5500	25000	
29001	800	6000	25000	
29001	800	6500	25000	
29001	800	7000	25000	
29001	800	7500	25000	
29001	800	8000	25000	
29001	800	8500	25000	
29001	800	9000	25000	
29001	800	9500	25000	
29001	2200	0	200	
29001	2200	500	12000	
29001	2200	1000	12000	
29001	2200	1500	25000	
29001	2200	2000	25000	
29001	2200	2500	25000	
29001	2200	3000	25000	
29001	2200	3500	25000	
29001	2200	4000	25000	
29001	2200	4500	25000	
29001	2200	5000	25000	
29001	2200	5500	25000	
29001	2200	6000	25000	
29001	2200	6500	25000	
29001	2200	7000	25000	
29001	2200	7500	25000	
29001	2200	8000	25000	
29001	2200	8500	25000	
29001	2200	9000	25000	
29001	2200	9500	25000	
29001	5000	0	200	
29001	5000	500	12000	
29001	5000	1000	12000	
29001	5000	1500	25000	
29001	5000	2000	25000	
29001	5000	2500	25000	
29001	5000	3000	25000	
29001	5000	3500	25000	
29001	5000	4000	25000	
29001	5000	4500	25000	
29001	5000	5000	25000	
29001	5000	5500	25000	
29001	5000	6000	25000	
29001	5000	6500	25000	
29001	5000	7000	25000	
29001	5000	7500	25000	
29001	5000	8000	25000	
29001	5000	8500	25000	
29001	5000	9000	25000	
29001	5000	9500	25000	
29001	12000	0	12000	
29001	12000	500	12000	
29001	12000	1000	12000	
29001	12000	1500	25000	
29001	12000	2000	25000	
29001	12000	2500	25000	
29001	12000	3000	25000	
29001	12000	3500	25000	
29001	12000	4000	25000	
29001	12000	4500	25000	
29001	12000	5000	25000	
29001	12000	5500	25000	
29001	12000	6000	25000	
29001	12000	6500	25000	
29001	12000	7000	25000	
29001	12000	7500	25000	
29001	12000	8000	25000	
29001	12000	8500	25000	
29001	12000	9000	25000	
29001	12000	9500	25000	
29001	25000	0	25000	
29001	25000	500	25000	
29001	25000	1000	25000	
29001	25000	1500	25000	
29001	25000	2000	25000	
29001	25000	2500	25000	
29001	25000	3000	25000	
29001	25000	3500	25000	
29001	25000	4000	25000	
29001	25000	4500	25000	
29001	25000	5000	25000	
29001	25000	5500	25000	
29001	25000	6000	25000	
29001	25000	6500	25000	
29001	25000	7000	25000	
29001	25000	7500	25000	
29001	25000	8000	25000	
29001	25000	8500	25000	
29001	25000	9000	25000	
29001	25000	9500	25000	
29201	200	0	200	
29201	200	500	200	
29201	200	1000	12000	
29201	200	1500	25000	
29201	200	2000	25000	
29201	200	2500	25000	
29201	200	3000	25000	
29201	200	3500	25000	
29201	200	4000	25000	
29201	200	4500	25000	
29201	200	5000	25000	
29201	200	5500	25000	
29201	200	6000	25000	
29201	200	6500	25000	
29201	200	7000	25000	
29201	200	7500	25000	
29201	200	8000	25000	
29201	200	8500	25000	
29201	200	9000	25000	
29201	200	9500	25000	
29201	800	0	200	
29201	800	500	12000	
29201	800	1000	12000	
29201	800	1500	25000	
29201	800	2000	25000	
29201	800	2500	25000	
29201	800	3000	25000	
29201	800	3500	25000	
29201	800	4000	25000	
29201	800	4500	25000	
29201	800	5000	25000	
29201	800	5500	25000	
29201	800	6000	25000	
29201	800	6500	25000	
29201	800	7000	25000	
29201	800	7500	25000	
29201	800	8000	25000	
29201	800	8500	25000	
29201	800	9000	25000	
29201	800	9500	25000	
29201	2200	0	200	
29201	2200	500	12000	
29201	2200	1000	12000	
29201	2200	1500	25000	
29201	2200	2000	25000	
29201	2200	2500	25000	
29201	2200	3000	25000	
29201	2200	3500	25000	
29201	2200	4000	25000	
29201	2200	4500	25000	
29201	2200	5000	25000	
29201	2200	5500	25000	
29201	2200	6000	25000	
29201	2200	6500	25000	
29201	2200	7000	25000	
29201	2200	7500	25000	
29201	2200	8000	25000	
29201	2200	8500	25000	
29201	2200	9000	25000	
29201	2200	9500	25000	
29201	5000	0	200	
29201	5000	500	12000	
29201	5000	1000	12000	
29201	5000	1500	25000	
29201	5000	2000	25000	
29201	5000	2500	25000	
29201	5000	3000	25000	
29201	5000	3500	25000	
29201	5000	4000	25000	
29201	5000	4500	25000	
29201	5000	5000	25000	
29201	5000	5500	25000	
29201	5000	6000	25000	
29201	5000	6500	25000	
29201	5000	7000	25000	
29201	5000	7500	25000	
29201	5000	8000	25000	
29201	5000	8500	25000	
29201	5000	9000	25000	
29201	5000	9500	25000	
29201	12000	0	12000	
29201	12000	500	12000	
29201	12000	1000	12000	
29201	12000	1500	25000	
29201	12000	2000	25000	
29201	12000	2500	25000	
29201	12000	3000	25000	
29201	12000	3500	25000	
29201	12000	4000	25000	
29201	12000	4500	25000	
29201	12000	5000	25000	
29201	12000	5500	25000	
29201	12000	6000	25000	
29201	12000	6500	25000	
29201	12000	7000	25000	
29201	12000	7500	25000	
29201	12000	8000	25000	
29201	12000	8500	25000	
29201	12000	9000	25000	
29201	12000	9500	25000	
29201	25000	0	25000	
29201	25000	500	25000	
29201	25000	1000	25000	
29201	25000	1500	25000	
29201	25000	2000	25000	
29201	25000	2500	25000	
29201	25000	3000	25000	
29201	25000	3500	25000	
29201	25000	4000	25000	
29201	25000	4500	25000	
29201	25000	5000	25000	
29201	25000	5500	25000	
29201	25000	6000	25000	
29201	25000	6500	25000	
29201	25000	7000	25000	
29201	25000	7500	25000	
29201	25000	8000	25000	
29201	25000	8500	25000	
29201	25000	9000	25000	
29201	25000	9500	25000	
29401	200	0	200	
29401	200	500	200	
29401	200	1000	12000	
29401	200	1500	25000	
29401	200	2000	25000	
29401	200	2500	25000	
29401	200	3000	25000	
29401	200	3500	25000	
29401	200	4000	25000	
29401	200	4500	25000	
29401	200	5000	25000	
29401	200	5500	25000	
29401	200	6000	25000	
29401	200	6500	25000	
29401	200	7000	25000	
29401	200	7500	25000	
29401	200	8000	25000	
29401	200	8500	25000	
29401	200	9000	25000	
29401	200	9500	25000	
29401	800	0	200	
29401	800	500	12000	
29401	800	1000	12000	
29401	800	1500	25000	
29401	800	2000	25000	
29401	800	2500	25000	
29401	800	3000	25000	
29401	800	3500	25000	
29401	800	4000	25000	
29401	800	4500	25000	
29401	800	5000	25000	
29401	800	5500	25000	
29401	800	6000	25000	
29401	800	6500	25000	
29401	800	7000	25000	
29401	800	7500	25000	
29401	800	8000	25000	
29401	800	8500	25000	
29401	800	9000	25000	
29401	800	9500	25000	
29401	2200	0	200	
29401	2200	500	12000	
29401	2200	1000	12000	
29401	2200	1500	25000	
29401	2200	2000	25000	
29401	2200	2500	25000	
29401	2200	3000	25000	
29401	2200	3500	25000	
29401	2200	4000	25000	
29401	2200	4500	25000	
29401	2200	5000	25000	
29401	2200	5500	25000	
29401	2200	6000	25000	
29401	2200	6500	25000	
29401	2200	7000	25000	
29401	2200	7500	25000	
29401	2200	8000	25000	
29401	2200	8500	25000	
29401	2200	9000	25000	
29401	2200	9500	25000	
29401	5000	0	200	
29401	5000	500	12000	
29401	5000	1000	12000	
29401	5000	1500	25000	
29401	5000	2000	25000	
29401	5000	2500	25000	
29401	5000	3000	25000	
29401	5000	3500	25000	
29401	5000	4000	25000	
29401	5000	4500	25000	
29401	5000	5000	25000	
29401	5000	5500	25000	
29401	5000	6000	25000	
29401	5000	6500	25000	
29401	5000	7000	25000	
29401	5000	7500	25000	
29401	5000	8000	25000	
29401	5000	8500	25000	
29401	5000	9000	25000	
29401	5000	9500	25000	
29401	12000	0	12000	
29401	12000	500	12000	
29401	12000	1000	12000	
29401	12000	1500	25000	
29401	12000	2000	25000	
29401	12000	2500	25000	
29401	12000	3000	25000	
29401	12000	3500	25000	
29401	12000	4000	25000	
29401	12000	4500	25000	
29401	12000	5000	25000	
29401	12000	5500	25000	
29401	12000	6000	25000	
29401	12000	6500	25000	
29401	12000	7000	25000	
29401	12000	7500	25000	
29401	12000	8000	25000	
29401	12000	8500	25000	
29401	12000	9000	25000	
29401	12000	9500	25000	
29401	25000	0	25000	
29401	25000	500	25000	
29401	25000	1000	25000	
29401	25000	1500	25000	
29401	25000	2000	25000	
29401	25000	2500	25000	
29401	25000	3000	25000	
29401	25000	3500	25000	
29401	25000	4000	25000	
29401	25000	4500	25000	
29401	25000	5000	25000	
29401	25000	5500	25000	
29401	25000	6000	25000	
29401	25000	6500	25000	
29401	25000	7000	25000	
29401	25000	7500	25000	
29401	25000	8000	25000	
29401	25000	8500	25000	
29401	25000	9000	25000	
29401	25000	9500	25000	
29601	200	0	200	
29601	200	500	200	
29601	200	1000	12000	
29601	200	1500	25000	
29601	200	2000	25000	
29601	200	2500	25000	
29601	200	3000	25000	
29601	200	3500	25000	
29601	200	4000	25000	
29601	200	4500	25000	
29601	200	5000	25000	
29601	200	5500	25000	
29601	200	6000	25000	
29601	200	6500	25000	
29601	200	7000	25000	
29601	200	7500	25000	
29601	200	8000	25000	
29601	200	8500	25000	
29601	200	9000	25000	
29601	200	9500	25000	
29601	800	0	200	
29601	800	500	12000	
29601	800	1000	12000	
29601	800	1500	25000	
29601	800	2000	25000	
29601	800	2500	25000	
29601	800	3000	25000	
29601	800	3500	25000	
29601	800	4000	25000	
29601	800	4500	25000	
29601	800	5000	25000	
29601	800	5500	25000	
29601	800	6000	25000	
29601	800	6500	25000	
29601	800	7000	25000	
29601	800	7500	25000	
29601	800	8000	25000	
29601	800	8500	25000	
29601	800	9000	25000	
29601	800	9500	25000	
29601	2200	0	200	
29601	2200	500	12000	
29601	2200	1000	12000	
29601	2200	1500	25000	
29601	2200	2000	25000	
29601	2200	2500	25000	
29601	2200	3000	25000	
29601	2200	3500	25000	
29601	2200	4000	25000	
29601	2200	4500	25000	
29601	2200	5000	25000	
29601	2200	5500	25000	
29601	2200	6000	25000	
29601	2200	6500	25000	
29601	2200	7000	25000	
29601	2200	7500	25000	
29601	2200	8000	25000	
29601	2200	8500	25000	
29601	2200	9000	25000	
29601	2200	9500	25000	
29601	5000	0	200	
29601	5000	500	12000	
29601	5000	1000	12000	
29601	5000	1500	25000	
29601	5000	2000	25000	
29601	5000	2500	25000	
29601	5000	3000	25000	
29601	5000	3500	25000	
29601	5000	4000	25000	
29601	5000	4500	25000	
29601	5000	5000	25000	
29601	5000	5500	25000	
29601	5000	6000	25000	
29601	5000	6500	25000	
29601	5000	7000	25000	
29601	5000	7500	25000	
29601	5000	8000	25000	
29601	5000	8500	25000	
29601	5000	9000	25000	
29601	5000	9500	25000	
29601	12000	0	12000	
29601	12000	500	12000	
29601	12000	1000	12000	
29601	12000	1500	25000	
29601	12000	2000	25000	
29601	12000	2500	25000	
29601	12000	3000	25000	
29601	12000	3500	25000	
29601	12000	4000	25000	
29601	12000	4500	25000	
29601	12000	5000	25000	
29601	12000	5500	25000	
29601	12000	6000	25000	
29601	12000	6500	25000	
29601	12000	7000	25000	
29601	12000	7500	25000	
29601	12000	8000	25000	
29601	12000	8500	25000	
29601	12000	9000	25000	
29601	12000	9500	25000	
29601	25000	0	25000	
29601	25000	500	25000	
29601	25000	1000	25000	
29601	25000	1500	25000	
29601	25000	2000	25000	
29601	25000	2500	25000	
29601	25000	3000	25000	
29601	25000	3500	25000	
29601	25000	4000	25000	
29601	25000	4500	25000	
29601	25000	5000	25000	
29601	25000	5500	25000	
29601	25000	6000	25000	
29601	25000	6500	25000	
29601	25000	7000	25000	
29601	25000	7500	25000	
29601	25000	8000	25000	
29601	25000	8500	25000	
29601	25000	9000	25000	
29601	25000	9500	25000	
29801	200	0	200	
29801	200	500	200	
29801	200	1000	12000	
29801	200	1500	25000	
29801	200	2000	25000	
29801	200	2500	25000	
29801	200	3000	25000	
29801	200	3500	25000	
29801	200	4000	25000	
29801	200	4500	25000	
29801	200	5000	25000	
29801	200	5500	25000	
29801	200	6000	25000	
29801	200	6500	25000	
29801	200	7000	25000	
29801	200	7500	25000	
29801	200	8000	25000	
29801	200	8500	25000	
29801	200	9000	25000	
29801	200	9500	25000	
29801	800	0	200	
29801	800	500	12000	
29801	800	1000	12000	
29801	800	1500	25000	
29801	800	2000	25000	
29801	800	2500	25000	
29801	800	3000	25000	
29801	800	3500	25000	
29801	800	4000	25000	
29801	800	4500	25000	
29801	800	5000	25000	
29801	800	5500	25000	
29801	800	6000	25000	
29801	800	6500	25000	
29801	800	7000	25000	
29801	800	7500	25000	
29801	800	8000	25000	
29801	800	8500	25000	
29801	800	9000	25000	
29801	800	9500	25000	
29801	2200	0	200	
29801	2200	500	12000	
29801	2200	1000	12000	
29801	2200	1500	25000	
29801	2200	2000	25000	
29801	2200	2500	25000	
29801	2200	3000	25000	
29801	2200	3500	25000	
29801	2200	4000	25000	
29801	2200	4500	25000	
29801	2200	5000	25000	
29801	2200	5500	25000	
29801	2200	6000	25000	
29801	2200	6500	25000	
29801	2200	7000	25000	
29801	2200	7500	25000	
29801	2200	8000	25000	
29801	2200	8500	25000	
29801	2200	9000	25000	
29801	2200	9500	25000	
29801	5000	0	200	
29801	5000	500	12000	
29801	5000	1000	12000	
29801	5000	1500	25000	
29801	5000	2000	25000	
29801	5000	2500	25000	
29801	5000	3000	25000	
29801	5000	3500	25000	
29801	5000	4000	25000	
29801	5000	4500	25000	
29801	5000	5000	25000	
29801	5000	5500	25000	
29801	5000	6000	25000	
29801	5000	6500	25000	
29801	5000	7000	25000	
29801	5000	7500	25000	
29801	5000	8000	25000	
29801	5000	8500	25000	
29801	5000	9000	25000	
29801	5000	9500	25000	
29801	12000	0	12000	
29801	12000	500	12000	
29801	12000	1000	12000	
29801	12000	1500	25000	
29801	12000	2000	25000	
29801	12000	2500	25000	
29801	12000	3000	25000	
29801	12000	3500	25000	
29801	12000	4000	25000	
29801	12000	4500	25000	
29801	12000	5000	25000	
29801	12000	5500	25000	
29801	12000	6000	25000	
29801	12000	6500	25000	
29801	12000	7000	25000	
29801	12000	7500	25000	
29801	12000	8000	25000	
29801	12000	8500	25000	
29801	12000	9000	25000	
29801	12000	9500	25000	
29801	25000	0	25000	
29801	25000	500	25000	
29801	25000	1000	25000	
29801	25000	1500	25000	
29801	25000	2000	25000	
29801	25000	2500	25000	
29801	25000	3000	25000	
29801	25000	3500	25000	
29801	25000	4000	25000	
29801	25000	4500	25000	
29801	25000	5000	25000	
29801	25000	5500	25000	
29801	25000	6000	25000	
29801	25000	6500	25000	
29801	25000	7000	25000	
29801	25000	7500	25000	
29801	25000	8000	25000	
29801	25000	8500	25000	
29801	25000	9000	25000	
29801	25000	9500	25000	
30001	200	0	200	
30001	200	500	200	
30001	200	1000	12000	
30001	200	1500	25000	
30001	200	2000	25000	
30001	200	2500	25000	
30001	200	3000	25000	
30001	200	3500	25000	
30001	200	4000	25000	
30001	200	4500	25000	
30001	200	5000	25000	
30001	200	5500	25000	
30001	200	6000	25000	
30001	200	6500	25000	
30001	200	7000	25000	
30001	200	7500	25000	
30001	200	8000	25000	
30001	200	8500	25000	
30001	200	9000	25000	
30001	200	9500	25000	
30001	800	0	200	
30001	800	500	12000	
30001	800	1000	12000	
30001	800	1500	25000	
30001	800	2000	25000	
30001	800	2500	25000	
30001	800	3000	25000	
30001	800	3500	25000	
30001	800	4000	25000	
30001	800	4500	25000	
30001	800	5000	25000	
30001	800	5500	25000	
30001	800	6000	25000	
30001	800	6500	25000	
30001	800	7000	25000	
30001	800	7500	25000	
30001	800	8000	25000	
30001	800	8500	25000	
30001	800	9000	25000	
30001	800	9500	25000	
30001	2200	0	200	
30001	2200	500	12000	
30001	2200	1000	12000	
30001	2200	1500	25000	
30001	2200	2000	25000	
30001	2200	2500	25000	
30001	2200	3000	25000	
30001	2200	3500	25000	
30001	2200	4000	25000	
30001	2200	4500	25000	
30001	2200	5000	25000	
30001	2200	5500	25000	
30001	2200	6000	25000	
30001	2200	6500	25000	
30001	2200	7000	25000	
30001	2200	7500	25000	
30001	2200	8000	25000	
30001	2200	8500	25000	
30001	2200	9000	25000	
30001	2200	9500	25000	
30001	5000	0	200	
30001	5000	500	12000	
30001	5000	1000	12000	
30001	5000	1500	25000	
30001	5000	2000	25000	
30001	5000	2500	25000	
30001	5000	3000	25000	
30001	5000	3500	25000	
30001	5000	4000	25000	
30001	5000	4500	25000	
30001	5000	5000	25000	
30001	5000	5500	25000	
30001	5000	6000	25000	
30001	5000	6500	25000	
30001	5000	7000	25000	
30001	5000	7500	25000	
30001	5000	8000	25000	
30001	5000	8500	25000	
30001	5000	9000	25000	
30001	5000	9500	25000	
30001	12000	0	12000	
30001	12000	500	12000	
30001	12000	1000	12000	
30001	12000	1500	25000	
30001	12000	2000	25000	
30001	12000	2500	25000	
30001	12000	3000	25000	
30001	12000	3500	25000	
30001	12000	4000	25000	
30001	12000	4500	25000	
30001	12000	5000	25000	
30001	12000	5500	25000	
30001	12000	6000	25000	
30001	12000	6500	25000	
30001	12000	7000	25000	
30001	12000	7500	25000	
30001	12000	8000	25000	
30001	12000	8500	25000	
30001	12000	9000	25000	
30001	12000	9500	25000	
30001	25000	0	25000	
30001	25000	500	25000	
30001	25000	1000	25000	
30001	25000	1500	25000	
30001	25000	2000	25000	
30001	25000	2500	25000	
30001	25000	3000	25000	
30001	25000	3500	25000	
30001	25000	4000	25000	
30001	25000	4500	25000	
30001	25000	5000	25000	
30001	25000	5500	25000	
30001	25000	6000	25000	
30001	25000	6500	25000	
30001	25000	7000	25000	
30001	25000	7500	25000	
30001	25000	8000	25000	
30001	25000	8500	25000	
30001	25000	9000	25000	
30001	25000	9500	25000	
30201	200	0	200	
30201	200	500	200	
30201	200	1000	12000	
30201	200	1500	25000	
30201	200	2000	25000	
30201	200	2500	25000	
30201	200	3000	25000	
30201	200	3500	25000	
30201	200	4000	25000	
30201	200	4500	25000	
30201	200	5000	25000	
30201	200	5500	25000	
30201	200	6000	25000	
30201	200	6500	25000	
30201	200	7000	25000	
30201	200	7500	25000	
30201	200	8000	25000	
30201	200	8500	25000	
30201	200	9000	25000	
30201	200	9500	25000	
30201	800	0	200	
30201	800	500	12000	
30201	800	1000	12000	
30201	800	1500	25000	
30201	800	2000	25000	
30201	800	2500	25000	
30201	800	3000	25000	
30201	800	3500	25000	
30201	800	4000	25000	
30201	800	4500	25000	
30201	800	5000	25000	
30201	800	5500	25000	
30201	800	6000	25000	
30201	800	6500	25000	
30201	800	7000	25000	
30201	800	7500	25000	
30201	800	8000	25000	
30201	800	8500	25000	
30201	800	9000	25000	
30201	800	9500	25000	
30201	2200	0	200	
30201	2200	500	12000	
30201	2200	1000	12000	
30201	2200	1500	25000	
30201	2200	2000	25000	
30201	2200	2500	25000	
30201	2200	3000	25000	
30201	2200	3500	25000	
30201	2200	4000	25000	
30201	2200	4500	25000	
30201	2200	5000	25000	
30201	2200	5500	25000	
30201	2200	6000	25000	
30201	2200	6500	25000	
30201	2200	7000	25000	
30201	2200	7500	25000	
30201	2200	8000	25000	
30201	2200	8500	25000	
30201	2200	9000	25000	
30201	2200	9500	25000	
30201	5000	0	200	
30201	5000	500	12000	
30201	5000	1000	12000	
30201	5000	1500	25000	
30201	5000	2000	25000	
30201	5000	2500	25000	
30201	5000	3000	25000	
30201	5000	3500	25000	
30201	5000	4000	25000	
30201	5000	4500	25000	
30201	5000	5000	25000	
30201	5000	5500	25000	
30201	5000	6000	25000	
30201	5000	6500	25000	
30201	5000	7000	25000	
30201	5000	7500	25000	
30201	5000	8000	25000	
30201	5000	8500	25000	
30201	5000	9000	25000	
30201	5000	9500	25000	
30201	12000	0	12000	
30201	12000	500	12000	
30201	12000	1000	12000	
30201	12000	1500	25000	
30201	12000	2000	25000	
30201	12000	2500	25000	
30201	12000	3000	25000	
30201	12000	3500	25000	
30201	12000	4000	25000	
30201	12000	4500	25000	
30201	12000	5000	25000	
30201	12000	5500	25000	
30201	12000	6000	25000	
30201	12000	6500	25000	
30201	12000	7000	25000	
30201	12000	7500	25000	
30201	12000	8000	25000	
30201	12000	8500	25000	
30201	12000	9000	25000	
30201	12000	9500	25000	
30201	25000	0	25000	
30201	25000	500	25000	
30201	25000	1000	25000	
30201	25000	1500	25000	
30201	25000	2000	25000	
30201	25000	2500	25000	
30201	25000	3000	25000	
30201	25000	3500	25000	
30201	25000	4000	25000	
30201	25000	4500	25000	
30201	25000	5000	25000	
30201	25000	5500	25000	
30201	25000	6000	25000	
30201	25000	6500	25000	
30201	25000	7000	25000	
30201	25000	7500	25000	
30201	25000	8000	25000	
30201	25000	8500	25000	
30201	25000	9000	25000	
30201	25000	9500	25000	
30401	200	0	200	
30401	200	500	200	
30401	200	1000	12000	
30401	200	1500	25000	
30401	200	2000	25000	
30401	200	2500	25000	
30401	200	3000	25000	
30401	200	3500	25000	
30401	200	4000	25000	
30401	200	4500	25000	
30401	200	5000	25000	
30401	200	5500	25000	
30401	200	6000	25000	
30401	200	6500	25000	
30401	200	7000	25000	
30401	200	7500	25000	
30401	200	8000	25000	
30401	200	8500	25000	
30401	200	9000	25000	
30401	200	9500	25000	
30401	800	0	200	
30401	800	500	12000	
30401	800	1000	12000	
30401	800	1500	25000	
30401	800	2000	25000	
30401	800	2500	25000	
30401	800	3000	25000	
30401	800	3500	25000	
30401	800	4000	25000	
30401	800	4500	25000	
30401	800	5000	25000	
30401	800	5500	25000	
30401	800	6000	25000	
30401	800	6500	25000	
30401	800	7000	25000	
30401	800	7500	25000	
30401	800	8000	25000	
30401	800	8500	25000	
30401	800	9000	25000	
30401	800	9500	25000	
30401	2200	0	200	
30401	2200	500	12000	
30401	2200	1000	12000	
30401	2200	1500	25000	
30401	2200	2000	25000	
30401	2200	2500	25000	
30401	2200	3000	25000	
30401	2200	3500	25000	
30401	2200	4000	25000	
30401	2200	4500	25000	
30401	2200	5000	25000	
30401	2200	5500	25000	
30401	2200	6000	25000	
30401	2200	6500	25000	
30401	2200	7000	25000	
30401	2200	7500	25000	
30401	2200	8000	25000	
30401	2200	8500	25000	
30401	2200	9000	25000	
30401	2200	9500	25000	
30401	5000	0	200	
30401	5000	500	12000	
30401	5000	1000	12000	
30401	5000	1500	25000	
30401	5000	2000	25000	
30401	5000	2500	25000	
30401	5000	3000	25000	
30401	5000	3500	25000	
30401	5000	4000	25000	
30401	5000	4500	25000	
30401	5000	5000	25000	
30401	5000	5500	25000	
30401	5000	6000	25000	
30401	5000	6500	25000	
30401	5000	7000	25000	
30401	5000	7500	25000	
30401	5000	8000	25000	
30401	5000	8500	25000	
30401	5000	9000	25000	
30401	5000	9500	25000	
30401	12000	0	12000	
30401	12000	500	12000	
30401	12000	1000	12000	
30401	12000	1500	25000	
30401	12000	2000	25000	
30401	12000	2500	25000	
30401	12000	3000	25000	
30401	12000	3500	25000	
30401	12000	4000	25000	
30401	12000	4500	25000	
30401	12000	5000	25000	
30401	12000	5500	25000	
30401	12000	6000	25000	
30401	12000	6500	25000	
30401	12000	7000	25000	
30401	12000	7500	25000	
30401	12000	8000	25000	
30401	12000	8500	25000	
30401	12000	9000	25000	
30401	12000	9500	25000	
30401	25000	0	25000	
30401	25000	500	25000	
30401	25000	1000	25000	
30401	25000	1500	25000	
30401	25000	2000	25000	
30401	25000	2500	25000	
30401	25000	3000	25000	
30401	25000	3500	25000	
30401	25000	4000	25000	
30401	25000	4500	25000	
30401	25000	5000	25000	
30401	25000	5500	25000	
30401	25000	6000	25000	
30401	25000	6500	25000	
30401	25000	7000	25000	
30401	25000	7500	25000	
30401	25000	8000	25000	
30401	25000	8500	25000	
30401	25000	9000	25000	
30401	25000	9500	25000	
30601	200	0	200	
30601	200	500	200	
30601	200	1000	12000	
30601	200	1500	25000	
30601	200	2000	25000	
30601	200	2500	25000	
30601	200	3000	25000	
30601	200	3500	25000	
30601	200	4000	25000	
30601	200	4500	25000	
30601	200	5000	25000	
30601	200	5500	25000	
30601	200	6000	25000	
30601	200	6500	25000	
30601	200	7000	25000	
30601	200	7500	25000	
30601	200	8000	25000	
30601	200	8500	25000	
30601	200	9000	25000	
30601	200	9500	25000	
30601	800	0	200	
30601	800	500	12000	
30601	800	1000	12000	
30601	800	1500	25000	
30601	800	2000	25000	
30601	800	2500	25000	
30601	800	3000	25000	
30601	800	3500	25000	
30601	800	4000	25000	
30601	800	4500	25000	
30601	800	5000	25000	
30601	800	5500	25000	
30601	800	6000	25000	
30601	800	6500	25000	
30601	800	7000	25000	
30601	800	7500	25000	
30601	800	8000	25000	
30601	800	8500	25000	
30601	800	9000	25000	
30601	800	9500	25000	
30601	2200	0	200	
30601	2200	500	12000	
30601	2200	1000	12000	
30601	2200	1500	25000	
30601	2200	2000	25000	
30601	2200	2500	25000	
30601	2200	3000	25000	
30601	2200	3500	25000	
30601	2200	4000	25000	
30601	2200	4500	25000	
30601	2200	5000	25000	
30601	2200	5500	25000	
30601	2200	6000	25000	
30601	2200	6500	25000	
30601	2200	7000	25000	
30601	2200	7500	25000	
30601	2200	8000	25000	
30601	2200	8500	25000	
30601	2200	9000	25000	
30601	2200	9500	25000	
30601	5000	0	200	
30601	5000	500	12000	
30601	5000	1000	12000	
30601	5000	1500	25000	
30601	5000	2000	25000	
30601	5000	2500	25000	
30601	5000	3000	25000	
30601	5000	3500	25000	
30601	5000	4000	25000	
30601	5000	4500	25000	
30601	5000	5000	25000	
30601	5000	5500	25000	
30601	5000	6000	25000	
30601	5000	6500	25000	
30601	5000	7000	25000	
30601	5000	7500	25000	
30601	5000	8000	25000	
30601	5000	8500	25000	
30601	5000	9000	25000	
30601	5000	9500	25000	
30601	12000	0	12000	
30601	12000	500	12000	
30601	12000	1000	12000	
30601	12000	1500	25000	
30601	12000	2000	25000	
30601	12000	2500	25000	
30601	12000	3000	25000	
30601	12000	3500	25000	
30601	12000	4000	25000	
30601	12000	4500	25000	
30601	12000	5000	25000	
30601	12000	5500	25000	
30601	12000	6000	25000	
30601	12000	6500	25000	
30601	12000	7000	25000	
30601	12000	7500	25000	
30601	12000	8000	25000	
30601	12000	8500	25000	
30601	12000	9000	25000	
30601	12000	9500	25000	
30601	25000	0	25000	
30601	25000	500	25000	
30601	25000	1000	25000	
30601	25000	1500	25000	
30601	25000	2000	25000	
30601	25000	2500	25000	
30601	25000	3000	25000	
30601	25000	3500	25000	
30601	25000	4000	25000	
30601	25000	4500	25000	
30601	25000	5000	25000	
30601	25000	5500	25000	
30601	25000	6000	25000	
30601	25000	6500	25000	
30601	25000	7000	25000	
30601	25000	7500	25000	
30601	25000	8000	25000	
30601	25000	8500	25000	
30601	25000	9000	25000	
30601	25000	9500	25000	
30801	200	0	200	
30801	200	500	200	
30801	200	1000	12000	
30801	200	1500	25000	
30801	200	2000	25000	
30801	200	2500	25000	
30801	200	3000	25000	
30801	200	3500	25000	
30801	200	4000	25000	
30801	200	4500	25000	
30801	200	5000	25000	
30801	200	5500	25000	
30801	200	6000	25000	
30801	200	6500	25000	
30801	200	7000	25000	
30801	200	7500	25000	
30801	200	8000	25000	
30801	200	8500	25000	
30801	200	9000	25000	
30801	200	9500	25000	
30801	800	0	200	
30801	800	500	12000	
30801	800	1000	12000	
30801	800	1500	25000	
30801	800	2000	25000	
30801	800	2500	25000	
30801	800	3000	25000	
30801	800	3500	25000	
30801	800	4000	25000	
30801	800	4500	25000	
30801	800	5000	25000	
30801	800	5500	25000	
30801	800	6000	25000	
30801	800	6500	25000	
30801	800	7000	25000	
30801	800	7500	25000	
30801	800	8000	25000	
30801	800	8500	25000	
30801	800	9000	25000	
30801	800	9500	25000	
30801	2200	0	200	
30801	2200	500	12000	
30801	2200	1000	12000	
30801	2200	1500	25000	
30801	2200	2000	25000	
30801	2200	2500	25000	
30801	2200	3000	25000	
30801	2200	3500	25000	
30801	2200	4000	25000	
30801	2200	4500	25000	
30801	2200	5000	25000	
30801	2200	5500	25000	
30801	2200	6000	25000	
30801	2200	6500	25000	
30801	2200	7000	25000	
30801	2200	7500	25000	
30801	2200	8000	25000	
30801	2200	8500	25000	
30801	2200	9000	25000	
30801	2200	9500	25000	
30801	5000	0	200	
30801	5000	500	12000	
30801	5000	1000	12000	
30801	5000	1500	25000	
30801	5000	2000	25000	
30801	5000	2500	25000	
30801	5000	3000	25000	
30801	5000	3500	25000	
30801	5000	4000	25000	
30801	5000	4500	25000	
30801	5000	5000	25000	
30801	5000	5500	25000	
30801	5000	6000	25000	
30801	5000	6500	25000	
30801	5000	7000	25000	
30801	5000	7500	25000	
30801	5000	8000	25000	
30801	5000	8500	25000	
30801	5000	9000	25000	
30801	5000	9500	25000	
30801	12000	0	12000	
30801	12000	500	12000	
30801	12000	1000	12000	
30801	12000	1500	25000	
30801	12000	2000	25000	
30801	12000	2500	25000	
30801	12000	3000	25000	
30801	12000	3500	25000	
30801	12000	4000	25000	
30801	12000	4500	25000	
30801	12000	5000	25000	
30801	12000	5500	25000	
30801	12000	6000	25000	
30801	12000	6500	25000	
30801	12000	7000	25000	
30801	12000	7500	25000	
30801	12000	8000	25000	
30801	12000	8500	25000	
30801	12000	9000	25000	
30801	12000	9500	25000	
30801	25000	0	25000	
30801	25000	500	25000	
30801	25000	1000	25000	
30801	25000	1500	25000	
30801	25000	2000	25000	
30801	25000	2500	25000	
30801	25000	3000	25000	
30801	25000	3500	25000	
30801	25000	4000	25000	
30801	25000	4500	25000	
30801	25000	5000	25000	
30801	25000	5500	25000	
30801	25000	6000	25000	
30801	25000	6500	25000	
30801	25000	7000	25000	
30801	25000	7500	25000	
30801	25000	8000	25000	
30801	25000	8500	25000	
30801	25000	9000	25000	
30801	25000	9500	25000	
31001	200	0	200	
31001	200	500	200	
31001	200	1000	12000	
31001	200	1500	25000	
31001	200	2000	25000	
31001	200	2500	25000	
31001	200	3000	25000	
31001	200	3500	25000	
31001	200	4000	25000	
31001	200	4500	25000	
31001	200	5000	25000	
31001	200	5500	25000	
31001	200	6000	25000	
31001	200	6500	25000	
31001	200	7000	25000	
31001	200	7500	25000	
31001	200	8000	25000	
31001	200	8500	25000	
31001	200	9000	25000	
31001	200	9500	25000	
31001	800	0	200	
31001	800	500	12000	
31001	800	1000	12000	
31001	800	1500	25000	
31001	800	2000	25000	
31001	800	2500	25000	
31001	800	3000	25000	
31001	800	3500	25000	
31001	800	4000	25000	
31001	800	4500	25000	
31001	800	5000	25000	
31001	800	5500	25000	
31001	800	6000	25000	
31001	800	6500	25000	
31001	800	7000	25000	
31001	800	7500	25000	
31001	800	8000	25000	
31001	800	8500	25000	
31001	800	9000	25000	
31001	800	9500	25000	
31001	2200	0	200	
31001	2200	500	12000	
31001	2200	1000	12000	
31001	2200	1500	25000	
31001	2200	2000	25000	
31001	2200	2500	25000	
31001	2200	3000	25000	
31001	2200	3500	25000	
31001	2200	4000	25000	
31001	2200	4500	25000	
31001	2200	5000	25000	
31001	2200	5500	25000	
31001	2200	6000	25000	
31001	2200	6500	25000	
31001	2200	7000	25000	
31001	2200	7500	25000	
31001	2200	8000	25000	
31001	2200	8500	25000	
31001	2200	9000	25000	
31001	2200	9500	25000	
31001	5000	0	200	
31001	5000	500	12000	
31001	5000	1000	12000	
31001	5000	1500	25000	
31001	5000	2000	25000	
31001	5000	2500	25000	
31001	5000	3000	25000	
31001	5000	3500	25000	
31001	5000	4000	25000	
31001	5000	4500	25000	
31001	5000	5000	25000	
31001	5000	5500	25000	
31001	5000	6000	25000	
31001	5000	6500	25000	
31001	5000	7000	25000	
31001	5000	7500	25000	
31001	5000	8000	25000	
31001	5000	8500	25000	
31001	5000	9000	25000	
31001	5000	9500	25000	
31001	12000	0	12000	
31001	12000	500	12000	
31001	12000	1000	12000	
31001	12000	1500	25000	
31001	12000	2000	25000	
31001	12000	2500	25000	
31001	12000	3000	25000	
31001	12000	3500	25000	
31001	12000	4000	25000	
31001	12000	4500	25000	
31001	12000	5000	25000	
31001	12000	5500	25000	
31001	12000	6000	25000	
31001	12000	6500	25000	
31001	12000	7000	25000	
31001	12000	7500	25000	
31001	12000	8000	25000	
31001	12000	8500	25000	
31001	12000	9000	25000	
31001	12000	9500	25000	
31001	25000	0	25000	
31001	25000	500	25000	
31001	25000	1000	25000	
31001	25000	1500	25000	
31001	25000	2000	25000	
31001	25000	2500	25000	
31001	25000	3000	25000	
31001	25000	3500	25000	
31001	25000	4000	25000	
31001	25000	4500	25000	
31001	25000	5000	25000	
31001	25000	5500	25000	
31001	25000	6000	25000	
31001	25000	6500	25000	
31001	25000	7000	25000	
31001	25000	7500	25000	
31001	25000	8000	25000	
31001	25000	8500	25000	
31001	25000	9000	25000	
31001	25000	9500	25000	
31201	200	0	200	
31201	200	500	200	
31201	200	1000	12000	
31201	200	1500	25000	
31201	200	2000	25000	
31201	200	2500	25000	
31201	200	3000	25000	
31201	200	3500	25000	
31201	200	4000	25000	
31201	200	4500	25000	
31201	200	5000	25000	
31201	200	5500	25000	
31201	200	6000	25000	
31201	200	6500	25000	
31201	200	7000	25000	
31201	200	7500	25000	
31201	200	8000	25000	
31201	200	8500	25000	
31201	200	9000	25000	
31201	200	9500	25000	
31201	800	0	200	
31201	800	500	12000	
31201	800	1000	12000	
31201	800	1500	25000	
31201	800	2000	25000	
31201	800	2500	25000	
31201	800	3000	25000	
31201	800	3500	25000	
31201	800	4000	25000	
31201	800	4500	25000	
31201	800	5000	25000	
31201	800	5500	25000	
31201	800	6000	25000	
31201	800	6500	25000	
31201	800	7000	25000	
31201	800	7500	25000	
31201	800	8000	25000	
31201	800	8500	25000	
31201	800	9000	25000	
31201	800	9500	25000	
31201	2200	0	200	
31201	2200	500	12000	
31201	2200	1000	12000	
31201	2200	1500	25000	
31201	2200	2000	25000	
31201	2200	2500	25000	
31201	2200	3000	25000	
31201	2200	3500	25000	
31201	2200	4000	25000	
31201	2200	4500	25000	
31201	2200	5000	25000	
31201	2200	5500	25000	
31201	2200	6000	25000	
31201	2200	6500	25000	
31201	2200	7000	25000	
31201	2200	7500	25000	
31201	2200	8000	25000	
31201	2200	8500	25000	
31201	2200	9000	25000	
31201	2200	9500	25000	
31201	5000	0	200	
31201	5000	500	12000	
31201	5000	1000	12000	
31201	5000	1500	25000	
31201	5000	2000	25000	
31201	5000	2500	25000	
31201	5000	3000	25000	
31201	5000	3500	25000	
31201	5000	4000	25000	
31201	5000	4500	25000	
31201	5000	5000	25000	
31201	5000	5500	25000	
31201	5000	6000	25000	
31201	5000	6500	25000	
31201	5000	7000	25000	
31201	5000	7500	25000	
31201	5000	8000	25000	
31201	5000	8500	25000	
31201	5000	9000	25000	
31201	5000	9500	25000	
31201	12000	0	12000	
31201	12000	500	12000	
31201	12000	1000	12000	
31201	12000	1500	25000	
31201	12000	2000	25000	
31201	12000	2500	25000	
31201	12000	3000	25000	
31201	12000	3500	25000	
31201	12000	4000	25000	
31201	12000	4500	25000	
31201	12000	5000	25000	
31201	12000	5500	25000	
31201	12000	6000	25000	
31201	12000	6500	25000	
31201	12000	7000	25000	
31201	12000	7500	25000	
31201	12000	8000	25000	
31201	12000	8500	25000	
31201	12000	9000	25000	
31201	12000	9500	25000	
31201	25000	0	25000	
31201	25000	500	25000	
31201	25000	1000	25000	
31201	25000	1500	25000	
31201	25000	2000	25000	
31201	25000	2500	25000	
31201	25000	3000	25000	
31201	25000	3500	25000	
31201	25000	4000	25000	
31201	25000	4500	25000	
31201	25000	5000	25000	
31201	25000	5500	25000	
31201	25000	6000	25000	
31201	25000	6500	25000	
31201	25000	7000	25000	
31201	25000	7500	25000	
31201	25000	8000	25000	
31201	25000	8500	25000	
31201	25000	9000	25000	
31201	25000	9500	25000	
31401	200	0	200	
31401	200	500	200	
31401	200	1000	12000	
31401	200	1500	25000	
31401	200	2000	25000	
31401	200	2500	25000	
31401	200	3000	25000	
31401	200	3500	25000	
31401	200	4000	25000	
31401	200	4500	25000	
31401	200	5000	25000	
31401	200	5500	25000	
31401	200	6000	25000	
31401	200	6500	25000	
31401	200	7000	25000	
31401	200	7500	25000	
31401	200	8000	25000	
31401	200	8500	25000	
31401	200	9000	25000	
31401	200	9500	25000	
31401	800	0	200	
31401	800	500	12000	
31401	800	1000	12000	
31401	800	1500	25000	
31401	800	2000	25000	
31401	800	2500	25000	
31401	800	3000	25000	
31401	800	3500	25000	
31401	800	4000	25000	
31401	800	4500	25000	
31401	800	5000	25000	
31401	800	5500	25000	
31401	800	6000	25000	
31401	800	6500	25000	
31401	800	7000	25000	
31401	800	7500	25000	
31401	800	8000	25000	
31401	800	8500	25000	
31401	800	9000	25000	
31401	800	9500	25000	
31401	2200	0	200	
31401	2200	500	12000	
31401	2200	1000	12000	
31401	2200	1500	25000	
31401	2200	2000	25000	
31401	2200	2500	25000	
31401	2200	3000	25000	
31401	2200	3500	25000	
31401	2200	4000	25000	
31401	2200	4500	25000	
31401	2200	5000	25000	
31401	2200	5500	25000	
31401	2200	6000	25000	
31401	2200	6500	25000	
31401	2200	7000	25000	
31401	2200	7500	25000	
31401	2200	8000	25000	
31401	2200	8500	25000	
31401	2200	9000	25000	
31401	2200	9500	25000	
31401	5000	0	200	
31401	5000	500	12000	
31401	5000	1000	12000	
31401	5000	1500	25000	
31401	5000	2000	25000	
31401	5000	2500	25000	
31401	5000	3000	25000	
31401	5000	3500	25000	
31401	5000	4000	25000	
31401	5000	4500	25000	
31401	5000	5000	25000	
31401	5000	5500	25000	
31401	5000	6000	25000	
31401	5000	6500	25000	
31401	5000	7000	25000	
31401	5000	7500	25000	
31401	5000	8000	25000	
31401	5000	8500	25000	
31401	5000	9000	25000	
31401	5000	9500	25000	
31401	12000	0	12000	
31401	12000	500	12000	
31401	12000	1000	12000	
31401	12000	1500	25000	
31401	12000	2000	25000	
31401	12000	2500	25000	
31401	12000	3000	25000	
31401	12000	3500	25000	
31401	12000	4000	25000	
31401	12000	4500	25000	
31401	12000	5000	25000	
31401	12000	5500	25000	
31401	12000	6000	25000	
31401	12000	6500	25000	
31401	12000	7000	25000	
31401	12000	7500	25000	
31401	12000	8000	25000	
31401	12000	8500	25000	
31401	12000	9000	25000	
31401	12000	9500	25000	
31401	25000	0	25000	
31401	25000	500	25000	
31401	25000	1000	25000	
31401	25000	1500	25000	
31401	25000	2000	25000	
31401	25000	2500	25000	
31401	25000	3000	25000	
31401	25000	3500	25000	
31401	25000	4000	25000	
31401	25000	4500	25000	
31401	25000	5000	25000	
31401	25000	5500	25000	
31401	25000	6000	25000	
31401	25000	6500	25000	
31401	25000	7000	25000	
31401	25000	7500	25000	
31401	25000	8000	25000	
31401	25000	8500	25000	
31401	25000	9000	25000	
31401	25000	9500	25000	
31601	200	0	200	
31601	200	500	200	
31601	200	1000	12000	
31601	200	1500	25000	
31601	200	2000	25000	
31601	200	2500	25000	
31601	200	3000	25000	
31601	200	3500	25000	
31601	200	4000	25000	
31601	200	4500	25000	
31601	200	5000	25000	
31601	200	5500	25000	
31601	200	6000	25000	
31601	200	6500	25000	
31601	200	7000	25000	
31601	200	7500	25000	
31601	200	8000	25000	
31601	200	8500	25000	
31601	200	9000	25000	
31601	200	9500	25000	
31601	800	0	200	
31601	800	500	12000	
31601	800	1000	12000	
31601	800	1500	25000	
31601	800	2000	25000	
31601	800	2500	25000	
31601	800	3000	25000	
31601	800	3500	25000	
31601	800	4000	25000	
31601	800	4500	25000	
31601	800	5000	25000	
31601	800	5500	25000	
31601	800	6000	25000	
31601	800	6500	25000	
31601	800	7000	25000	
31601	800	7500	25000	
31601	800	8000	25000	
31601	800	8500	25000	
31601	800	9000	25000	
31601	800	9500	25000	
31601	2200	0	200	
31601	2200	500	12000	
31601	2200	1000	12000	
31601	2200	1500	25000	
31601	2200	2000	25000	
31601	2200	2500	25000	
31601	2200	3000	25000	
31601	2200	3500	25000	
31601	2200	4000	25000	
31601	2200	4500	25000	
31601	2200	5000	25000	
31601	2200	5500	25000	
31601	2200	6000	25000	
31601	2200	6500	25000	
31601	2200	7000	25000	
31601	2200	7500	25000	
31601	2200	8000	25000	
31601	2200	8500	25000	
31601	2200	9000	25000	
31601	2200	9500	25000	
31601	5000	0	200	
31601	5000	500	12000	
31601	5000	1000	12000	
31601	5000	1500	25000	
31601	5000	2000	25000	
31601	5000	2500	25000	
31601	5000	3000	25000	
31601	5000	3500	25000	
31601	5000	4000	25000	
31601	5000	4500	25000	
31601	5000	5000	25000	
31601	5000	5500	25000	
31601	5000	6000	25000	
31601	5000	6500	25000	
31601	5000	7000	25000	
31601	5000	7500	25000	
31601	5000	8000	25000	
31601	5000	8500	25000	
31601	5000	9000	25000	
31601	5000	9500	25000	
31601	12000	0	12000	
31601	12000	500	12000	
31601	12000	1000	12000	
31601	12000	1500	25000	
31601	12000	2000	25000	
31601	12000	2500	25000	
31601	12000	3000	25000	
31601	12000	3500	25000	
31601	12000	4000	25000	
31601	12000	4500	25000	
31601	12000	5000	25000	
31601	12000	5500	25000	
31601	12000	6000	25000	
31601	12000	6500	25000	
31601	12000	7000	25000	
31601	12000	7500	25000	
31601	12000	8000	25000	
31601	12000	8500	25000	
31601	12000	9000	25000	
31601	12000	9500	25000	
31601	25000	0	25000	
31601	25000	500	25000	
31601	25000	1000	25000	
31601	25000	1500	25000	
31601	25000	2000	25000	
31601	25000	2500	25000	
31601	25000	3000	25000	
31601	25000	3500	25000	
31601	25000	4000	25000	
31601	25000	4500	25000	
31601	25000	5000	25000	
31601	25000	5500	25000	
31601	25000	6000	25000	
31601	25000	6500	25000	
31601	25000	7000	25000	
31601	25000	7500	25000	
31601	25000	8000	25000	
31601	25000	8500	25000	
31601	25000	9000	25000	
31601	25000	9500	25000	
31801	200	0	200	
31801	200	500	200	
31801	200	1000	12000	
31801	200	1500	25000	
31801	200	2000	25000	
31801	200	2500	25000	
31801	200	3000	25000	
31801	200	3500	25000	
31801	200	4000	25000	
31801	200	4500	25000	
31801	200	5000	25000	
31801	200	5500	25000	
31801	200	6000	25000	
31801	200	6500	25000	
31801	200	7000	25000	
31801	200	7500	25000	
31801	200	8000	25000	
31801	200	8500	25000	
31801	200	9000	25000	
31801	200	9500	25000	
31801	800	0	200	
31801	800	500	12000	
31801	800	1000	12000	
31801	800	1500	25000	
31801	800	2000	25000	
31801	800	2500	25000	
31801	800	3000	25000	
31801	800	3500	25000	
31801	800	4000	25000	
31801	800	4500	25000	
31801	800	5000	25000	
31801	800	5500	25000	
31801	800	6000	25000	
31801	800	6500	25000	
31801	800	7000	25000	
31801	800	7500	25000	
31801	800	8000	25000	
31801	800	8500	25000	
31801	800	9000	25000	
31801	800	9500	25000	
31801	2200	0	200	
31801	2200	500	12000	
31801	2200	1000	12000	
31801	2200	1500	25000	
31801	2200	2000	25000	
31801	2200	2500	25000	
31801	2200	3000	25000	
31801	2200	3500	25000	
31801	2200	4000	25000	
31801	2200	4500	25000	
31801	2200	5000	25000	
31801	2200	5500	25000	
31801	2200	6000	25000	
31801	2200	6500	25000	
31801	2200	7000	25000	
31801	2200	7500	25000	
31801	2200	8000	25000	
31801	2200	8500	25000	
31801	2200	9000	25000	
31801	2200	9500	25000	
31801	5000	0	200	
31801	5000	500	12000	
31801	5000	1000	12000	
31801	5000	1500	25000	
31801	5000	2000	25000	
31801	5000	2500	25000	
31801	5000	3000	25000	
31801	5000	3500	25000	
31801	5000	4000	25000	
31801	5000	4500	25000	
31801	5000	5000	25000	
31801	5000	5500	25000	
31801	5000	6000	25000	
31801	5000	6500	25000	
31801	5000	7000	25000	
31801	5000	7500	25000	
31801	5000	8000	25000	
31801	5000	8500	25000	
31801	5000	9000	25000	
31801	5000	9500	25000	
31801	12000	0	12000	
31801	12000	500	12000	
31801	12000	1000	12000	
31801	12000	1500	25000	
31801	12000	2000	25000	
31801	12000	2500	25000	
31801	12000	3000	25000	
31801	12000	3500	25000	
31801	12000	4000	25000	
31801	12000	4500	25000	
31801	12000	5000	25000	
31801	12000	5500	25000	
31801	12000	6000	25000	
31801	12000	6500	25000	
31801	12000	7000	25000	
31801	12000	7500	25000	
31801	12000	8000	25000	
31801	12000	8500	25000	
31801	12000	9000	25000	
31801	12000	9500	25000	
31801	25000	0	25000	
31801	25000	500	25000	
31801	25000	1000	25000	
31801	25000	1500	25000	
31801	25000	2000	25000	
31801	25000	2500	25000	
31801	25000	3000	25000	
31801	25000	3500	25000	
31801	25000	4000	25000	
31801	25000	4500	25000	
31801	25000	5000	25000	
31801	25000	5500	25000	
31801	25000	6000	25000	
31801	25000	6500	25000	
31801	25000	7000	25000	
31801	25000	7500	25000	
31801	25000	8000	25000	
31801	25000	8500	25000	
31801	25000	9000	25000	
31801	25000	9500	25000	
32001	200	0	800	
32001	200	500	800	
32001	200	1000	12000	
32001	200	1500	25000	
32001	200	2000	25000	
32001	200	2500	25000	
32001	200	3000	25000	
32001	200	3500	25000	
32001	200	4000	25000	
32001	200	4500	25000	
32001	200	5000	25000	
32001	200	5500	25000	
32001	200	6000	25000	
32001	200	6500	25000	
32001	200	7000	25000	
32001	200	7500	25000	
32001	200	8000	25000	
32001	200	8500	25000	
32001	200	9000	25000	
32001	200	9500	25000	
32001	800	0	800	
32001	800	500	800	
32001	800	1000	12000	
32001	800	1500	25000	
32001	800	2000	25000	
32001	800	2500	25000	
32001	800	3000	25000	
32001	800	3500	25000	
32001	800	4000	25000	
32001	800	4500	25000	
32001	800	5000	25000	
32001	800	5500	25000	
32001	800	6000	25000	
32001	800	6500	25000	
32001	800	7000	25000	
32001	800	7500	25000	
32001	800	8000	25000	
32001	800	8500	25000	
32001	800	9000	25000	
32001	800	9500	25000	
32001	2200	0	800	
32001	2200	500	12000	
32001	2200	1000	12000	
32001	2200	1500	25000	
32001	2200	2000	25000	
32001	2200	2500	25000	
32001	2200	3000	25000	
32001	2200	3500	25000	
32001	2200	4000	25000	
32001	2200	4500	25000	
32001	2200	5000	25000	
32001	2200	5500	25000	
32001	2200	6000	25000	
32001	2200	6500	25000	
32001	2200	7000	25000	
32001	2200	7500	25000	
32001	2200	8000	25000	
32001	2200	8500	25000	
32001	2200	9000	25000	
32001	2200	9500	25000	
32001	5000	0	800	
32001	5000	500	12000	
32001	5000	1000	12000	
32001	5000	1500	25000	
32001	5000	2000	25000	
32001	5000	2500	25000	
32001	5000	3000	25000	
32001	5000	3500	25000	
32001	5000	4000	25000	
32001	5000	4500	25000	
32001	5000	5000	25000	
32001	5000	5500	25000	
32001	5000	6000	25000	
32001	5000	6500	25000	
32001	5000	7000	25000	
32001	5000	7500	25000	
32001	5000	8000	25000	
32001	5000	8500	25000	
32001	5000	9000	25000	
32001	5000	9500	25000	
32001	12000	0	12000	
32001	12000	500	12000	
32001	12000	1000	12000	
32001	12000	1500	25000	
32001	12000	2000	25000	
32001	12000	2500	25000	
32001	12000	3000	25000	
32001	12000	3500	25000	
32001	12000	4000	25000	
32001	12000	4500	25000	
32001	12000	5000	25000	
32001	12000	5500	25000	
32001	12000	6000	25000	
32001	12000	6500	25000	
32001	12000	7000	25000	
32001	12000	7500	25000	
32001	12000	8000	25000	
32001	12000	8500	25000	
32001	12000	9000	25000	
32001	12000	9500	25000	
32001	25000	0	25000	
32001	25000	500	25000	
32001	25000	1000	25000	
32001	25000	1500	25000	
32001	25000	2000	25000	
32001	25000	2500	25000	
32001	25000	3000	25000	
32001	25000	3500	25000	
32001	25000	4000	25000	
32001	25000	4500	25000	
32001	25000	5000	25000	
32001	25000	5500	25000	
32001	25000	6000	25000	
32001	25000	6500	25000	
32001	25000	7000	25000	
32001	25000	7500	25000	
32001	25000	8000	25000	
32001	25000	8500	25000	
32001	25000	9000	25000	
32001	25000	9500	25000	
32201	200	0	800	
32201	200	500	800	
32201	200	1000	12000	
32201	200	1500	25000	
32201	200	2000	25000	
32201	200	2500	25000	
32201	200	3000	25000	
32201	200	3500	25000	
32201	200	4000	25000	
32201	200	4500	25000	
32201	200	5000	25000	
32201	200	5500	25000	
32201	200	6000	25000	
32201	200	6500	25000	
32201	200	7000	25000	
32201	200	7500	25000	
32201	200	8000	25000	
32201	200	8500	25000	
32201	200	9000	25000	
32201	200	9500	25000	
32201	800	0	800	
32201	800	500	800	
32201	800	1000	12000	
32201	800	1500	25000	
32201	800	2000	25000	
32201	800	2500	25000	
32201	800	3000	25000	
32201	800	3500	25000	
32201	800	4000	25000	
32201	800	4500	25000	
32201	800	5000	25000	
32201	800	5500	25000	
32201	800	6000	25000	
32201	800	6500	25000	
32201	800	7000	25000	
32201	800	7500	25000	
32201	800	8000	25000	
32201	800	8500	25000	
32201	800	9000	25000	
32201	800	9500	25000	
32201	2200	0	800	
32201	2200	500	12000	
32201	2200	1000	12000	
32201	2200	1500	25000	
32201	2200	2000	25000	
32201	2200	2500	25000	
32201	2200	3000	25000	
32201	2200	3500	25000	
32201	2200	4000	25000	
32201	2200	4500	25000	
32201	2200	5000	25000	
32201	2200	5500	25000	
32201	2200	6000	25000	
32201	2200	6500	25000	
32201	2200	7000	25000	
32201	2200	7500	25000	
32201	2200	8000	25000	
32201	2200	8500	25000	
32201	2200	9000	25000	
32201	2200	9500	25000	
32201	5000	0	800	
32201	5000	500	12000	
32201	5000	1000	12000	
32201	5000	1500	25000	
32201	5000	2000	25000	
32201	5000	2500	25000	
32201	5000	3000	25000	
32201	5000	3500	25000	
32201	5000	4000	25000	
32201	5000	4500	25000	
32201	5000	5000	25000	
32201	5000	5500	25000	
32201	5000	6000	25000	
32201	5000	6500	25000	
32201	5000	7000	25000	
32201	5000	7500	25000	
32201	5000	8000	25000	
32201	5000	8500	25000	
32201	5000	9000	25000	
32201	5000	9500	25000	
32201	12000	0	12000	
32201	12000	500	12000	
32201	12000	1000	12000	
32201	12000	1500	25000	
32201	12000	2000	25000	
32201	12000	2500	25000	
32201	12000	3000	25000	
32201	12000	3500	25000	
32201	12000	4000	25000	
32201	12000	4500	25000	
32201	12000	5000	25000	
32201	12000	5500	25000	
32201	12000	6000	25000	
32201	12000	6500	25000	
32201	12000	7000	25000	
32201	12000	7500	25000	
32201	12000	8000	25000	
32201	12000	8500	25000	
32201	12000	9000	25000	
32201	12000	9500	25000	
32201	25000	0	25000	
32201	25000	500	25000	
32201	25000	1000	25000	
32201	25000	1500	25000	
32201	25000	2000	25000	
32201	25000	2500	25000	
32201	25000	3000	25000	
32201	25000	3500	25000	
32201	25000	4000	25000	
32201	25000	4500	25000	
32201	25000	5000	25000	
32201	25000	5500	25000	
32201	25000	6000	25000	
32201	25000	6500	25000	
32201	25000	7000	25000	
32201	25000	7500	25000	
32201	25000	8000	25000	
32201	25000	8500	25000	
32201	25000	9000	25000	
32201	25000	9500	25000	
32401	200	0	800	
32401	200	500	800	
32401	200	1000	12000	
32401	200	1500	25000	
32401	200	2000	25000	
32401	200	2500	25000	
32401	200	3000	25000	
32401	200	3500	25000	
32401	200	4000	25000	
32401	200	4500	25000	
32401	200	5000	25000	
32401	200	5500	25000	
32401	200	6000	25000	
32401	200	6500	25000	
32401	200	7000	25000	
32401	200	7500	25000	
32401	200	8000	25000	
32401	200	8500	25000	
32401	200	9000	25000	
32401	200	9500	25000	
32401	800	0	800	
32401	800	500	800	
32401	800	1000	12000	
32401	800	1500	25000	
32401	800	2000	25000	
32401	800	2500	25000	
32401	800	3000	25000	
32401	800	3500	25000	
32401	800	4000	25000	
32401	800	4500	25000	
32401	800	5000	25000	
32401	800	5500	25000	
32401	800	6000	25000	
32401	800	6500	25000	
32401	800	7000	25000	
32401	800	7500	25000	
32401	800	8000	25000	
32401	800	8500	25000	
32401	800	9000	25000	
32401	800	9500	25000	
32401	2200	0	800	
32401	2200	500	12000	
32401	2200	1000	12000	
32401	2200	1500	25000	
32401	2200	2000	25000	
32401	2200	2500	25000	
32401	2200	3000	25000	
32401	2200	3500	25000	
32401	2200	4000	25000	
32401	2200	4500	25000	
32401	2200	5000	25000	
32401	2200	5500	25000	
32401	2200	6000	25000	
32401	2200	6500	25000	
32401	2200	7000	25000	
32401	2200	7500	25000	
32401	2200	8000	25000	
32401	2200	8500	25000	
32401	2200	9000	25000	
32401	2200	9500	25000	
32401	5000	0	800	
32401	5000	500	12000	
32401	5000	1000	12000	
32401	5000	1500	25000	
32401	5000	2000	25000	
32401	5000	2500	25000	
32401	5000	3000	25000	
32401	5000	3500	25000	
32401	5000	4000	25000	
32401	5000	4500	25000	
32401	5000	5000	25000	
32401	5000	5500	25000	
32401	5000	6000	25000	
32401	5000	6500	25000	
32401	5000	7000	25000	
32401	5000	7500	25000	
32401	5000	8000	25000	
32401	5000	8500	25000	
32401	5000	9000	25000	
32401	5000	9500	25000	
32401	12000	0	12000	
32401	12000	500	12000	
32401	12000	1000	12000	
32401	12000	1500	25000	
32401	12000	2000	25000	
32401	12000	2500	25000	
32401	12000	3000	25000	
32401	12000	3500	25000	
32401	12000	4000	25000	
32401	12000	4500	25000	
32401	12000	5000	25000	
32401	12000	5500	25000	
32401	12000	6000	25000	
32401	12000	6500	25000	
32401	12000	7000	25000	
32401	12000	7500	25000	
32401	12000	8000	25000	
32401	12000	8500	25000	
32401	12000	9000	25000	
32401	12000	9500	25000	
32401	25000	0	25000	
32401	25000	500	25000	
32401	25000	1000	25000	
32401	25000	1500	25000	
32401	25000	2000	25000	
32401	25000	2500	25000	
32401	25000	3000	25000	
32401	25000	3500	25000	
32401	25000	4000	25000	
32401	25000	4500	25000	
32401	25000	5000	25000	
32401	25000	5500	25000	
32401	25000	6000	25000	
32401	25000	6500	25000	
32401	25000	7000	25000	
32401	25000	7500	25000	
32401	25000	8000	25000	
32401	25000	8500	25000	
32401	25000	9000	25000	
32401	25000	9500	25000	
32601	200	0	800	
32601	200	500	800	
32601	200	1000	12000	
32601	200	1500	25000	
32601	200	2000	25000	
32601	200	2500	25000	
32601	200	3000	25000	
32601	200	3500	25000	
32601	200	4000	25000	
32601	200	4500	25000	
32601	200	5000	25000	
32601	200	5500	25000	
32601	200	6000	25000	
32601	200	6500	25000	
32601	200	7000	25000	
32601	200	7500	25000	
32601	200	8000	25000	
32601	200	8500	25000	
32601	200	9000	25000	
32601	200	9500	25000	
32601	800	0	800	
32601	800	500	800	
32601	800	1000	12000	
32601	800	1500	25000	
32601	800	2000	25000	
32601	800	2500	25000	
32601	800	3000	25000	
32601	800	3500	25000	
32601	800	4000	25000	
32601	800	4500	25000	
32601	800	5000	25000	
32601	800	5500	25000	
32601	800	6000	25000	
32601	800	6500	25000	
32601	800	7000	25000	
32601	800	7500	25000	
32601	800	8000	25000	
32601	800	8500	25000	
32601	800	9000	25000	
32601	800	9500	25000	
32601	2200	0	800	
32601	2200	500	12000	
32601	2200	1000	12000	
32601	2200	1500	25000	
32601	2200	2000	25000	
32601	2200	2500	25000	
32601	2200	3000	25000	
32601	2200	3500	25000	
32601	2200	4000	25000	
32601	2200	4500	25000	
32601	2200	5000	25000	
32601	2200	5500	25000	
32601	2200	6000	25000	
32601	2200	6500	25000	
32601	2200	7000	25000	
32601	2200	7500	25000	
32601	2200	8000	25000	
32601	2200	8500	25000	
32601	2200	9000	25000	
32601	2200	9500	25000	
32601	5000	0	800	
32601	5000	500	12000	
32601	5000	1000	12000	
32601	5000	1500	25000	
32601	5000	2000	25000	
32601	5000	2500	25000	
32601	5000	3000	25000	
32601	5000	3500	25000	
32601	5000	4000	25000	
32601	5000	4500	25000	
32601	5000	5000	25000	
32601	5000	5500	25000	
32601	5000	6000	25000	
32601	5000	6500	25000	
32601	5000	7000	25000	
32601	5000	7500	25000	
32601	5000	8000	25000	
32601	5000	8500	25000	
32601	5000	9000	25000	
32601	5000	9500	25000	
32601	12000	0	12000	
32601	12000	500	12000	
32601	12000	1000	12000	
32601	12000	1500	25000	
32601	12000	2000	25000	
32601	12000	2500	25000	
32601	12000	3000	25000	
32601	12000	3500	25000	
32601	12000	4000	25000	
32601	12000	4500	25000	
32601	12000	5000	25000	
32601	12000	5500	25000	
32601	12000	6000	25000	
32601	12000	6500	25000	
32601	12000	7000	25000	
32601	12000	7500	25000	
32601	12000	8000	25000	
32601	12000	8500	25000	
32601	12000	9000	25000	
32601	12000	9500	25000	
32601	25000	0	25000	
32601	25000	500	25000	
32601	25000	1000	25000	
32601	25000	1500	25000	
32601	25000	2000	25000	
32601	25000	2500	25000	
32601	25000	3000	25000	
32601	25000	3500	25000	
32601	25000	4000	25000	
32601	25000	4500	25000	
32601	25000	5000	25000	
32601	25000	5500	25000	
32601	25000	6000	25000	
32601	25000	6500	25000	
32601	25000	7000	25000	
32601	25000	7500	25000	
32601	25000	8000	25000	
32601	25000	8500	25000	
32601	25000	9000	25000	
32601	25000	9500	25000	
32801	200	0	800	
32801	200	500	800	
32801	200	1000	12000	
32801	200	1500	25000	
32801	200	2000	25000	
32801	200	2500	25000	
32801	200	3000	25000	
32801	200	3500	25000	
32801	200	4000	25000	
32801	200	4500	25000	
32801	200	5000	25000	
32801	200	5500	25000	
32801	200	6000	25000	
32801	200	6500	25000	
32801	200	7000	25000	
32801	200	7500	25000	
32801	200	8000	25000	
32801	200	8500	25000	
32801	200	9000	25000	
32801	200	9500	25000	
32801	800	0	800	
32801	800	500	800	
32801	800	1000	12000	
32801	800	1500	25000	
32801	800	2000	25000	
32801	800	2500	25000	
32801	800	3000	25000	
32801	800	3500	25000	
32801	800	4000	25000	
32801	800	4500	25000	
32801	800	5000	25000	
32801	800	5500	25000	
32801	800	6000	25000	
32801	800	6500	25000	
32801	800	7000	25000	
32801	800	7500	25000	
32801	800	8000	25000	
32801	800	8500	25000	
32801	800	9000	25000	
32801	800	9500	25000	
32801	2200	0	800	
32801	2200	500	12000	
32801	2200	1000	12000	
32801	2200	1500	25000	
32801	2200	2000	25000	
32801	2200	2500	25000	
32801	2200	3000	25000	
32801	2200	3500	25000	
32801	2200	4000	25000	
32801	2200	4500	25000	
32801	2200	5000	25000	
32801	2200	5500	25000	
32801	2200	6000	25000	
32801	2200	6500	25000	
32801	2200	7000	25000	
32801	2200	7500	25000	
32801	2200	8000	25000	
32801	2200	8500	25000	
32801	2200	9000	25000	
32801	2200	9500	25000	
32801	5000	0	800	
32801	5000	500	12000	
32801	5000	1000	12000	
32801	5000	1500	25000	
32801	5000	2000	25000	
32801	5000	2500	25000	
32801	5000	3000	25000	
32801	5000	3500	25000	
32801	5000	4000	25000	
32801	5000	4500	25000	
32801	5000	5000	25000	
32801	5000	5500	25000	
32801	5000	6000	25000	
32801	5000	6500	25000	
32801	5000	7000	25000	
32801	5000	7500	25000	
32801	5000	8000	25000	
32801	5000	8500	25000	
32801	5000	9000	25000	
32801	5000	9500	25000	
32801	12000	0	12000	
32801	12000	500	12000	
32801	12000	1000	12000	
32801	12000	1500	25000	
32801	12000	2000	25000	
32801	12000	2500	25000	
32801	12000	3000	25000	
32801	12000	3500	25000	
32801	12000	4000	25000	
32801	12000	4500	25000	
32801	12000	5000	25000	
32801	12000	5500	25000	
32801	12000	6000	25000	
32801	12000	6500	25000	
32801	12000	7000	25000	
32801	12000	7500	25000	
32801	12000	8000	25000	
32801	12000	8500	25000	
32801	12000	9000	25000	
32801	12000	9500	25000	
32801	25000	0	25000	
32801	25000	500	25000	
32801	25000	1000	25000	
32801	25000	1500	25000	
32801	25000	2000	25000	
32801	25000	2500	25000	
32801	25000	3000	25000	
32801	25000	3500	25000	
32801	25000	4000	25000	
32801	25000	4500	25000	
32801	25000	5000	25000	
32801	25000	5500	25000	
32801	25000	6000	25000	
32801	25000	6500	25000	
32801	25000	7000	25000	
32801	25000	7500	25000	
32801	25000	8000	25000	
32801	25000	8500	25000	
32801	25000	9000	25000	
32801	25000	9500	25000	
33001	200	0	800	
33001	200	500	800	
33001	200	1000	12000	
33001	200	1500	25000	
33001	200	2000	25000	
33001	200	2500	25000	
33001	200	3000	25000	
33001	200	3500	25000	
33001	200	4000	25000	
33001	200	4500	25000	
33001	200	5000	25000	
33001	200	5500	25000	
33001	200	6000	25000	
33001	200	6500	25000	
33001	200	7000	25000	
33001	200	7500	25000	
33001	200	8000	25000	
33001	200	8500	25000	
33001	200	9000	25000	
33001	200	9500	25000	
33001	800	0	800	
33001	800	500	800	
33001	800	1000	12000	
33001	800	1500	25000	
33001	800	2000	25000	
33001	800	2500	25000	
33001	800	3000	25000	
33001	800	3500	25000	
33001	800	4000	25000	
33001	800	4500	25000	
33001	800	5000	25000	
33001	800	5500	25000	
33001	800	6000	25000	
33001	800	6500	25000	
33001	800	7000	25000	
33001	800	7500	25000	
33001	800	8000	25000	
33001	800	8500	25000	
33001	800	9000	25000	
33001	800	9500	25000	
33001	2200	0	800	
33001	2200	500	12000	
33001	2200	1000	12000	
33001	2200	1500	25000	
33001	2200	2000	25000	
33001	2200	2500	25000	
33001	2200	3000	25000	
33001	2200	3500	25000	
33001	2200	4000	25000	
33001	2200	4500	25000	
33001	2200	5000	25000	
33001	2200	5500	25000	
33001	2200	6000	25000	
33001	2200	6500	25000	
33001	2200	7000	25000	
33001	2200	7500	25000	
33001	2200	8000	25000	
33001	2200	8500	25000	
33001	2200	9000	25000	
33001	2200	9500	25000	
33001	5000	0	800	
33001	5000	500	12000	
33001	5000	1000	12000	
33001	5000	1500	25000	
33001	5000	2000	25000	
33001	5000	2500	25000	
33001	5000	3000	25000	
33001	5000	3500	25000	
33001	5000	4000	25000	
33001	5000	4500	25000	
33001	5000	5000	25000	
33001	5000	5500	25000	
33001	5000	6000	25000	
33001	5000	6500	25000	
33001	5000	7000	25000	
33001	5000	7500	25000	
33001	5000	8000	25000	
33001	5000	8500	25000	
33001	5000	9000	25000	
33001	5000	9500	25000	
33001	12000	0	12000	
33001	12000	500	12000	
33001	12000	1000	12000	
33001	12000	1500	25000	
33001	12000	2000	25000	
33001	12000	2500	25000	
33001	12000	3000	25000	
33001	12000	3500	25000	
33001	12000	4000	25000	
33001	12000	4500	25000	
33001	12000	5000	25000	
33001	12000	5500	25000	
33001	12000	6000	25000	
33001	12000	6500	25000	
33001	12000	7000	25000	
33001	12000	7500	25000	
33001	12000	8000	25000	
33001	12000	8500	25000	
33001	12000	9000	25000	
33001	12000	9500	25000	
33001	25000	0	25000	
33001	25000	500	25000	
33001	25000	1000	25000	
33001	25000	1500	25000	
33001	25000	2000	25000	
33001	25000	2500	25000	
33001	25000	3000	25000	
33001	25000	3500	25000	
33001	25000	4000	25000	
33001	25000	4500	25000	
33001	25000	5000	25000	
33001	25000	5500	25000	
33001	25000	6000	25000	
33001	25000	6500	25000	
33001	25000	7000	25000	
33001	25000	7500	25000	
33001	25000	8000	25000	
33001	25000	8500	25000	
33001	25000	9000	25000	
33001	25000	9500	25000	
33201	200	0	800	
33201	200	500	800	
33201	200	1000	12000	
33201	200	1500	25000	
33201	200	2000	25000	
33201	200	2500	25000	
33201	200	3000	25000	
33201	200	3500	25000	
33201	200	4000	25000	
33201	200	4500	25000	
33201	200	5000	25000	
33201	200	5500	25000	
33201	200	6000	25000	
33201	200	6500	25000	
33201	200	7000	25000	
33201	200	7500	25000	
33201	200	8000	25000	
33201	200	8500	25000	
33201	200	9000	25000	
33201	200	9500	25000	
33201	800	0	800	
33201	800	500	800	
33201	800	1000	12000	
33201	800	1500	25000	
33201	800	2000	25000	
33201	800	2500	25000	
33201	800	3000	25000	
33201	800	3500	25000	
33201	800	4000	25000	
33201	800	4500	25000	
33201	800	5000	25000	
33201	800	5500	25000	
33201	800	6000	25000	
33201	800	6500	25000	
33201	800	7000	25000	
33201	800	7500	25000	
33201	800	8000	25000	
33201	800	8500	25000	
33201	800	9000	25000	
33201	800	9500	25000	
33201	2200	0	800	
33201	2200	500	12000	
33201	2200	1000	12000	
33201	2200	1500	25000	
33201	2200	2000	25000	
33201	2200	2500	25000	
33201	2200	3000	25000	
33201	2200	3500	25000	
33201	2200	4000	25000	
33201	2200	4500	25000	
33201	2200	5000	25000	
33201	2200	5500	25000	
33201	2200	6000	25000	
33201	2200	6500	25000	
33201	2200	7000	25000	
33201	2200	7500	25000	
33201	2200	8000	25000	
33201	2200	8500	25000	
33201	2200	9000	25000	
33201	2200	9500	25000	
33201	5000	0	800	
33201	5000	500	12000	
33201	5000	1000	12000	
33201	5000	1500	25000	
33201	5000	2000	25000	
33201	5000	2500	25000	
33201	5000	3000	25000	
33201	5000	3500	25000	
33201	5000	4000	25000	
33201	5000	4500	25000	
33201	5000	5000	25000	
33201	5000	5500	25000	
33201	5000	6000	25000	
33201	5000	6500	25000	
33201	5000	7000	25000	
33201	5000	7500	25000	
33201	5000	8000	25000	
33201	5000	8500	25000	
33201	5000	9000	25000	
33201	5000	9500	25000	
33201	12000	0	12000	
33201	12000	500	12000	
33201	12000	1000	12000	
33201	12000	1500	25000	
33201	12000	2000	25000	
33201	12000	2500	25000	
33201	12000	3000	25000	
33201	12000	3500	25000	
33201	12000	4000	25000	
33201	12000	4500	25000	
33201	12000	5000	25000	
33201	12000	5500	25000	
33201	12000	6000	25000	
33201	12000	6500	25000	
33201	12000	7000	25000	
33201	12000	7500	25000	
33201	12000	8000	25000	
33201	12000	8500	25000	
33201	12000	9000	25000	
33201	12000	9500	25000	
33201	25000	0	25000	
33201	25000	500	25000	
33201	25000	1000	25000	
33201	25000	1500	25000	
33201	25000	2000	25000	
33201	25000	2500	25000	
33201	25000	3000	25000	
33201	25000	3500	25000	
33201	25000	4000	25000	
33201	25000	4500	25000	
33201	25000	5000	25000	
33201	25000	5500	25000	
33201	25000	6000	25000	
33201	25000	6500	25000	
33201	25000	7000	25000	
33201	25000	7500	25000	
33201	25000	8000	25000	
33201	25000	8500	25000	
33201	25000	9000	25000	
33201	25000	9500	25000	
33401	200	0	800	
33401	200	500	800	
33401	200	1000	12000	
33401	200	1500	25000	
33401	200	2000	25000	
33401	200	2500	25000	
33401	200	3000	25000	
33401	200	3500	25000	
33401	200	4000	25000	
33401	200	4500	25000	
33401	200	5000	25000	
33401	200	5500	25000	
33401	200	6000	25000	
33401	200	6500	25000	
33401	200	7000	25000	
33401	200	7500	25000	
33401	200	8000	25000	
33401	200	8500	25000	
33401	200	9000	25000	
33401	200	9500	25000	
33401	800	0	800	
33401	800	500	800	
33401	800	1000	12000	
33401	800	1500	25000	
33401	800	2000	25000	
33401	800	2500	25000	
33401	800	3000	25000	
33401	800	3500	25000	
33401	800	4000	25000	
33401	800	4500	25000	
33401	800	5000	25000	
33401	800	5500	25000	
33401	800	6000	25000	
33401	800	6500	25000	
33401	800	7000	25000	
33401	800	7500	25000	
33401	800	8000	25000	
33401	800	8500	25000	
33401	800	9000	25000	
33401	800	9500	25000	
33401	2200	0	800	
33401	2200	500	12000	
33401	2200	1000	12000	
33401	2200	1500	25000	
33401	2200	2000	25000	
33401	2200	2500	25000	
33401	2200	3000	25000	
33401	2200	3500	25000	
33401	2200	4000	25000	
33401	2200	4500	25000	
33401	2200	5000	25000	
33401	2200	5500	25000	
33401	2200	6000	25000	
33401	2200	6500	25000	
33401	2200	7000	25000	
33401	2200	7500	25000	
33401	2200	8000	25000	
33401	2200	8500	25000	
33401	2200	9000	25000	
33401	2200	9500	25000	
33401	5000	0	800	
33401	5000	500	12000	
33401	5000	1000	12000	
33401	5000	1500	25000	
33401	5000	2000	25000	
33401	5000	2500	25000	
33401	5000	3000	25000	
33401	5000	3500	25000	
33401	5000	4000	25000	
33401	5000	4500	25000	
33401	5000	5000	25000	
33401	5000	5500	25000	
33401	5000	6000	25000	
33401	5000	6500	25000	
33401	5000	7000	25000	
33401	5000	7500	25000	
33401	5000	8000	25000	
33401	5000	8500	25000	
33401	5000	9000	25000	
33401	5000	9500	25000	
33401	12000	0	12000	
33401	12000	500	12000	
33401	12000	1000	12000	
33401	12000	1500	25000	
33401	12000	2000	25000	
33401	12000	2500	25000	
33401	12000	3000	25000	
33401	12000	3500	25000	
33401	12000	4000	25000	
33401	12000	4500	25000	
33401	12000	5000	25000	
33401	12000	5500	25000	
33401	12000	6000	25000	
33401	12000	6500	25000	
33401	12000	7000	25000	
33401	12000	7500	25000	
33401	12000	8000	25000	
33401	12000	8500	25000	
33401	12000	9000	25000	
33401	12000	9500	25000	
33401	25000	0	25000	
33401	25000	500	25000	
33401	25000	1000	25000	
33401	25000	1500	25000	
33401	25000	2000	25000	
33401	25000	2500	25000	
33401	25000	3000	25000	
33401	25000	3500	25000	
33401	25000	4000	25000	
33401	25000	4500	25000	
33401	25000	5000	25000	
33401	25000	5500	25000	
33401	25000	6000	25000	
33401	25000	6500	25000	
33401	25000	7000	25000	
33401	25000	7500	25000	
33401	25000	8000	25000	
33401	25000	8500	25000	
33401	25000	9000	25000	
33401	25000	9500	25000	
33601	200	0	800	
33601	200	500	800	
33601	200	1000	12000	
33601	200	1500	25000	
33601	200	2000	25000	
33601	200	2500	25000	
33601	200	3000	25000	
33601	200	3500	25000	
33601	200	4000	25000	
33601	200	4500	25000	
33601	200	5000	25000	
33601	200	5500	25000	
33601	200	6000	25000	
33601	200	6500	25000	
33601	200	7000	25000	
33601	200	7500	25000	
33601	200	8000	25000	
33601	200	8500	25000	
33601	200	9000	25000	
33601	200	9500	25000	
33601	800	0	800	
33601	800	500	800	
33601	800	1000	12000	
33601	800	1500	25000	
33601	800	2000	25000	
33601	800	2500	25000	
33601	800	3000	25000	
33601	800	3500	25000	
33601	800	4000	25000	
33601	800	4500	25000	
33601	800	5000	25000	
33601	800	5500	25000	
33601	800	6000	25000	
33601	800	6500	25000	
33601	800	7000	25000	
33601	800	7500	25000	
33601	800	8000	25000	
33601	800	8500	25000	
33601	800	9000	25000	
33601	800	9500	25000	
33601	2200	0	800	
33601	2200	500	12000	
33601	2200	1000	12000	
33601	2200	1500	25000	
33601	2200	2000	25000	
33601	2200	2500	25000	
33601	2200	3000	25000	
33601	2200	3500	25000	
33601	2200	4000	25000	
33601	2200	4500	25000	
33601	2200	5000	25000	
33601	2200	5500	25000	
33601	2200	6000	25000	
33601	2200	6500	25000	
33601	2200	7000	25000	
33601	2200	7500	25000	
33601	2200	8000	25000	
33601	2200	8500	25000	
33601	2200	9000	25000	
33601	2200	9500	25000	
33601	5000	0	800	
33601	5000	500	12000	
33601	5000	1000	12000	
33601	5000	1500	25000	
33601	5000	2000	25000	
33601	5000	2500	25000	
33601	5000	3000	25000	
33601	5000	3500	25000	
33601	5000	4000	25000	
33601	5000	4500	25000	
33601	5000	5000	25000	
33601	5000	5500	25000	
33601	5000	6000	25000	
33601	5000	6500	25000	
33601	5000	7000	25000	
33601	5000	7500	25000	
33601	5000	8000	25000	
33601	5000	8500	25000	
33601	5000	9000	25000	
33601	5000	9500	25000	
33601	12000	0	12000	
33601	12000	500	12000	
33601	12000	1000	12000	
33601	12000	1500	25000	
33601	12000	2000	25000	
33601	12000	2500	25000	
33601	12000	3000	25000	
33601	12000	3500	25000	
33601	12000	4000	25000	
33601	12000	4500	25000	
33601	12000	5000	25000	
33601	12000	5500	25000	
33601	12000	6000	25000	
33601	12000	6500	25000	
33601	12000	7000	25000	
33601	12000	7500	25000	
33601	12000	8000	25000	
33601	12000	8500	25000	
33601	12000	9000	25000	
33601	12000	9500	25000	
33601	25000	0	25000	
33601	25000	500	25000	
33601	25000	1000	25000	
33601	25000	1500	25000	
33601	25000	2000	25000	
33601	25000	2500	25000	
33601	25000	3000	25000	
33601	25000	3500	25000	
33601	25000	4000	25000	
33601	25000	4500	25000	
33601	25000	5000	25000	
33601	25000	5500	25000	
33601	25000	6000	25000	
33601	25000	6500	25000	
33601	25000	7000	25000	
33601	25000	7500	25000	
33601	25000	8000	25000	
33601	25000	8500	25000	
33601	25000	9000	25000	
33601	25000	9500	25000	
33801	200	0	800	
33801	200	500	800	
33801	200	1000	12000	
33801	200	1500	25000	
33801	200	2000	25000	
33801	200	2500	25000	
33801	200	3000	25000	
33801	200	3500	25000	
33801	200	4000	25000	
33801	200	4500	25000	
33801	200	5000	25000	
33801	200	5500	25000	
33801	200	6000	25000	
33801	200	6500	25000	
33801	200	7000	25000	
33801	200	7500	25000	
33801	200	8000	25000	
33801	200	8500	25000	
33801	200	9000	25000	
33801	200	9500	25000	
33801	800	0	800	
33801	800	500	800	
33801	800	1000	12000	
33801	800	1500	25000	
33801	800	2000	25000	
33801	800	2500	25000	
33801	800	3000	25000	
33801	800	3500	25000	
33801	800	4000	25000	
33801	800	4500	25000	
33801	800	5000	25000	
33801	800	5500	25000	
33801	800	6000	25000	
33801	800	6500	25000	
33801	800	7000	25000	
33801	800	7500	25000	
33801	800	8000	25000	
33801	800	8500	25000	
33801	800	9000	25000	
33801	800	9500	25000	
33801	2200	0	800	
33801	2200	500	12000	
33801	2200	1000	12000	
33801	2200	1500	25000	
33801	2200	2000	25000	
33801	2200	2500	25000	
33801	2200	3000	25000	
33801	2200	3500	25000	
33801	2200	4000	25000	
33801	2200	4500	25000	
33801	2200	5000	25000	
33801	2200	5500	25000	
33801	2200	6000	25000	
33801	2200	6500	25000	
33801	2200	7000	25000	
33801	2200	7500	25000	
33801	2200	8000	25000	
33801	2200	8500	25000	
33801	2200	9000	25000	
33801	2200	9500	25000	
33801	5000	0	800	
33801	5000	500	12000	
33801	5000	1000	12000	
33801	5000	1500	25000	
33801	5000	2000	25000	
33801	5000	2500	25000	
33801	5000	3000	25000	
33801	5000	3500	25000	
33801	5000	4000	25000	
33801	5000	4500	25000	
33801	5000	5000	25000	
33801	5000	5500	25000	
33801	5000	6000	25000	
33801	5000	6500	25000	
33801	5000	7000	25000	
33801	5000	7500	25000	
33801	5000	8000	25000	
33801	5000	8500	25000	
33801	5000	9000	25000	
33801	5000	9500	25000	
33801	12000	0	12000	
33801	12000	500	12000	
33801	12000	1000	12000	
33801	12000	1500	25000	
33801	12000	2000	25000	
33801	12000	2500	25000	
33801	12000	3000	25000	
33801	12000	3500	25000	
33801	12000	4000	25000	
33801	12000	4500	25000	
33801	12000	5000	25000	
33801	12000	5500	25000	
33801	12000	6000	25000	
33801	12000	6500	25000	
33801	12000	7000	25000	
33801	12000	7500	25000	
33801	12000	8000	25000	
33801	12000	8500	25000	
33801	12000	9000	25000	
33801	12000	9500	25000	
33801	25000	0	25000	
33801	25000	500	25000	
33801	25000	1000	25000	
33801	25000	1500	25000	
33801	25000	2000	25000	
33801	25000	2500	25000	
33801	25000	3000	25000	
33801	25000	3500	25000	
33801	25000	4000	25000	
33801	25000	4500	25000	
33801	25000	5000	25000	
33801	25000	5500	25000	
33801	25000	6000	25000	
33801	25000	6500	25000	
33801	25000	7000	25000	
33801	25000	7500	25000	
33801	25000	8000	25000	
33801	25000	8500	25000	
33801	25000	9000	25000	
33801	25000	9500	25000	
34001	200	0	800	
34001	200	500	800	
34001	200	1000	12000	
34001	200	1500	25000	
34001	200	2000	25000	
34001	200	2500	25000	
34001	200	3000	25000	
34001	200	3500	25000	
34001	200	4000	25000	
34001	200	4500	25000	
34001	200	5000	25000	
34001	200	5500	25000	
34001	200	6000	25000	
34001	200	6500	25000	
34001	200	7000	25000	
34001	200	7500	25000	
34001	200	8000	25000	
34001	200	8500	25000	
34001	200	9000	25000	
34001	200	9500	25000	
34001	800	0	800	
34001	800	500	800	
34001	800	1000	12000	
34001	800	1500	25000	
34001	800	2000	25000	
34001	800	2500	25000	
34001	800	3000	25000	
34001	800	3500	25000	
34001	800	4000	25000	
34001	800	4500	25000	
34001	800	5000	25000	
34001	800	5500	25000	
34001	800	6000	25000	
34001	800	6500	25000	
34001	800	7000	25000	
34001	800	7500	25000	
34001	800	8000	25000	
34001	800	8500	25000	
34001	800	9000	25000	
34001	800	9500	25000	
34001	2200	0	800	
34001	2200	500	12000	
34001	2200	1000	12000	
34001	2200	1500	25000	
34001	2200	2000	25000	
34001	2200	2500	25000	
34001	2200	3000	25000	
34001	2200	3500	25000	
34001	2200	4000	25000	
34001	2200	4500	25000	
34001	2200	5000	25000	
34001	2200	5500	25000	
34001	2200	6000	25000	
34001	2200	6500	25000	
34001	2200	7000	25000	
34001	2200	7500	25000	
34001	2200	8000	25000	
34001	2200	8500	25000	
34001	2200	9000	25000	
34001	2200	9500	25000	
34001	5000	0	800	
34001	5000	500	12000	
34001	5000	1000	12000	
34001	5000	1500	25000	
34001	5000	2000	25000	
34001	5000	2500	25000	
34001	5000	3000	25000	
34001	5000	3500	25000	
34001	5000	4000	25000	
34001	5000	4500	25000	
34001	5000	5000	25000	
34001	5000	5500	25000	
34001	5000	6000	25000	
34001	5000	6500	25000	
34001	5000	7000	25000	
34001	5000	7500	25000	
34001	5000	8000	25000	
34001	5000	8500	25000	
34001	5000	9000	25000	
34001	5000	9500	25000	
34001	12000	0	12000	
34001	12000	500	12000	
34001	12000	1000	12000	
34001	12000	1500	25000	
34001	12000	2000	25000	
34001	12000	2500	25000	
34001	12000	3000	25000	
34001	12000	3500	25000	
34001	12000	4000	25000	
34001	12000	4500	25000	
34001	12000	5000	25000	
34001	12000	5500	25000	
34001	12000	6000	25000	
34001	12000	6500	25000	
34001	12000	7000	25000	
34001	12000	7500	25000	
34001	12000	8000	25000	
34001	12000	8500	25000	
34001	12000	9000	25000	
34001	12000	9500	25000	
34001	25000	0	25000	
34001	25000	500	25000	
34001	25000	1000	25000	
34001	25000	1500	25000	
34001	25000	2000	25000	
34001	25000	2500	25000	
34001	25000	3000	25000	
34001	25000	3500	25000	
34001	25000	4000	25000	
34001	25000	4500	25000	
34001	25000	5000	25000	
34001	25000	5500	25000	
34001	25000	6000	25000	
34001	25000	6500	25000	
34001	25000	7000	25000	
34001	25000	7500	25000	
34001	25000	8000	25000	
34001	25000	8500	25000	
34001	25000	9000	25000	
34001	25000	9500	25000	
34201	200	0	800	
34201	200	500	800	
34201	200	1000	12000	
34201	200	1500	25000	
34201	200	2000	25000	
34201	200	2500	25000	
34201	200	3000	25000	
34201	200	3500	25000	
34201	200	4000	25000	
34201	200	4500	25000	
34201	200	5000	25000	
34201	200	5500	25000	
34201	200	6000	25000	
34201	200	6500	25000	
34201	200	7000	25000	
34201	200	7500	25000	
34201	200	8000	25000	
34201	200	8500	25000	
34201	200	9000	25000	
34201	200	9500	25000	
34201	800	0	800	
34201	800	500	800	
34201	800	1000	12000	
34201	800	1500	25000	
34201	800	2000	25000	
34201	800	2500	25000	
34201	800	3000	25000	
34201	800	3500	25000	
34201	800	4000	25000	
34201	800	4500	25000	
34201	800	5000	25000	
34201	800	5500	25000	
34201	800	6000	25000	
34201	800	6500	25000	
34201	800	7000	25000	
34201	800	7500	25000	
34201	800	8000	25000	
34201	800	8500	25000	
34201	800	9000	25000	
34201	800	9500	25000	
34201	2200	0	800	
34201	2200	500	12000	
34201	2200	1000	12000	
34201	2200	1500	25000	
34201	2200	2000	25000	
34201	2200	2500	25000	
34201	2200	3000	25000	
34201	2200	3500	25000	
34201	2200	4000	25000	
34201	2200	4500	25000	
34201	2200	5000	25000	
34201	2200	5500	25000	
34201	2200	6000	25000	
34201	2200	6500	25000	
34201	2200	7000	25000	
34201	2200	7500	25000	
34201	2200	8000	25000	
34201	2200	8500	25000	
34201	2200	9000	25000	
34201	2200	9500	25000	
34201	5000	0	800	
34201	5000	500	12000	
34201	5000	1000	12000	
34201	5000	1500	25000	
34201	5000	2000	25000	
34201	5000	2500	25000	
34201	5000	3000	25000	
34201	5000	3500	25000	
34201	5000	4000	25000	
34201	5000	4500	25000	
34201	5000	5000	25000	
34201	5000	5500	25000	
34201	5000	6000	25000	
34201	5000	6500	25000	
34201	5000	7000	25000	
34201	5000	7500	25000	
34201	5000	8000	25000	
34201	5000	8500	25000	
34201	5000	9000	25000	
34201	5000	9500	25000	
34201	12000	0	12000	
34201	12000	500	12000	
34201	12000	1000	12000	
34201	12000	1500	25000	
34201	12000	2000	25000	
34201	12000	2500	25000	
34201	12000	3000	25000	
34201	12000	3500	25000	
34201	12000	4000	25000	
34201	12000	4500	25000	
34201	12000	5000	25000	
34201	12000	5500	25000	
34201	12000	6000	25000	
34201	12000	6500	25000	
34201	12000	7000	25000	
34201	12000	7500	25000	
34201	12000	8000	25000	
34201	12000	8500	25000	
34201	12000	9000	25000	
34201	12000	9500	25000	
34201	25000	0	25000	
34201	25000	500	25000	
34201	25000	1000	25000	
34201	25000	1500	25000	
34201	25000	2000	25000	
34201	25000	2500	25000	
34201	25000	3000	25000	
34201	25000	3500	25000	
34201	25000	4000	25000	
34201	25000	4500	25000	
34201	25000	5000	25000	
34201	25000	5500	25000	
34201	25000	6000	25000	
34201	25000	6500	25000	
34201	25000	7000	25000	
34201	25000	7500	25000	
34201	25000	8000	25000	
34201	25000	8500	25000	
34201	25000	9000	25000	
34201	25000	9500	25000	
34401	200	0	800	
34401	200	500	800	
34401	200	1000	12000	
34401	200	1500	25000	
34401	200	2000	25000	
34401	200	2500	25000	
34401	200	3000	25000	
34401	200	3500	25000	
34401	200	4000	25000	
34401	200	4500	25000	
34401	200	5000	25000	
34401	200	5500	25000	
34401	200	6000	25000	
34401	200	6500	25000	
34401	200	7000	25000	
34401	200	7500	25000	
34401	200	8000	25000	
34401	200	8500	25000	
34401	200	9000	25000	
34401	200	9500	25000	
34401	800	0	800	
34401	800	500	800	
34401	800	1000	12000	
34401	800	1500	25000	
34401	800	2000	25000	
34401	800	2500	25000	
34401	800	3000	25000	
34401	800	3500	25000	
34401	800	4000	25000	
34401	800	4500	25000	
34401	800	5000	25000	
34401	800	5500	25000	
34401	800	6000	25000	
34401	800	6500	25000	
34401	800	7000	25000	
34401	800	7500	25000	
34401	800	8000	25000	
34401	800	8500	25000	
34401	800	9000	25000	
34401	800	9500	25000	
34401	2200	0	800	
34401	2200	500	12000	
34401	2200	1000	12000	
34401	2200	1500	25000	
34401	2200	2000	25000	
34401	2200	2500	25000	
34401	2200	3000	25000	
34401	2200	3500	25000	
34401	2200	4000	25000	
34401	2200	4500	25000	
34401	2200	5000	25000	
34401	2200	5500	25000	
34401	2200	6000	25000	
34401	2200	6500	25000	
34401	2200	7000	25000	
34401	2200	7500	25000	
34401	2200	8000	25000	
34401	2200	8500	25000	
34401	2200	9000	25000	
34401	2200	9500	25000	
34401	5000	0	800	
34401	5000	500	12000	
34401	5000	1000	12000	
34401	5000	1500	25000	
34401	5000	2000	25000	
34401	5000	2500	25000	
34401	5000	3000	25000	
34401	5000	3500	25000	
34401	5000	4000	25000	
34401	5000	4500	25000	
34401	5000	5000	25000	
34401	5000	5500	25000	
34401	5000	6000	25000	
34401	5000	6500	25000	
34401	5000	7000	25000	
34401	5000	7500	25000	
34401	5000	8000	25000	
34401	5000	8500	25000	
34401	5000	9000	25000	
34401	5000	9500	25000	
34401	12000	0	12000	
34401	12000	500	12000	
34401	12000	1000	12000	
34401	12000	1500	25000	
34401	12000	2000	25000	
34401	12000	2500	25000	
34401	12000	3000	25000	
34401	12000	3500	25000	
34401	12000	4000	25000	
34401	12000	4500	25000	
34401	12000	5000	25000	
34401	12000	5500	25000	
34401	12000	6000	25000	
34401	12000	6500	25000	
34401	12000	7000	25000	
34401	12000	7500	25000	
34401	12000	8000	25000	
34401	12000	8500	25000	
34401	12000	9000	25000	
34401	12000	9500	25000	
34401	25000	0	25000	
34401	25000	500	25000	
34401	25000	1000	25000	
34401	25000	1500	25000	
34401	25000	2000	25000	
34401	25000	2500	25000	
34401	25000	3000	25000	
34401	25000	3500	25000	
34401	25000	4000	25000	
34401	25000	4500	25000	
34401	25000	5000	25000	
34401	25000	5500	25000	
34401	25000	6000	25000	
34401	25000	6500	25000	
34401	25000	7000	25000	
34401	25000	7500	25000	
34401	25000	8000	25000	
34401	25000	8500	25000	
34401	25000	9000	25000	
34401	25000	9500	25000	
34601	200	0	800	
34601	200	500	800	
34601	200	1000	12000	
34601	200	1500	25000	
34601	200	2000	25000	
34601	200	2500	25000	
34601	200	3000	25000	
34601	200	3500	25000	
34601	200	4000	25000	
34601	200	4500	25000	
34601	200	5000	25000	
34601	200	5500	25000	
34601	200	6000	25000	
34601	200	6500	25000	
34601	200	7000	25000	
34601	200	7500	25000	
34601	200	8000	25000	
34601	200	8500	25000	
34601	200	9000	25000	
34601	200	9500	25000	
34601	800	0	800	
34601	800	500	800	
34601	800	1000	12000	
34601	800	1500	25000	
34601	800	2000	25000	
34601	800	2500	25000	
34601	800	3000	25000	
34601	800	3500	25000	
34601	800	4000	25000	
34601	800	4500	25000	
34601	800	5000	25000	
34601	800	5500	25000	
34601	800	6000	25000	
34601	800	6500	25000	
34601	800	7000	25000	
34601	800	7500	25000	
34601	800	8000	25000	
34601	800	8500	25000	
34601	800	9000	25000	
34601	800	9500	25000	
34601	2200	0	800	
34601	2200	500	12000	
34601	2200	1000	12000	
34601	2200	1500	25000	
34601	2200	2000	25000	
34601	2200	2500	25000	
34601	2200	3000	25000	
34601	2200	3500	25000	
34601	2200	4000	25000	
34601	2200	4500	25000	
34601	2200	5000	25000	
34601	2200	5500	25000	
34601	2200	6000	25000	
34601	2200	6500	25000	
34601	2200	7000	25000	
34601	2200	7500	25000	
34601	2200	8000	25000	
34601	2200	8500	25000	
34601	2200	9000	25000	
34601	2200	9500	25000	
34601	5000	0	800	
34601	5000	500	12000	
34601	5000	1000	12000	
34601	5000	1500	25000	
34601	5000	2000	25000	
34601	5000	2500	25000	
34601	5000	3000	25000	
34601	5000	3500	25000	
34601	5000	4000	25000	
34601	5000	4500	25000	
34601	5000	5000	25000	
34601	5000	5500	25000	
34601	5000	6000	25000	
34601	5000	6500	25000	
34601	5000	7000	25000	
34601	5000	7500	25000	
34601	5000	8000	25000	
34601	5000	8500	25000	
34601	5000	9000	25000	
34601	5000	9500	25000	
34601	12000	0	12000	
34601	12000	500	12000	
34601	12000	1000	12000	
34601	12000	1500	25000	
34601	12000	2000	25000	
34601	12000	2500	25000	
34601	12000	3000	25000	
34601	12000	3500	25000	
34601	12000	4000	25000	
34601	12000	4500	25000	
34601	12000	5000	25000	
34601	12000	5500	25000	
34601	12000	6000	25000	
34601	12000	6500	25000	
34601	12000	7000	25000	
34601	12000	7500	25000	
34601	12000	8000	25000	
34601	12000	8500	25000	
34601	12000	9000	25000	
34601	12000	9500	25000	
34601	25000	0	25000	
34601	25000	500	25000	
34601	25000	1000	25000	
34601	25000	1500	25000	
34601	25000	2000	25000	
34601	25000	2500	25000	
34601	25000	3000	25000	
34601	25000	3500	25000	
34601	25000	4000	25000	
34601	25000	4500	25000	
34601	25000	5000	25000	
34601	25000	5500	25000	
34601	25000	6000	25000	
34601	25000	6500	25000	
34601	25000	7000	25000	
34601	25000	7500	25000	
34601	25000	8000	25000	
34601	25000	8500	25000	
34601	25000	9000	25000	
34601	25000	9500	25000	
34801	200	0	800	
34801	200	500	800	
34801	200	1000	12000	
34801	200	1500	25000	
34801	200	2000	25000	
34801	200	2500	25000	
34801	200	3000	25000	
34801	200	3500	25000	
34801	200	4000	25000	
34801	200	4500	25000	
34801	200	5000	25000	
34801	200	5500	25000	
34801	200	6000	25000	
34801	200	6500	25000	
34801	200	7000	25000	
34801	200	7500	25000	
34801	200	8000	25000	
34801	200	8500	25000	
34801	200	9000	25000	
34801	200	9500	25000	
34801	800	0	800	
34801	800	500	800	
34801	800	1000	12000	
34801	800	1500	25000	
34801	800	2000	25000	
34801	800	2500	25000	
34801	800	3000	25000	
34801	800	3500	25000	
34801	800	4000	25000	
34801	800	4500	25000	
34801	800	5000	25000	
34801	800	5500	25000	
34801	800	6000	25000	
34801	800	6500	25000	
34801	800	7000	25000	
34801	800	7500	25000	
34801	800	8000	25000	
34801	800	8500	25000	
34801	800	9000	25000	
34801	800	9500	25000	
34801	2200	0	800	
34801	2200	500	12000	
34801	2200	1000	12000	
34801	2200	1500	25000	
34801	2200	2000	25000	
34801	2200	2500	25000	
34801	2200	3000	25000	
34801	2200	3500	25000	
34801	2200	4000	25000	
34801	2200	4500	25000	
34801	2200	5000	25000	
34801	2200	5500	25000	
34801	2200	6000	25000	
34801	2200	6500	25000	
34801	2200	7000	25000	
34801	2200	7500	25000	
34801	2200	8000	25000	
34801	2200	8500	25000	
34801	2200	9000	25000	
34801	2200	9500	25000	
34801	5000	0	800	
34801	5000	500	12000	
34801	5000	1000	12000	
34801	5000	1500	25000	
34801	5000	2000	25000	
34801	5000	2500	25000	
34801	5000	3000	25000	
34801	5000	3500	25000	
34801	5000	4000	25000	
34801	5000	4500	25000	
34801	5000	5000	25000	
34801	5000	5500	25000	
34801	5000	6000	25000	
34801	5000	6500	25000	
34801	5000	7000	25000	
34801	5000	7500	25000	
34801	5000	8000	25000	
34801	5000	8500	25000	
34801	5000	9000	25000	
34801	5000	9500	25000	
34801	12000	0	12000	
34801	12000	500	12000	
34801	12000	1000	12000	
34801	12000	1500	25000	
34801	12000	2000	25000	
34801	12000	2500	25000	
34801	12000	3000	25000	
34801	12000	3500	25000	
34801	12000	4000	25000	
34801	12000	4500	25000	
34801	12000	5000	25000	
34801	12000	5500	25000	
34801	12000	6000	25000	
34801	12000	6500	25000	
34801	12000	7000	25000	
34801	12000	7500	25000	
34801	12000	8000	25000	
34801	12000	8500	25000	
34801	12000	9000	25000	
34801	12000	9500	25000	
34801	25000	0	25000	
34801	25000	500	25000	
34801	25000	1000	25000	
34801	25000	1500	25000	
34801	25000	2000	25000	
34801	25000	2500	25000	
34801	25000	3000	25000	
34801	25000	3500	25000	
34801	25000	4000	25000	
34801	25000	4500	25000	
34801	25000	5000	25000	
34801	25000	5500	25000	
34801	25000	6000	25000	
34801	25000	6500	25000	
34801	25000	7000	25000	
34801	25000	7500	25000	
34801	25000	8000	25000	
34801	25000	8500	25000	
34801	25000	9000	25000	
34801	25000	9500	25000	
35001	200	0	800	
35001	200	500	800	
35001	200	1000	12000	
35001	200	1500	25000	
35001	200	2000	25000	
35001	200	2500	25000	
35001	200	3000	25000	
35001	200	3500	25000	
35001	200	4000	25000	
35001	200	4500	25000	
35001	200	5000	25000	
35001	200	5500	25000	
35001	200	6000	25000	
35001	200	6500	25000	
35001	200	7000	25000	
35001	200	7500	25000	
35001	200	8000	25000	
35001	200	8500	25000	
35001	200	9000	25000	
35001	200	9500	25000	
35001	800	0	800	
35001	800	500	800	
35001	800	1000	12000	
35001	800	1500	25000	
35001	800	2000	25000	
35001	800	2500	25000	
35001	800	3000	25000	
35001	800	3500	25000	
35001	800	4000	25000	
35001	800	4500	25000	
35001	800	5000	25000	
35001	800	5500	25000	
35001	800	6000	25000	
35001	800	6500	25000	
35001	800	7000	25000	
35001	800	7500	25000	
35001	800	8000	25000	
35001	800	8500	25000	
35001	800	9000	25000	
35001	800	9500	25000	
35001	2200	0	800	
35001	2200	500	12000	
35001	2200	1000	12000	
35001	2200	1500	25000	
35001	2200	2000	25000	
35001	2200	2500	25000	
35001	2200	3000	25000	
35001	2200	3500	25000	
35001	2200	4000	25000	
35001	2200	4500	25000	
35001	2200	5000	25000	
35001	2200	5500	25000	
35001	2200	6000	25000	
35001	2200	6500	25000	
35001	2200	7000	25000	
35001	2200	7500	25000	
35001	2200	8000	25000	
35001	2200	8500	25000	
35001	2200	9000	25000	
35001	2200	9500	25000	
35001	5000	0	800	
35001	5000	500	12000	
35001	5000	1000	12000	
35001	5000	1500	25000	
35001	5000	2000	25000	
35001	5000	2500	25000	
35001	5000	3000	25000	
35001	5000	3500	25000	
35001	5000	4000	25000	
35001	5000	4500	25000	
35001	5000	5000	25000	
35001	5000	5500	25000	
35001	5000	6000	25000	
35001	5000	6500	25000	
35001	5000	7000	25000	
35001	5000	7500	25000	
35001	5000	8000	25000	
35001	5000	8500	25000	
35001	5000	9000	25000	
35001	5000	9500	25000	
35001	12000	0	12000	
35001	12000	500	12000	
35001	12000	1000	12000	
35001	12000	1500	25000	
35001	12000	2000	25000	
35001	12000	2500	25000	
35001	12000	3000	25000	
35001	12000	3500	25000	
35001	12000	4000	25000	
35001	12000	4500	25000	
35001	12000	5000	25000	
35001	12000	5500	25000	
35001	12000	6000	25000	
35001	12000	6500	25000	
35001	12000	7000	25000	
35001	12000	7500	25000	
35001	12000	8000	25000	
35001	12000	8500	25000	
35001	12000	9000	25000	
35001	12000	9500	25000	
35001	25000	0	25000	
35001	25000	500	25000	
35001	25000	1000	25000	
35001	25000	1500	25000	
35001	25000	2000	25000	
35001	25000	2500	25000	
35001	25000	3000	25000	
35001	25000	3500	25000	
35001	25000	4000	25000	
35001	25000	4500	25000	
35001	25000	5000	25000	
35001	25000	5500	25000	
35001	25000	6000	25000	
35001	25000	6500	25000	
35001	25000	7000	25000	
35001	25000	7500	25000	
35001	25000	8000	25000	
35001	25000	8500	25000	
35001	25000	9000	25000	
35001	25000	9500	25000	
35201	200	0	800	
35201	200	500	800	
35201	200	1000	12000	
35201	200	1500	25000	
35201	200	2000	25000	
35201	200	2500	25000	
35201	200	3000	25000	
35201	200	3500	25000	
35201	200	4000	25000	
35201	200	4500	25000	
35201	200	5000	25000	
35201	200	5500	25000	
35201	200	6000	25000	
35201	200	6500	25000	
35201	200	7000	25000	
35201	200	7500	25000	
35201	200	8000	25000	
35201	200	8500	25000	
35201	200	9000	25000	
35201	200	9500	25000	
35201	800	0	800	
35201	800	500	800	
35201	800	1000	12000	
35201	800	1500	25000	
35201	800	2000	25000	
35201	800	2500	25000	
35201	800	3000	25000	
35201	800	3500	25000	
35201	800	4000	25000	
35201	800	4500	25000	
35201	800	5000	25000	
35201	800	5500	25000	
35201	800	6000	25000	
35201	800	6500	25000	
35201	800	7000	25000	
35201	800	7500	25000	
35201	800	8000	25000	
35201	800	8500	25000	
35201	800	9000	25000	
35201	800	9500	25000	
35201	2200	0	800	
35201	2200	500	12000	
35201	2200	1000	12000	
35201	2200	1500	25000	
35201	2200	2000	25000	
35201	2200	2500	25000	
35201	2200	3000	25000	
35201	2200	3500	25000	
35201	2200	4000	25000	
35201	2200	4500	25000	
35201	2200	5000	25000	
35201	2200	5500	25000	
35201	2200	6000	25000	
35201	2200	6500	25000	
35201	2200	7000	25000	
35201	2200	7500	25000	
35201	2200	8000	25000	
35201	2200	8500	25000	
35201	2200	9000	25000	
35201	2200	9500	25000	
35201	5000	0	800	
35201	5000	500	12000	
35201	5000	1000	12000	
35201	5000	1500	25000	
35201	5000	2000	25000	
35201	5000	2500	25000	
35201	5000	3000	25000	
35201	5000	3500	25000	
35201	5000	4000	25000	
35201	5000	4500	25000	
35201	5000	5000	25000	
35201	5000	5500	25000	
35201	5000	6000	25000	
35201	5000	6500	25000	
35201	5000	7000	25000	
35201	5000	7500	25000	
35201	5000	8000	25000	
35201	5000	8500	25000	
35201	5000	9000	25000	
35201	5000	9500	25000	
35201	12000	0	12000	
35201	12000	500	12000	
35201	12000	1000	12000	
35201	12000	1500	25000	
35201	12000	2000	25000	
35201	12000	2500	25000	
35201	12000	3000	25000	
35201	12000	3500	25000	
35201	12000	4000	25000	
35201	12000	4500	25000	
35201	12000	5000	25000	
35201	12000	5500	25000	
35201	12000	6000	25000	
35201	12000	6500	25000	
35201	12000	7000	25000	
35201	12000	7500	25000	
35201	12000	8000	25000	
35201	12000	8500	25000	
35201	12000	9000	25000	
35201	12000	9500	25000	
35201	25000	0	25000	
35201	25000	500	25000	
35201	25000	1000	25000	
35201	25000	1500	25000	
35201	25000	2000	25000	
35201	25000	2500	25000	
35201	25000	3000	25000	
35201	25000	3500	25000	
35201	25000	4000	25000	
35201	25000	4500	25000	
35201	25000	5000	25000	
35201	25000	5500	25000	
35201	25000	6000	25000	
35201	25000	6500	25000	
35201	25000	7000	25000	
35201	25000	7500	25000	
35201	25000	8000	25000	
35201	25000	8500	25000	
35201	25000	9000	25000	
35201	25000	9500	25000	
35401	200	0	800	
35401	200	500	800	
35401	200	1000	12000	
35401	200	1500	25000	
35401	200	2000	25000	
35401	200	2500	25000	
35401	200	3000	25000	
35401	200	3500	25000	
35401	200	4000	25000	
35401	200	4500	25000	
35401	200	5000	25000	
35401	200	5500	25000	
35401	200	6000	25000	
35401	200	6500	25000	
35401	200	7000	25000	
35401	200	7500	25000	
35401	200	8000	25000	
35401	200	8500	25000	
35401	200	9000	25000	
35401	200	9500	25000	
35401	800	0	800	
35401	800	500	800	
35401	800	1000	12000	
35401	800	1500	25000	
35401	800	2000	25000	
35401	800	2500	25000	
35401	800	3000	25000	
35401	800	3500	25000	
35401	800	4000	25000	
35401	800	4500	25000	
35401	800	5000	25000	
35401	800	5500	25000	
35401	800	6000	25000	
35401	800	6500	25000	
35401	800	7000	25000	
35401	800	7500	25000	
35401	800	8000	25000	
35401	800	8500	25000	
35401	800	9000	25000	
35401	800	9500	25000	
35401	2200	0	800	
35401	2200	500	12000	
35401	2200	1000	12000	
35401	2200	1500	25000	
35401	2200	2000	25000	
35401	2200	2500	25000	
35401	2200	3000	25000	
35401	2200	3500	25000	
35401	2200	4000	25000	
35401	2200	4500	25000	
35401	2200	5000	25000	
35401	2200	5500	25000	
35401	2200	6000	25000	
35401	2200	6500	25000	
35401	2200	7000	25000	
35401	2200	7500	25000	
35401	2200	8000	25000	
35401	2200	8500	25000	
35401	2200	9000	25000	
35401	2200	9500	25000	
35401	5000	0	800	
35401	5000	500	12000	
35401	5000	1000	12000	
35401	5000	1500	25000	
35401	5000	2000	25000	
35401	5000	2500	25000	
35401	5000	3000	25000	
35401	5000	3500	25000	
35401	5000	4000	25000	
35401	5000	4500	25000	
35401	5000	5000	25000	
35401	5000	5500	25000	
35401	5000	6000	25000	
35401	5000	6500	25000	
35401	5000	7000	25000	
35401	5000	7500	25000	
35401	5000	8000	25000	
35401	5000	8500	25000	
35401	5000	9000	25000	
35401	5000	9500	25000	
35401	12000	0	12000	
35401	12000	500	12000	
35401	12000	1000	12000	
35401	12000	1500	25000	
35401	12000	2000	25000	
35401	12000	2500	25000	
35401	12000	3000	25000	
35401	12000	3500	25000	
35401	12000	4000	25000	
35401	12000	4500	25000	
35401	12000	5000	25000	
35401	12000	5500	25000	
35401	12000	6000	25000	
35401	12000	6500	25000	
35401	12000	7000	25000	
35401	12000	7500	25000	
35401	12000	8000	25000	
35401	12000	8500	25000	
35401	12000	9000	25000	
35401	12000	9500	25000	
35401	25000	0	25000	
35401	25000	500	25000	
35401	25000	1000	25000	
35401	25000	1500	25000	
35401	25000	2000	25000	
35401	25000	2500	25000	
35401	25000	3000	25000	
35401	25000	3500	25000	
35401	25000	4000	25000	
35401	25000	4500	25000	
35401	25000	5000	25000	
35401	25000	5500	25000	
35401	25000	6000	25000	
35401	25000	6500	25000	
35401	25000	7000	25000	
35401	25000	7500	25000	
35401	25000	8000	25000	
35401	25000	8500	25000	
35401	25000	9000	25000	
35401	25000	9500	25000	
35601	200	0	800	
35601	200	500	800	
35601	200	1000	12000	
35601	200	1500	25000	
35601	200	2000	25000	
35601	200	2500	25000	
35601	200	3000	25000	
35601	200	3500	25000	
35601	200	4000	25000	
35601	200	4500	25000	
35601	200	5000	25000	
35601	200	5500	25000	
35601	200	6000	25000	
35601	200	6500	25000	
35601	200	7000	25000	
35601	200	7500	25000	
35601	200	8000	25000	
35601	200	8500	25000	
35601	200	9000	25000	
35601	200	9500	25000	
35601	800	0	800	
35601	800	500	800	
35601	800	1000	12000	
35601	800	1500	25000	
35601	800	2000	25000	
35601	800	2500	25000	
35601	800	3000	25000	
35601	800	3500	25000	
35601	800	4000	25000	
35601	800	4500	25000	
35601	800	5000	25000	
35601	800	5500	25000	
35601	800	6000	25000	
35601	800	6500	25000	
35601	800	7000	25000	
35601	800	7500	25000	
35601	800	8000	25000	
35601	800	8500	25000	
35601	800	9000	25000	
35601	800	9500	25000	
35601	2200	0	800	
35601	2200	500	12000	
35601	2200	1000	12000	
35601	2200	1500	25000	
35601	2200	2000	25000	
35601	2200	2500	25000	
35601	2200	3000	25000	
35601	2200	3500	25000	
35601	2200	4000	25000	
35601	2200	4500	25000	
35601	2200	5000	25000	
35601	2200	5500	25000	
35601	2200	6000	25000	
35601	2200	6500	25000	
35601	2200	7000	25000	
35601	2200	7500	25000	
35601	2200	8000	25000	
35601	2200	8500	25000	
35601	2200	9000	25000	
35601	2200	9500	25000	
35601	5000	0	800	
35601	5000	500	12000	
35601	5000	1000	12000	
35601	5000	1500	25000	
35601	5000	2000	25000	
35601	5000	2500	25000	
35601	5000	3000	25000	
35601	5000	3500	25000	
35601	5000	4000	25000	
35601	5000	4500	25000	
35601	5000	5000	25000	
35601	5000	5500	25000	
35601	5000	6000	25000	
35601	5000	6500	25000	
35601	5000	7000	25000	
35601	5000	7500	25000	
35601	5000	8000	25000	
35601	5000	8500	25000	
35601	5000	9000	25000	
35601	5000	9500	25000	
35601	12000	0	12000	
35601	12000	500	12000	
35601	12000	1000	12000	
35601	12000	1500	25000	
35601	12000	2000	25000	
35601	12000	2500	25000	
35601	12000	3000	25000	
35601	12000	3500	25000	
35601	12000	4000	25000	
35601	12000	4500	25000	
35601	12000	5000	25000	
35601	12000	5500	25000	
35601	12000	6000	25000	
35601	12000	6500	25000	
35601	12000	7000	25000	
35601	12000	7500	25000	
35601	12000	8000	25000	
35601	12000	8500	25000	
35601	12000	9000	25000	
35601	12000	9500	25000	
35601	25000	0	25000	
35601	25000	500	25000	
35601	25000	1000	25000	
35601	25000	1500	25000	
35601	25000	2000	25000	
35601	25000	2500	25000	
35601	25000	3000	25000	
35601	25000	3500	25000	
35601	25000	4000	25000	
35601	25000	4500	25000	
35601	25000	5000	25000	
35601	25000	5500	25000	
35601	25000	6000	25000	
35601	25000	6500	25000	
35601	25000	7000	25000	
35601	25000	7500	25000	
35601	25000	8000	25000	
35601	25000	8500	25000	
35601	25000	9000	25000	
35601	25000	9500	25000	
35801	200	0	800	
35801	200	500	800	
35801	200	1000	12000	
35801	200	1500	25000	
35801	200	2000	25000	
35801	200	2500	25000	
35801	200	3000	25000	
35801	200	3500	25000	
35801	200	4000	25000	
35801	200	4500	25000	
35801	200	5000	25000	
35801	200	5500	25000	
35801	200	6000	25000	
35801	200	6500	25000	
35801	200	7000	25000	
35801	200	7500	25000	
35801	200	8000	25000	
35801	200	8500	25000	
35801	200	9000	25000	
35801	200	9500	25000	
35801	800	0	800	
35801	800	500	800	
35801	800	1000	12000	
35801	800	1500	25000	
35801	800	2000	25000	
35801	800	2500	25000	
35801	800	3000	25000	
35801	800	3500	25000	
35801	800	4000	25000	
35801	800	4500	25000	
35801	800	5000	25000	
35801	800	5500	25000	
35801	800	6000	25000	
35801	800	6500	25000	
35801	800	7000	25000	
35801	800	7500	25000	
35801	800	8000	25000	
35801	800	8500	25000	
35801	800	9000	25000	
35801	800	9500	25000	
35801	2200	0	800	
35801	2200	500	12000	
35801	2200	1000	12000	
35801	2200	1500	25000	
35801	2200	2000	25000	
35801	2200	2500	25000	
35801	2200	3000	25000	
35801	2200	3500	25000	
35801	2200	4000	25000	
35801	2200	4500	25000	
35801	2200	5000	25000	
35801	2200	5500	25000	
35801	2200	6000	25000	
35801	2200	6500	25000	
35801	2200	7000	25000	
35801	2200	7500	25000	
35801	2200	8000	25000	
35801	2200	8500	25000	
35801	2200	9000	25000	
35801	2200	9500	25000	
35801	5000	0	800	
35801	5000	500	12000	
35801	5000	1000	12000	
35801	5000	1500	25000	
35801	5000	2000	25000	
35801	5000	2500	25000	
35801	5000	3000	25000	
35801	5000	3500	25000	
35801	5000	4000	25000	
35801	5000	4500	25000	
35801	5000	5000	25000	
35801	5000	5500	25000	
35801	5000	6000	25000	
35801	5000	6500	25000	
35801	5000	7000	25000	
35801	5000	7500	25000	
35801	5000	8000	25000	
35801	5000	8500	25000	
35801	5000	9000	25000	
35801	5000	9500	25000	
35801	12000	0	12000	
35801	12000	500	12000	
35801	12000	1000	12000	
35801	12000	1500	25000	
35801	12000	2000	25000	
35801	12000	2500	25000	
35801	12000	3000	25000	
35801	12000	3500	25000	
35801	12000	4000	25000	
35801	12000	4500	25000	
35801	12000	5000	25000	
35801	12000	5500	25000	
35801	12000	6000	25000	
35801	12000	6500	25000	
35801	12000	7000	25000	
35801	12000	7500	25000	
35801	12000	8000	25000	
35801	12000	8500	25000	
35801	12000	9000	25000	
35801	12000	9500	25000	
35801	25000	0	25000	
35801	25000	500	25000	
35801	25000	1000	25000	
35801	25000	1500	25000	
35801	25000	2000	25000	
35801	25000	2500	25000	
35801	25000	3000	25000	
35801	25000	3500	25000	
35801	25000	4000	25000	
35801	25000	4500	25000	
35801	25000	5000	25000	
35801	25000	5500	25000	
35801	25000	6000	25000	
35801	25000	6500	25000	
35801	25000	7000	25000	
35801	25000	7500	25000	
35801	25000	8000	25000	
35801	25000	8500	25000	
35801	25000	9000	25000	
35801	25000	9500	25000	
36001	200	0	800	
36001	200	500	800	
36001	200	1000	12000	
36001	200	1500	25000	
36001	200	2000	25000	
36001	200	2500	25000	
36001	200	3000	25000	
36001	200	3500	25000	
36001	200	4000	25000	
36001	200	4500	25000	
36001	200	5000	25000	
36001	200	5500	25000	
36001	200	6000	25000	
36001	200	6500	25000	
36001	200	7000	25000	
36001	200	7500	25000	
36001	200	8000	25000	
36001	200	8500	25000	
36001	200	9000	25000	
36001	200	9500	25000	
36001	800	0	800	
36001	800	500	800	
36001	800	1000	12000	
36001	800	1500	25000	
36001	800	2000	25000	
36001	800	2500	25000	
36001	800	3000	25000	
36001	800	3500	25000	
36001	800	4000	25000	
36001	800	4500	25000	
36001	800	5000	25000	
36001	800	5500	25000	
36001	800	6000	25000	
36001	800	6500	25000	
36001	800	7000	25000	
36001	800	7500	25000	
36001	800	8000	25000	
36001	800	8500	25000	
36001	800	9000	25000	
36001	800	9500	25000	
36001	2200	0	800	
36001	2200	500	12000	
36001	2200	1000	12000	
36001	2200	1500	25000	
36001	2200	2000	25000	
36001	2200	2500	25000	
36001	2200	3000	25000	
36001	2200	3500	25000	
36001	2200	4000	25000	
36001	2200	4500	25000	
36001	2200	5000	25000	
36001	2200	5500	25000	
36001	2200	6000	25000	
36001	2200	6500	25000	
36001	2200	7000	25000	
36001	2200	7500	25000	
36001	2200	8000	25000	
36001	2200	8500	25000	
36001	2200	9000	25000	
36001	2200	9500	25000	
36001	5000	0	800	
36001	5000	500	12000	
36001	5000	1000	12000	
36001	5000	1500	25000	
36001	5000	2000	25000	
36001	5000	2500	25000	
36001	5000	3000	25000	
36001	5000	3500	25000	
36001	5000	4000	25000	
36001	5000	4500	25000	
36001	5000	5000	25000	
36001	5000	5500	25000	
36001	5000	6000	25000	
36001	5000	6500	25000	
36001	5000	7000	25000	
36001	5000	7500	25000	
36001	5000	8000	25000	
36001	5000	8500	25000	
36001	5000	9000	25000	
36001	5000	9500	25000	
36001	12000	0	12000	
36001	12000	500	12000	
36001	12000	1000	12000	
36001	12000	1500	25000	
36001	12000	2000	25000	
36001	12000	2500	25000	
36001	12000	3000	25000	
36001	12000	3500	25000	
36001	12000	4000	25000	
36001	12000	4500	25000	
36001	12000	5000	25000	
36001	12000	5500	25000	
36001	12000	6000	25000	
36001	12000	6500	25000	
36001	12000	7000	25000	
36001	12000	7500	25000	
36001	12000	8000	25000	
36001	12000	8500	25000	
36001	12000	9000	25000	
36001	12000	9500	25000	
36001	25000	0	25000	
36001	25000	500	25000	
36001	25000	1000	25000	
36001	25000	1500	25000	
36001	25000	2000	25000	
36001	25000	2500	25000	
36001	25000	3000	25000	
36001	25000	3500	25000	
36001	25000	4000	25000	
36001	25000	4500	25000	
36001	25000	5000	25000	
36001	25000	5500	25000	
36001	25000	6000	25000	
36001	25000	6500	25000	
36001	25000	7000	25000	
36001	25000	7500	25000	
36001	25000	8000	25000	
36001	25000	8500	25000	
36001	25000	9000	25000	
36001	25000	9500	25000	
36201	200	0	800	
36201	200	500	800	
36201	200	1000	12000	
36201	200	1500	25000	
36201	200	2000	25000	
36201	200	2500	25000	
36201	200	3000	25000	
36201	200	3500	25000	
36201	200	4000	25000	
36201	200	4500	25000	
36201	200	5000	25000	
36201	200	5500	25000	
36201	200	6000	25000	
36201	200	6500	25000	
36201	200	7000	25000	
36201	200	7500	25000	
36201	200	8000	25000	
36201	200	8500	25000	
36201	200	9000	25000	
36201	200	9500	25000	
36201	800	0	800	
36201	800	500	800	
36201	800	1000	12000	
36201	800	1500	25000	
36201	800	2000	25000	
36201	800	2500	25000	
36201	800	3000	25000	
36201	800	3500	25000	
36201	800	4000	25000	
36201	800	4500	25000	
36201	800	5000	25000	
36201	800	5500	25000	
36201	800	6000	25000	
36201	800	6500	25000	
36201	800	7000	25000	
36201	800	7500	25000	
36201	800	8000	25000	
36201	800	8500	25000	
36201	800	9000	25000	
36201	800	9500	25000	
36201	2200	0	800	
36201	2200	500	12000	
36201	2200	1000	12000	
36201	2200	1500	25000	
36201	2200	2000	25000	
36201	2200	2500	25000	
36201	2200	3000	25000	
36201	2200	3500	25000	
36201	2200	4000	25000	
36201	2200	4500	25000	
36201	2200	5000	25000	
36201	2200	5500	25000	
36201	2200	6000	25000	
36201	2200	6500	25000	
36201	2200	7000	25000	
36201	2200	7500	25000	
36201	2200	8000	25000	
36201	2200	8500	25000	
36201	2200	9000	25000	
36201	2200	9500	25000	
36201	5000	0	800	
36201	5000	500	12000	
36201	5000	1000	12000	
36201	5000	1500	25000	
36201	5000	2000	25000	
36201	5000	2500	25000	
36201	5000	3000	25000	
36201	5000	3500	25000	
36201	5000	4000	25000	
36201	5000	4500	25000	
36201	5000	5000	25000	
36201	5000	5500	25000	
36201	5000	6000	25000	
36201	5000	6500	25000	
36201	5000	7000	25000	
36201	5000	7500	25000	
36201	5000	8000	25000	
36201	5000	8500	25000	
36201	5000	9000	25000	
36201	5000	9500	25000	
36201	12000	0	12000	
36201	12000	500	12000	
36201	12000	1000	12000	
36201	12000	1500	25000	
36201	12000	2000	25000	
36201	12000	2500	25000	
36201	12000	3000	25000	
36201	12000	3500	25000	
36201	12000	4000	25000	
36201	12000	4500	25000	
36201	12000	5000	25000	
36201	12000	5500	25000	
36201	12000	6000	25000	
36201	12000	6500	25000	
36201	12000	7000	25000	
36201	12000	7500	25000	
36201	12000	8000	25000	
36201	12000	8500	25000	
36201	12000	9000	25000	
36201	12000	9500	25000	
36201	25000	0	25000	
36201	25000	500	25000	
36201	25000	1000	25000	
36201	25000	1500	25000	
36201	25000	2000	25000	
36201	25000	2500	25000	
36201	25000	3000	25000	
36201	25000	3500	25000	
36201	25000	4000	25000	
36201	25000	4500	25000	
36201	25000	5000	25000	
36201	25000	5500	25000	
36201	25000	6000	25000	
36201	25000	6500	25000	
36201	25000	7000	25000	
36201	25000	7500	25000	
36201	25000	8000	25000	
36201	25000	8500	25000	
36201	25000	9000	25000	
36201	25000	9500	25000	
36401	200	0	800	
36401	200	500	800	
36401	200	1000	12000	
36401	200	1500	25000	
36401	200	2000	25000	
36401	200	2500	25000	
36401	200	3000	25000	
36401	200	3500	25000	
36401	200	4000	25000	
36401	200	4500	25000	
36401	200	5000	25000	
36401	200	5500	25000	
36401	200	6000	25000	
36401	200	6500	25000	
36401	200	7000	25000	
36401	200	7500	25000	
36401	200	8000	25000	
36401	200	8500	25000	
36401	200	9000	25000	
36401	200	9500	25000	
36401	800	0	800	
36401	800	500	800	
36401	800	1000	12000	
36401	800	1500	25000	
36401	800	2000	25000	
36401	800	2500	25000	
36401	800	3000	25000	
36401	800	3500	25000	
36401	800	4000	25000	
36401	800	4500	25000	
36401	800	5000	25000	
36401	800	5500	25000	
36401	800	6000	25000	
36401	800	6500	25000	
36401	800	7000	25000	
36401	800	7500	25000	
36401	800	8000	25000	
36401	800	8500	25000	
36401	800	9000	25000	
36401	800	9500	25000	
36401	2200	0	800	
36401	2200	500	12000	
36401	2200	1000	12000	
36401	2200	1500	25000	
36401	2200	2000	25000	
36401	2200	2500	25000	
36401	2200	3000	25000	
36401	2200	3500	25000	
36401	2200	4000	25000	
36401	2200	4500	25000	
36401	2200	5000	25000	
36401	2200	5500	25000	
36401	2200	6000	25000	
36401	2200	6500	25000	
36401	2200	7000	25000	
36401	2200	7500	25000	
36401	2200	8000	25000	
36401	2200	8500	25000	
36401	2200	9000	25000	
36401	2200	9500	25000	
36401	5000	0	800	
36401	5000	500	12000	
36401	5000	1000	12000	
36401	5000	1500	25000	
36401	5000	2000	25000	
36401	5000	2500	25000	
36401	5000	3000	25000	
36401	5000	3500	25000	
36401	5000	4000	25000	
36401	5000	4500	25000	
36401	5000	5000	25000	
36401	5000	5500	25000	
36401	5000	6000	25000	
36401	5000	6500	25000	
36401	5000	7000	25000	
36401	5000	7500	25000	
36401	5000	8000	25000	
36401	5000	8500	25000	
36401	5000	9000	25000	
36401	5000	9500	25000	
36401	12000	0	12000	
36401	12000	500	12000	
36401	12000	1000	12000	
36401	12000	1500	25000	
36401	12000	2000	25000	
36401	12000	2500	25000	
36401	12000	3000	25000	
36401	12000	3500	25000	
36401	12000	4000	25000	
36401	12000	4500	25000	
36401	12000	5000	25000	
36401	12000	5500	25000	
36401	12000	6000	25000	
36401	12000	6500	25000	
36401	12000	7000	25000	
36401	12000	7500	25000	
36401	12000	8000	25000	
36401	12000	8500	25000	
36401	12000	9000	25000	
36401	12000	9500	25000	
36401	25000	0	25000	
36401	25000	500	25000	
36401	25000	1000	25000	
36401	25000	1500	25000	
36401	25000	2000	25000	
36401	25000	2500	25000	
36401	25000	3000	25000	
36401	25000	3500	25000	
36401	25000	4000	25000	
36401	25000	4500	25000	
36401	25000	5000	25000	
36401	25000	5500	25000	
36401	25000	6000	25000	
36401	25000	6500	25000	
36401	25000	7000	25000	
36401	25000	7500	25000	
36401	25000	8000	25000	
36401	25000	8500	25000	
36401	25000	9000	25000	
36401	25000	9500	25000	
36601	200	0	800	
36601	200	500	800	
36601	200	1000	12000	
36601	200	1500	25000	
36601	200	2000	25000	
36601	200	2500	25000	
36601	200	3000	25000	
36601	200	3500	25000	
36601	200	4000	25000	
36601	200	4500	25000	
36601	200	5000	25000	
36601	200	5500	25000	
36601	200	6000	25000	
36601	200	6500	25000	
36601	200	7000	25000	
36601	200	7500	25000	
36601	200	8000	25000	
36601	200	8500	25000	
36601	200	9000	25000	
36601	200	9500	25000	
36601	800	0	800	
36601	800	500	800	
36601	800	1000	12000	
36601	800	1500	25000	
36601	800	2000	25000	
36601	800	2500	25000	
36601	800	3000	25000	
36601	800	3500	25000	
36601	800	4000	25000	
36601	800	4500	25000	
36601	800	5000	25000	
36601	800	5500	25000	
36601	800	6000	25000	
36601	800	6500	25000	
36601	800	7000	25000	
36601	800	7500	25000	
36601	800	8000	25000	
36601	800	8500	25000	
36601	800	9000	25000	
36601	800	9500	25000	
36601	2200	0	800	
36601	2200	500	12000	
36601	2200	1000	12000	
36601	2200	1500	25000	
36601	2200	2000	25000	
36601	2200	2500	25000	
36601	2200	3000	25000	
36601	2200	3500	25000	
36601	2200	4000	25000	
36601	2200	4500	25000	
36601	2200	5000	25000	
36601	2200	5500	25000	
36601	2200	6000	25000	
36601	2200	6500	25000	
36601	2200	7000	25000	
36601	2200	7500	25000	
36601	2200	8000	25000	
36601	2200	8500	25000	
36601	2200	9000	25000	
36601	2200	9500	25000	
36601	5000	0	800	
36601	5000	500	12000	
36601	5000	1000	12000	
36601	5000	1500	25000	
36601	5000	2000	25000	
36601	5000	2500	25000	
36601	5000	3000	25000	
36601	5000	3500	25000	
36601	5000	4000	25000	
36601	5000	4500	25000	
36601	5000	5000	25000	
36601	5000	5500	25000	
36601	5000	6000	25000	
36601	5000	6500	25000	
36601	5000	7000	25000	
36601	5000	7500	25000	
36601	5000	8000	25000	
36601	5000	8500	25000	
36601	5000	9000	25000	
36601	5000	9500	25000	
36601	12000	0	12000	
36601	12000	500	12000	
36601	12000	1000	12000	
36601	12000	1500	25000	
36601	12000	2000	25000	
36601	12000	2500	25000	
36601	12000	3000	25000	
36601	12000	3500	25000	
36601	12000	4000	25000	
36601	12000	4500	25000	
36601	12000	5000	25000	
36601	12000	5500	25000	
36601	12000	6000	25000	
36601	12000	6500	25000	
36601	12000	7000	25000	
36601	12000	7500	25000	
36601	12000	8000	25000	
36601	12000	8500	25000	
36601	12000	9000	25000	
36601	12000	9500	25000	
36601	25000	0	25000	
36601	25000	500	25000	
36601	25000	1000	25000	
36601	25000	1500	25000	
36601	25000	2000	25000	
36601	25000	2500	25000	
36601	25000	3000	25000	
36601	25000	3500	25000	
36601	25000	4000	25000	
36601	25000	4500	25000	
36601	25000	5000	25000	
36601	25000	5500	25000	
36601	25000	6000	25000	
36601	25000	6500	25000	
36601	25000	7000	25000	
36601	25000	7500	25000	
36601	25000	8000	25000	
36601	25000	8500	25000	
36601	25000	9000	25000	
36601	25000	9500	25000	
36801	200	0	800	
36801	200	500	800	
36801	200	1000	12000	
36801	200	1500	25000	
36801	200	2000	25000	
36801	200	2500	25000	
36801	200	3000	25000	
36801	200	3500	25000	
36801	200	4000	25000	
36801	200	4500	25000	
36801	200	5000	25000	
36801	200	5500	25000	
36801	200	6000	25000	
36801	200	6500	25000	
36801	200	7000	25000	
36801	200	7500	25000	
36801	200	8000	25000	
36801	200	8500	25000	
36801	200	9000	25000	
36801	200	9500	25000	
36801	800	0	800	
36801	800	500	800	
36801	800	1000	12000	
36801	800	1500	25000	
36801	800	2000	25000	
36801	800	2500	25000	
36801	800	3000	25000	
36801	800	3500	25000	
36801	800	4000	25000	
36801	800	4500	25000	
36801	800	5000	25000	
36801	800	5500	25000	
36801	800	6000	25000	
36801	800	6500	25000	
36801	800	7000	25000	
36801	800	7500	25000	
36801	800	8000	25000	
36801	800	8500	25000	
36801	800	9000	25000	
36801	800	9500	25000	
36801	2200	0	800	
36801	2200	500	12000	
36801	2200	1000	12000	
36801	2200	1500	25000	
36801	2200	2000	25000	
36801	2200	2500	25000	
36801	2200	3000	25000	
36801	2200	3500	25000	
36801	2200	4000	25000	
36801	2200	4500	25000	
36801	2200	5000	25000	
36801	2200	5500	25000	
36801	2200	6000	25000	
36801	2200	6500	25000	
36801	2200	7000	25000	
36801	2200	7500	25000	
36801	2200	8000	25000	
36801	2200	8500	25000	
36801	2200	9000	25000	
36801	2200	9500	25000	
36801	5000	0	800	
36801	5000	500	12000	
36801	5000	1000	12000	
36801	5000	1500	25000	
36801	5000	2000	25000	
36801	5000	2500	25000	
36801	5000	3000	25000	
36801	5000	3500	25000	
36801	5000	4000	25000	
36801	5000	4500	25000	
36801	5000	5000	25000	
36801	5000	5500	25000	
36801	5000	6000	25000	
36801	5000	6500	25000	
36801	5000	7000	25000	
36801	5000	7500	25000	
36801	5000	8000	25000	
36801	5000	8500	25000	
36801	5000	9000	25000	
36801	5000	9500	25000	
36801	12000	0	12000	
36801	12000	500	12000	
36801	12000	1000	12000	
36801	12000	1500	25000	
36801	12000	2000	25000	
36801	12000	2500	25000	
36801	12000	3000	25000	
36801	12000	3500	25000	
36801	12000	4000	25000	
36801	12000	4500	25000	
36801	12000	5000	25000	
36801	12000	5500	25000	
36801	12000	6000	25000	
36801	12000	6500	25000	
36801	12000	7000	25000	
36801	12000	7500	25000	
36801	12000	8000	25000	
36801	12000	8500	25000	
36801	12000	9000	25000	
36801	12000	9500	25000	
36801	25000	0	25000	
36801	25000	500	25000	
36801	25000	1000	25000	
36801	25000	1500	25000	
36801	25000	2000	25000	
36801	25000	2500	25000	
36801	25000	3000	25000	
36801	25000	3500	25000	
36801	25000	4000	25000	
36801	25000	4500	25000	
36801	25000	5000	25000	
36801	25000	5500	25000	
36801	25000	6000	25000	
36801	25000	6500	25000	
36801	25000	7000	25000	
36801	25000	7500	25000	
36801	25000	8000	25000	
36801	25000	8500	25000	
36801	25000	9000	25000	
36801	25000	9500	25000	
37001	200	0	800	
37001	200	500	800	
37001	200	1000	12000	
37001	200	1500	25000	
37001	200	2000	25000	
37001	200	2500	25000	
37001	200	3000	25000	
37001	200	3500	25000	
37001	200	4000	25000	
37001	200	4500	25000	
37001	200	5000	25000	
37001	200	5500	25000	
37001	200	6000	25000	
37001	200	6500	25000	
37001	200	7000	25000	
37001	200	7500	25000	
37001	200	8000	25000	
37001	200	8500	25000	
37001	200	9000	25000	
37001	200	9500	25000	
37001	800	0	800	
37001	800	500	800	
37001	800	1000	12000	
37001	800	1500	25000	
37001	800	2000	25000	
37001	800	2500	25000	
37001	800	3000	25000	
37001	800	3500	25000	
37001	800	4000	25000	
37001	800	4500	25000	
37001	800	5000	25000	
37001	800	5500	25000	
37001	800	6000	25000	
37001	800	6500	25000	
37001	800	7000	25000	
37001	800	7500	25000	
37001	800	8000	25000	
37001	800	8500	25000	
37001	800	9000	25000	
37001	800	9500	25000	
37001	2200	0	800	
37001	2200	500	12000	
37001	2200	1000	12000	
37001	2200	1500	25000	
37001	2200	2000	25000	
37001	2200	2500	25000	
37001	2200	3000	25000	
37001	2200	3500	25000	
37001	2200	4000	25000	
37001	2200	4500	25000	
37001	2200	5000	25000	
37001	2200	5500	25000	
37001	2200	6000	25000	
37001	2200	6500	25000	
37001	2200	7000	25000	
37001	2200	7500	25000	
37001	2200	8000	25000	
37001	2200	8500	25000	
37001	2200	9000	25000	
37001	2200	9500	25000	
37001	5000	0	800	
37001	5000	500	12000	
37001	5000	1000	12000	
37001	5000	1500	25000	
37001	5000	2000	25000	
37001	5000	2500	25000	
37001	5000	3000	25000	
37001	5000	3500	25000	
37001	5000	4000	25000	
37001	5000	4500	25000	
37001	5000	5000	25000	
37001	5000	5500	25000	
37001	5000	6000	25000	
37001	5000	6500	25000	
37001	5000	7000	25000	
37001	5000	7500	25000	
37001	5000	8000	25000	
37001	5000	8500	25000	
37001	5000	9000	25000	
37001	5000	9500	25000	
37001	12000	0	12000	
37001	12000	500	12000	
37001	12000	1000	12000	
37001	12000	1500	25000	
37001	12000	2000	25000	
37001	12000	2500	25000	
37001	12000	3000	25000	
37001	12000	3500	25000	
37001	12000	4000	25000	
37001	12000	4500	25000	
37001	12000	5000	25000	
37001	12000	5500	25000	
37001	12000	6000	25000	
37001	12000	6500	25000	
37001	12000	7000	25000	
37001	12000	7500	25000	
37001	12000	8000	25000	
37001	12000	8500	25000	
37001	12000	9000	25000	
37001	12000	9500	25000	
37001	25000	0	25000	
37001	25000	500	25000	
37001	25000	1000	25000	
37001	25000	1500	25000	
37001	25000	2000	25000	
37001	25000	2500	25000	
37001	25000	3000	25000	
37001	25000	3500	25000	
37001	25000	4000	25000	
37001	25000	4500	25000	
37001	25000	5000	25000	
37001	25000	5500	25000	
37001	25000	6000	25000	
37001	25000	6500	25000	
37001	25000	7000	25000	
37001	25000	7500	25000	
37001	25000	8000	25000	
37001	25000	8500	25000	
37001	25000	9000	25000	
37001	25000	9500	25000	
37201	200	0	800	
37201	200	500	800	
37201	200	1000	12000	
37201	200	1500	25000	
37201	200	2000	25000	
37201	200	2500	25000	
37201	200	3000	25000	
37201	200	3500	25000	
37201	200	4000	25000	
37201	200	4500	25000	
37201	200	5000	25000	
37201	200	5500	25000	
37201	200	6000	25000	
37201	200	6500	25000	
37201	200	7000	25000	
37201	200	7500	25000	
37201	200	8000	25000	
37201	200	8500	25000	
37201	200	9000	25000	
37201	200	9500	25000	
37201	800	0	800	
37201	800	500	800	
37201	800	1000	12000	
37201	800	1500	25000	
37201	800	2000	25000	
37201	800	2500	25000	
37201	800	3000	25000	
37201	800	3500	25000	
37201	800	4000	25000	
37201	800	4500	25000	
37201	800	5000	25000	
37201	800	5500	25000	
37201	800	6000	25000	
37201	800	6500	25000	
37201	800	7000	25000	
37201	800	7500	25000	
37201	800	8000	25000	
37201	800	8500	25000	
37201	800	9000	25000	
37201	800	9500	25000	
37201	2200	0	800	
37201	2200	500	12000	
37201	2200	1000	12000	
37201	2200	1500	25000	
37201	2200	2000	25000	
37201	2200	2500	25000	
37201	2200	3000	25000	
37201	2200	3500	25000	
37201	2200	4000	25000	
37201	2200	4500	25000	
37201	2200	5000	25000	
37201	2200	5500	25000	
37201	2200	6000	25000	
37201	2200	6500	25000	
37201	2200	7000	25000	
37201	2200	7500	25000	
37201	2200	8000	25000	
37201	2200	8500	25000	
37201	2200	9000	25000	
37201	2200	9500	25000	
37201	5000	0	800	
37201	5000	500	12000	
37201	5000	1000	12000	
37201	5000	1500	25000	
37201	5000	2000	25000	
37201	5000	2500	25000	
37201	5000	3000	25000	
37201	5000	3500	25000	
37201	5000	4000	25000	
37201	5000	4500	25000	
37201	5000	5000	25000	
37201	5000	5500	25000	
37201	5000	6000	25000	
37201	5000	6500	25000	
37201	5000	7000	25000	
37201	5000	7500	25000	
37201	5000	8000	25000	
37201	5000	8500	25000	
37201	5000	9000	25000	
37201	5000	9500	25000	
37201	12000	0	12000	
37201	12000	500	12000	
37201	12000	1000	12000	
37201	12000	1500	25000	
37201	12000	2000	25000	
37201	12000	2500	25000	
37201	12000	3000	25000	
37201	12000	3500	25000	
37201	12000	4000	25000	
37201	12000	4500	25000	
37201	12000	5000	25000	
37201	12000	5500	25000	
37201	12000	6000	25000	
37201	12000	6500	25000	
37201	12000	7000	25000	
37201	12000	7500	25000	
37201	12000	8000	25000	
37201	12000	8500	25000	
37201	12000	9000	25000	
37201	12000	9500	25000	
37201	25000	0	25000	
37201	25000	500	25000	
37201	25000	1000	25000	
37201	25000	1500	25000	
37201	25000	2000	25000	
37201	25000	2500	25000	
37201	25000	3000	25000	
37201	25000	3500	25000	
37201	25000	4000	25000	
37201	25000	4500	25000	
37201	25000	5000	25000	
37201	25000	5500	25000	
37201	25000	6000	25000	
37201	25000	6500	25000	
37201	25000	7000	25000	
37201	25000	7500	25000	
37201	25000	8000	25000	
37201	25000	8500	25000	
37201	25000	9000	25000	
37201	25000	9500	25000	
37401	200	0	800	
37401	200	500	800	
37401	200	1000	12000	
37401	200	1500	25000	
37401	200	2000	25000	
37401	200	2500	25000	
37401	200	3000	25000	
37401	200	3500	25000	
37401	200	4000	25000	
37401	200	4500	25000	
37401	200	5000	25000	
37401	200	5500	25000	
37401	200	6000	25000	
37401	200	6500	25000	
37401	200	7000	25000	
37401	200	7500	25000	
37401	200	8000	25000	
37401	200	8500	25000	
37401	200	9000	25000	
37401	200	9500	25000	
37401	800	0	800	
37401	800	500	800	
37401	800	1000	12000	
37401	800	1500	25000	
37401	800	2000	25000	
37401	800	2500	25000	
37401	800	3000	25000	
37401	800	3500	25000	
37401	800	4000	25000	
37401	800	4500	25000	
37401	800	5000	25000	
37401	800	5500	25000	
37401	800	6000	25000	
37401	800	6500	25000	
37401	800	7000	25000	
37401	800	7500	25000	
37401	800	8000	25000	
37401	800	8500	25000	
37401	800	9000	25000	
37401	800	9500	25000	
37401	2200	0	800	
37401	2200	500	12000	
37401	2200	1000	12000	
37401	2200	1500	25000	
37401	2200	2000	25000	
37401	2200	2500	25000	
37401	2200	3000	25000	
37401	2200	3500	25000	
37401	2200	4000	25000	
37401	2200	4500	25000	
37401	2200	5000	25000	
37401	2200	5500	25000	
37401	2200	6000	25000	
37401	2200	6500	25000	
37401	2200	7000	25000	
37401	2200	7500	25000	
37401	2200	8000	25000	
37401	2200	8500	25000	
37401	2200	9000	25000	
37401	2200	9500	25000	
37401	5000	0	800	
37401	5000	500	12000	
37401	5000	1000	12000	
37401	5000	1500	25000	
37401	5000	2000	25000	
37401	5000	2500	25000	
37401	5000	3000	25000	
37401	5000	3500	25000	
37401	5000	4000	25000	
37401	5000	4500	25000	
37401	5000	5000	25000	
37401	5000	5500	25000	
37401	5000	6000	25000	
37401	5000	6500	25000	
37401	5000	7000	25000	
37401	5000	7500	25000	
37401	5000	8000	25000	
37401	5000	8500	25000	
37401	5000	9000	25000	
37401	5000	9500	25000	
37401	12000	0	12000	
37401	12000	500	12000	
37401	12000	1000	12000	
37401	12000	1500	25000	
37401	12000	2000	25000	
37401	12000	2500	25000	
37401	12000	3000	25000	
37401	12000	3500	25000	
37401	12000	4000	25000	
37401	12000	4500	25000	
37401	12000	5000	25000	
37401	12000	5500	25000	
37401	12000	6000	25000	
37401	12000	6500	25000	
37401	12000	7000	25000	
37401	12000	7500	25000	
37401	12000	8000	25000	
37401	12000	8500	25000	
37401	12000	9000	25000	
37401	12000	9500	25000	
37401	25000	0	25000	
37401	25000	500	25000	
37401	25000	1000	25000	
37401	25000	1500	25000	
37401	25000	2000	25000	
37401	25000	2500	25000	
37401	25000	3000	25000	
37401	25000	3500	25000	
37401	25000	4000	25000	
37401	25000	4500	25000	
37401	25000	5000	25000	
37401	25000	5500	25000	
37401	25000	6000	25000	
37401	25000	6500	25000	
37401	25000	7000	25000	
37401	25000	7500	25000	
37401	25000	8000	25000	
37401	25000	8500	25000	
37401	25000	9000	25000	
37401	25000	9500	25000	
37601	200	0	800	
37601	200	500	800	
37601	200	1000	12000	
37601	200	1500	25000	
37601	200	2000	25000	
37601	200	2500	25000	
37601	200	3000	25000	
37601	200	3500	25000	
37601	200	4000	25000	
37601	200	4500	25000	
37601	200	5000	25000	
37601	200	5500	25000	
37601	200	6000	25000	
37601	200	6500	25000	
37601	200	7000	25000	
37601	200	7500	25000	
37601	200	8000	25000	
37601	200	8500	25000	
37601	200	9000	25000	
37601	200	9500	25000	
37601	800	0	800	
37601	800	500	800	
37601	800	1000	12000	
37601	800	1500	25000	
37601	800	2000	25000	
37601	800	2500	25000	
37601	800	3000	25000	
37601	800	3500	25000	
37601	800	4000	25000	
37601	800	4500	25000	
37601	800	5000	25000	
37601	800	5500	25000	
37601	800	6000	25000	
37601	800	6500	25000	
37601	800	7000	25000	
37601	800	7500	25000	
37601	800	8000	25000	
37601	800	8500	25000	
37601	800	9000	25000	
37601	800	9500	25000	
37601	2200	0	800	
37601	2200	500	12000	
37601	2200	1000	12000	
37601	2200	1500	25000	
37601	2200	2000	25000	
37601	2200	2500	25000	
37601	2200	3000	25000	
37601	2200	3500	25000	
37601	2200	4000	25000	
37601	2200	4500	25000	
37601	2200	5000	25000	
37601	2200	5500	25000	
37601	2200	6000	25000	
37601	2200	6500	25000	
37601	2200	7000	25000	
37601	2200	7500	25000	
37601	2200	8000	25000	
37601	2200	8500	25000	
37601	2200	9000	25000	
37601	2200	9500	25000	
37601	5000	0	800	
37601	5000	500	12000	
37601	5000	1000	12000	
37601	5000	1500	25000	
37601	5000	2000	25000	
37601	5000	2500	25000	
37601	5000	3000	25000	
37601	5000	3500	25000	
37601	5000	4000	25000	
37601	5000	4500	25000	
37601	5000	5000	25000	
37601	5000	5500	25000	
37601	5000	6000	25000	
37601	5000	6500	25000	
37601	5000	7000	25000	
37601	5000	7500	25000	
37601	5000	8000	25000	
37601	5000	8500	25000	
37601	5000	9000	25000	
37601	5000	9500	25000	
37601	12000	0	12000	
37601	12000	500	12000	
37601	12000	1000	12000	
37601	12000	1500	25000	
37601	12000	2000	25000	
37601	12000	2500	25000	
37601	12000	3000	25000	
37601	12000	3500	25000	
37601	12000	4000	25000	
37601	12000	4500	25000	
37601	12000	5000	25000	
37601	12000	5500	25000	
37601	12000	6000	25000	
37601	12000	6500	25000	
37601	12000	7000	25000	
37601	12000	7500	25000	
37601	12000	8000	25000	
37601	12000	8500	25000	
37601	12000	9000	25000	
37601	12000	9500	25000	
37601	25000	0	25000	
37601	25000	500	25000	
37601	25000	1000	25000	
37601	25000	1500	25000	
37601	25000	2000	25000	
37601	25000	2500	25000	
37601	25000	3000	25000	
37601	25000	3500	25000	
37601	25000	4000	25000	
37601	25000	4500	25000	
37601	25000	5000	25000	
37601	25000	5500	25000	
37601	25000	6000	25000	
37601	25000	6500	25000	
37601	25000	7000	25000	
37601	25000	7500	25000	
37601	25000	8000	25000	
37601	25000	8500	25000	
37601	25000	9000	25000	
37601	25000	9500	25000	
37801	200	0	800	
37801	200	500	800	
37801	200	1000	12000	
37801	200	1500	25000	
37801	200	2000	25000	
37801	200	2500	25000	
37801	200	3000	25000	
37801	200	3500	25000	
37801	200	4000	25000	
37801	200	4500	25000	
37801	200	5000	25000	
37801	200	5500	25000	
37801	200	6000	25000	
37801	200	6500	25000	
37801	200	7000	25000	
37801	200	7500	25000	
37801	200	8000	25000	
37801	200	8500	25000	
37801	200	9000	25000	
37801	200	9500	25000	
37801	800	0	800	
37801	800	500	800	
37801	800	1000	12000	
37801	800	1500	25000	
37801	800	2000	25000	
37801	800	2500	25000	
37801	800	3000	25000	
37801	800	3500	25000	
37801	800	4000	25000	
37801	800	4500	25000	
37801	800	5000	25000	
37801	800	5500	25000	
37801	800	6000	25000	
37801	800	6500	25000	
37801	800	7000	25000	
37801	800	7500	25000	
37801	800	8000	25000	
37801	800	8500	25000	
37801	800	9000	25000	
37801	800	9500	25000	
37801	2200	0	800	
37801	2200	500	12000	
37801	2200	1000	12000	
37801	2200	1500	25000	
37801	2200	2000	25000	
37801	2200	2500	25000	
37801	2200	3000	25000	
37801	2200	3500	25000	
37801	2200	4000	25000	
37801	2200	4500	25000	
37801	2200	5000	25000	
37801	2200	5500	25000	
37801	2200	6000	25000	
37801	2200	6500	25000	
37801	2200	7000	25000	
37801	2200	7500	25000	
37801	2200	8000	25000	
37801	2200	8500	25000	
37801	2200	9000	25000	
37801	2200	9500	25000	
37801	5000	0	800	
37801	5000	500	12000	
37801	5000	1000	12000	
37801	5000	1500	25000	
37801	5000	2000	25000	
37801	5000	2500	25000	
37801	5000	3000	25000	
37801	5000	3500	25000	
37801	5000	4000	25000	
37801	5000	4500	25000	
37801	5000	5000	25000	
37801	5000	5500	25000	
37801	5000	6000	25000	
37801	5000	6500	25000	
37801	5000	7000	25000	
37801	5000	7500	25000	
37801	5000	8000	25000	
37801	5000	8500	25000	
37801	5000	9000	25000	
37801	5000	9500	25000	
37801	12000	0	12000	
37801	12000	500	12000	
37801	12000	1000	12000	
37801	12000	1500	25000	
37801	12000	2000	25000	
37801	12000	2500	25000	
37801	12000	3000	25000	
37801	12000	3500	25000	
37801	12000	4000	25000	
37801	12000	4500	25000	
37801	12000	5000	25000	
37801	12000	5500	25000	
37801	12000	6000	25000	
37801	12000	6500	25000	
37801	12000	7000	25000	
37801	12000	7500	25000	
37801	12000	8000	25000	
37801	12000	8500	25000	
37801	12000	9000	25000	
37801	12000	9500	25000	
37801	25000	0	25000	
37801	25000	500	25000	
37801	25000	1000	25000	
37801	25000	1500	25000	
37801	25000	2000	25000	
37801	25000	2500	25000	
37801	25000	3000	25000	
37801	25000	3500	25000	
37801	25000	4000	25000	
37801	25000	4500	25000	
37801	25000	5000	25000	
37801	25000	5500	25000	
37801	25000	6000	25000	
37801	25000	6500	25000	
37801	25000	7000	25000	
37801	25000	7500	25000	
37801	25000	8000	25000	
37801	25000	8500	25000	
37801	25000	9000	25000	
37801	25000	9500	25000	
38001	200	0	800	
38001	200	500	800	
38001	200	1000	12000	
38001	200	1500	25000	
38001	200	2000	25000	
38001	200	2500	25000	
38001	200	3000	25000	
38001	200	3500	25000	
38001	200	4000	25000	
38001	200	4500	25000	
38001	200	5000	25000	
38001	200	5500	25000	
38001	200	6000	25000	
38001	200	6500	25000	
38001	200	7000	25000	
38001	200	7500	25000	
38001	200	8000	25000	
38001	200	8500	25000	
38001	200	9000	25000	
38001	200	9500	25000	
38001	800	0	800	
38001	800	500	800	
38001	800	1000	12000	
38001	800	1500	25000	
38001	800	2000	25000	
38001	800	2500	25000	
38001	800	3000	25000	
38001	800	3500	25000	
38001	800	4000	25000	
38001	800	4500	25000	
38001	800	5000	25000	
38001	800	5500	25000	
38001	800	6000	25000	
38001	800	6500	25000	
38001	800	7000	25000	
38001	800	7500	25000	
38001	800	8000	25000	
38001	800	8500	25000	
38001	800	9000	25000	
38001	800	9500	25000	
38001	2200	0	800	
38001	2200	500	12000	
38001	2200	1000	12000	
38001	2200	1500	25000	
38001	2200	2000	25000	
38001	2200	2500	25000	
38001	2200	3000	25000	
38001	2200	3500	25000	
38001	2200	4000	25000	
38001	2200	4500	25000	
38001	2200	5000	25000	
38001	2200	5500	25000	
38001	2200	6000	25000	
38001	2200	6500	25000	
38001	2200	7000	25000	
38001	2200	7500	25000	
38001	2200	8000	25000	
38001	2200	8500	25000	
38001	2200	9000	25000	
38001	2200	9500	25000	
38001	5000	0	800	
38001	5000	500	12000	
38001	5000	1000	12000	
38001	5000	1500	25000	
38001	5000	2000	25000	
38001	5000	2500	25000	
38001	5000	3000	25000	
38001	5000	3500	25000	
38001	5000	4000	25000	
38001	5000	4500	25000	
38001	5000	5000	25000	
38001	5000	5500	25000	
38001	5000	6000	25000	
38001	5000	6500	25000	
38001	5000	7000	25000	
38001	5000	7500	25000	
38001	5000	8000	25000	
38001	5000	8500	25000	
38001	5000	9000	25000	
38001	5000	9500	25000	
38001	12000	0	12000	
38001	12000	500	12000	
38001	12000	1000	12000	
38001	12000	1500	25000	
38001	12000	2000	25000	
38001	12000	2500	25000	
38001	12000	3000	25000	
38001	12000	3500	25000	
38001	12000	4000	25000	
38001	12000	4500	25000	
38001	12000	5000	25000	
38001	12000	5500	25000	
38001	12000	6000	25000	
38001	12000	6500	25000	
38001	12000	7000	25000	
38001	12000	7500	25000	
38001	12000	8000	25000	
38001	12000	8500	25000	
38001	12000	9000	25000	
38001	12000	9500	25000	
38001	25000	0	25000	
38001	25000	500	25000	
38001	25000	1000	25000	
38001	25000	1500	25000	
38001	25000	2000	25000	
38001	25000	2500	25000	
38001	25000	3000	25000	
38001	25000	3500	25000	
38001	25000	4000	25000	
38001	25000	4500	25000	
38001	25000	5000	25000	
38001	25000	5500	25000	
38001	25000	6000	25000	
38001	25000	6500	25000	
38001	25000	7000	25000	
38001	25000	7500	25000	
38001	25000	8000	25000	
38001	25000	8500	25000	
38001	25000	9000	25000	
38001	25000	9500	25000	
38201	200	0	800	
38201	200	500	800	
38201	200	1000	12000	
38201	200	1500	25000	
38201	200	2000	25000	
38201	200	2500	25000	
38201	200	3000	25000	
38201	200	3500	25000	
38201	200	4000	25000	
38201	200	4500	25000	
38201	200	5000	25000	
38201	200	5500	25000	
38201	200	6000	25000	
38201	200	6500	25000	
38201	200	7000	25000	
38201	200	7500	25000	
38201	200	8000	25000	
38201	200	8500	25000	
38201	200	9000	25000	
38201	200	9500	25000	
38201	800	0	800	
38201	800	500	800	
38201	800	1000	12000	
38201	800	1500	25000	
38201	800	2000	25000	
38201	800	2500	25000	
38201	800	3000	25000	
38201	800	3500	25000	
38201	800	4000	25000	
38201	800	4500	25000	
38201	800	5000	25000	
38201	800	5500	25000	
38201	800	6000	25000	
38201	800	6500	25000	
38201	800	7000	25000	
38201	800	7500	25000	
38201	800	8000	25000	
38201	800	8500	25000	
38201	800	9000	25000	
38201	800	9500	25000	
38201	2200	0	800	
38201	2200	500	12000	
38201	2200	1000	12000	
38201	2200	1500	25000	
38201	2200	2000	25000	
38201	2200	2500	25000	
38201	2200	3000	25000	
38201	2200	3500	25000	
38201	2200	4000	25000	
38201	2200	4500	25000	
38201	2200	5000	25000	
38201	2200	5500	25000	
38201	2200	6000	25000	
38201	2200	6500	25000	
38201	2200	7000	25000	
38201	2200	7500	25000	
38201	2200	8000	25000	
38201	2200	8500	25000	
38201	2200	9000	25000	
38201	2200	9500	25000	
38201	5000	0	800	
38201	5000	500	12000	
38201	5000	1000	12000	
38201	5000	1500	25000	
38201	5000	2000	25000	
38201	5000	2500	25000	
38201	5000	3000	25000	
38201	5000	3500	25000	
38201	5000	4000	25000	
38201	5000	4500	25000	
38201	5000	5000	25000	
38201	5000	5500	25000	
38201	5000	6000	25000	
38201	5000	6500	25000	
38201	5000	7000	25000	
38201	5000	7500	25000	
38201	5000	8000	25000	
38201	5000	8500	25000	
38201	5000	9000	25000	
38201	5000	9500	25000	
38201	12000	0	12000	
38201	12000	500	12000	
38201	12000	1000	12000	
38201	12000	1500	25000	
38201	12000	2000	25000	
38201	12000	2500	25000	
38201	12000	3000	25000	
38201	12000	3500	25000	
38201	12000	4000	25000	
38201	12000	4500	25000	
38201	12000	5000	25000	
38201	12000	5500	25000	
38201	12000	6000	25000	
38201	12000	6500	25000	
38201	12000	7000	25000	
38201	12000	7500	25000	
38201	12000	8000	25000	
38201	12000	8500	25000	
38201	12000	9000	25000	
38201	12000	9500	25000	
38201	25000	0	25000	
38201	25000	500	25000	
38201	25000	1000	25000	
38201	25000	1500	25000	
38201	25000	2000	25000	
38201	25000	2500	25000	
38201	25000	3000	25000	
38201	25000	3500	25000	
38201	25000	4000	25000	
38201	25000	4500	25000	
38201	25000	5000	25000	
38201	25000	5500	25000	
38201	25000	6000	25000	
38201	25000	6500	25000	
38201	25000	7000	25000	
38201	25000	7500	25000	
38201	25000	8000	25000	
38201	25000	8500	25000	
38201	25000	9000	25000	
38201	25000	9500	25000	
38401	200	0	800	
38401	200	500	800	
38401	200	1000	12000	
38401	200	1500	25000	
38401	200	2000	25000	
38401	200	2500	25000	
38401	200	3000	25000	
38401	200	3500	25000	
38401	200	4000	25000	
38401	200	4500	25000	
38401	200	5000	25000	
38401	200	5500	25000	
38401	200	6000	25000	
38401	200	6500	25000	
38401	200	7000	25000	
38401	200	7500	25000	
38401	200	8000	25000	
38401	200	8500	25000	
38401	200	9000	25000	
38401	200	9500	25000	
38401	800	0	800	
38401	800	500	800	
38401	800	1000	12000	
38401	800	1500	25000	
38401	800	2000	25000	
38401	800	2500	25000	
38401	800	3000	25000	
38401	800	3500	25000	
38401	800	4000	25000	
38401	800	4500	25000	
38401	800	5000	25000	
38401	800	5500	25000	
38401	800	6000	25000	
38401	800	6500	25000	
38401	800	7000	25000	
38401	800	7500	25000	
38401	800	8000	25000	
38401	800	8500	25000	
38401	800	9000	25000	
38401	800	9500	25000	
38401	2200	0	800	
38401	2200	500	12000	
38401	2200	1000	12000	
38401	2200	1500	25000	
38401	2200	2000	25000	
38401	2200	2500	25000	
38401	2200	3000	25000	
38401	2200	3500	25000	
38401	2200	4000	25000	
38401	2200	4500	25000	
38401	2200	5000	25000	
38401	2200	5500	25000	
38401	2200	6000	25000	
38401	2200	6500	25000	
38401	2200	7000	25000	
38401	2200	7500	25000	
38401	2200	8000	25000	
38401	2200	8500	25000	
38401	2200	9000	25000	
38401	2200	9500	25000	
38401	5000	0	800	
38401	5000	500	12000	
38401	5000	1000	12000	
38401	5000	1500	25000	
38401	5000	2000	25000	
38401	5000	2500	25000	
38401	5000	3000	25000	
38401	5000	3500	25000	
38401	5000	4000	25000	
38401	5000	4500	25000	
38401	5000	5000	25000	
38401	5000	5500	25000	
38401	5000	6000	25000	
38401	5000	6500	25000	
38401	5000	7000	25000	
38401	5000	7500	25000	
38401	5000	8000	25000	
38401	5000	8500	25000	
38401	5000	9000	25000	
38401	5000	9500	25000	
38401	12000	0	12000	
38401	12000	500	12000	
38401	12000	1000	12000	
38401	12000	1500	25000	
38401	12000	2000	25000	
38401	12000	2500	25000	
38401	12000	3000	25000	
38401	12000	3500	25000	
38401	12000	4000	25000	
38401	12000	4500	25000	
38401	12000	5000	25000	
38401	12000	5500	25000	
38401	12000	6000	25000	
38401	12000	6500	25000	
38401	12000	7000	25000	
38401	12000	7500	25000	
38401	12000	8000	25000	
38401	12000	8500	25000	
38401	12000	9000	25000	
38401	12000	9500	25000	
38401	25000	0	25000	
38401	25000	500	25000	
38401	25000	1000	25000	
38401	25000	1500	25000	
38401	25000	2000	25000	
38401	25000	2500	25000	
38401	25000	3000	25000	
38401	25000	3500	25000	
38401	25000	4000	25000	
38401	25000	4500	25000	
38401	25000	5000	25000	
38401	25000	5500	25000	
38401	25000	6000	25000	
38401	25000	6500	25000	
38401	25000	7000	25000	
38401	25000	7500	25000	
38401	25000	8000	25000	
38401	25000	8500	25000	
38401	25000	9000	25000	
38401	25000	9500	25000	
38601	200	0	800	
38601	200	500	800	
38601	200	1000	12000	
38601	200	1500	25000	
38601	200	2000	25000	
38601	200	2500	25000	
38601	200	3000	25000	
38601	200	3500	25000	
38601	200	4000	25000	
38601	200	4500	25000	
38601	200	5000	25000	
38601	200	5500	25000	
38601	200	6000	25000	
38601	200	6500	25000	
38601	200	7000	25000	
38601	200	7500	25000	
38601	200	8000	25000	
38601	200	8500	25000	
38601	200	9000	25000	
38601	200	9500	25000	
38601	800	0	800	
38601	800	500	800	
38601	800	1000	12000	
38601	800	1500	25000	
38601	800	2000	25000	
38601	800	2500	25000	
38601	800	3000	25000	
38601	800	3500	25000	
38601	800	4000	25000	
38601	800	4500	25000	
38601	800	5000	25000	
38601	800	5500	25000	
38601	800	6000	25000	
38601	800	6500	25000	
38601	800	7000	25000	
38601	800	7500	25000	
38601	800	8000	25000	
38601	800	8500	25000	
38601	800	9000	25000	
38601	800	9500	25000	
38601	2200	0	800	
38601	2200	500	12000	
38601	2200	1000	12000	
38601	2200	1500	25000	
38601	2200	2000	25000	
38601	2200	2500	25000	
38601	2200	3000	25000	
38601	2200	3500	25000	
38601	2200	4000	25000	
38601	2200	4500	25000	
38601	2200	5000	25000	
38601	2200	5500	25000	
38601	2200	6000	25000	
38601	2200	6500	25000	
38601	2200	7000	25000	
38601	2200	7500	25000	
38601	2200	8000	25000	
38601	2200	8500	25000	
38601	2200	9000	25000	
38601	2200	9500	25000	
38601	5000	0	800	
38601	5000	500	12000	
38601	5000	1000	12000	
38601	5000	1500	25000	
38601	5000	2000	25000	
38601	5000	2500	25000	
38601	5000	3000	25000	
38601	5000	3500	25000	
38601	5000	4000	25000	
38601	5000	4500	25000	
38601	5000	5000	25000	
38601	5000	5500	25000	
38601	5000	6000	25000	
38601	5000	6500	25000	
38601	5000	7000	25000	
38601	5000	7500	25000	
38601	5000	8000	25000	
38601	5000	8500	25000	
38601	5000	9000	25000	
38601	5000	9500	25000	
38601	12000	0	12000	
38601	12000	500	12000	
38601	12000	1000	12000	
38601	12000	1500	25000	
38601	12000	2000	25000	
38601	12000	2500	25000	
38601	12000	3000	25000	
38601	12000	3500	25000	
38601	12000	4000	25000	
38601	12000	4500	25000	
38601	12000	5000	25000	
38601	12000	5500	25000	
38601	12000	6000	25000	
38601	12000	6500	25000	
38601	12000	7000	25000	
38601	12000	7500	25000	
38601	12000	8000	25000	
38601	12000	8500	25000	
38601	12000	9000	25000	
38601	12000	9500	25000	
38601	25000	0	25000	
38601	25000	500	25000	
38601	25000	1000	25000	
38601	25000	1500	25000	
38601	25000	2000	25000	
38601	25000	2500	25000	
38601	25000	3000	25000	
38601	25000	3500	25000	
38601	25000	4000	25000	
38601	25000	4500	25000	
38601	25000	5000	25000	
38601	25000	5500	25000	
38601	25000	6000	25000	
38601	25000	6500	25000	
38601	25000	7000	25000	
38601	25000	7500	25000	
38601	25000	8000	25000	
38601	25000	8500	25000	
38601	25000	9000	25000	
38601	25000	9500	25000	
38801	200	0	800	
38801	200	500	800	
38801	200	1000	12000	
38801	200	1500	25000	
38801	200	2000	25000	
38801	200	2500	25000	
38801	200	3000	25000	
38801	200	3500	25000	
38801	200	4000	25000	
38801	200	4500	25000	
38801	200	5000	25000	
38801	200	5500	25000	
38801	200	6000	25000	
38801	200	6500	25000	
38801	200	7000	25000	
38801	200	7500	25000	
38801	200	8000	25000	
38801	200	8500	25000	
38801	200	9000	25000	
38801	200	9500	25000	
38801	800	0	800	
38801	800	500	800	
38801	800	1000	12000	
38801	800	1500	25000	
38801	800	2000	25000	
38801	800	2500	25000	
38801	800	3000	25000	
38801	800	3500	25000	
38801	800	4000	25000	
38801	800	4500	25000	
38801	800	5000	25000	
38801	800	5500	25000	
38801	800	6000	25000	
38801	800	6500	25000	
38801	800	7000	25000	
38801	800	7500	25000	
38801	800	8000	25000	
38801	800	8500	25000	
38801	800	9000	25000	
38801	800	9500	25000	
38801	2200	0	800	
38801	2200	500	12000	
38801	2200	1000	12000	
38801	2200	1500	25000	
38801	2200	2000	25000	
38801	2200	2500	25000	
38801	2200	3000	25000	
38801	2200	3500	25000	
38801	2200	4000	25000	
38801	2200	4500	25000	
38801	2200	5000	25000	
38801	2200	5500	25000	
38801	2200	6000	25000	
38801	2200	6500	25000	
38801	2200	7000	25000	
38801	2200	7500	25000	
38801	2200	8000	25000	
38801	2200	8500	25000	
38801	2200	9000	25000	
38801	2200	9500	25000	
38801	5000	0	800	
38801	5000	500	12000	
38801	5000	1000	12000	
38801	5000	1500	25000	
38801	5000	2000	25000	
38801	5000	2500	25000	
38801	5000	3000	25000	
38801	5000	3500	25000	
38801	5000	4000	25000	
38801	5000	4500	25000	
38801	5000	5000	25000	
38801	5000	5500	25000	
38801	5000	6000	25000	
38801	5000	6500	25000	
38801	5000	7000	25000	
38801	5000	7500	25000	
38801	5000	8000	25000	
38801	5000	8500	25000	
38801	5000	9000	25000	
38801	5000	9500	25000	
38801	12000	0	12000	
38801	12000	500	12000	
38801	12000	1000	12000	
38801	12000	1500	25000	
38801	12000	2000	25000	
38801	12000	2500	25000	
38801	12000	3000	25000	
38801	12000	3500	25000	
38801	12000	4000	25000	
38801	12000	4500	25000	
38801	12000	5000	25000	
38801	12000	5500	25000	
38801	12000	6000	25000	
38801	12000	6500	25000	
38801	12000	7000	25000	
38801	12000	7500	25000	
38801	12000	8000	25000	
38801	12000	8500	25000	
38801	12000	9000	25000	
38801	12000	9500	25000	
38801	25000	0	25000	
38801	25000	500	25000	
38801	25000	1000	25000	
38801	25000	1500	25000	
38801	25000	2000	25000	
38801	25000	2500	25000	
38801	25000	3000	25000	
38801	25000	3500	25000	
38801	25000	4000	25000	
38801	25000	4500	25000	
38801	25000	5000	25000	
38801	25000	5500	25000	
38801	25000	6000	25000	
38801	25000	6500	25000	
38801	25000	7000	25000	
38801	25000	7500	25000	
38801	25000	8000	25000	
38801	25000	8500	25000	
38801	25000	9000	25000	
38801	25000	9500	25000	
39001	200	0	800	
39001	200	500	800	
39001	200	1000	12000	
39001	200	1500	25000	
39001	200	2000	25000	
39001	200	2500	25000	
39001	200	3000	25000	
39001	200	3500	25000	
39001	200	4000	25000	
39001	200	4500	25000	
39001	200	5000	25000	
39001	200	5500	25000	
39001	200	6000	25000	
39001	200	6500	25000	
39001	200	7000	25000	
39001	200	7500	25000	
39001	200	8000	25000	
39001	200	8500	25000	
39001	200	9000	25000	
39001	200	9500	25000	
39001	800	0	800	
39001	800	500	800	
39001	800	1000	12000	
39001	800	1500	25000	
39001	800	2000	25000	
39001	800	2500	25000	
39001	800	3000	25000	
39001	800	3500	25000	
39001	800	4000	25000	
39001	800	4500	25000	
39001	800	5000	25000	
39001	800	5500	25000	
39001	800	6000	25000	
39001	800	6500	25000	
39001	800	7000	25000	
39001	800	7500	25000	
39001	800	8000	25000	
39001	800	8500	25000	
39001	800	9000	25000	
39001	800	9500	25000	
39001	2200	0	800	
39001	2200	500	12000	
39001	2200	1000	12000	
39001	2200	1500	25000	
39001	2200	2000	25000	
39001	2200	2500	25000	
39001	2200	3000	25000	
39001	2200	3500	25000	
39001	2200	4000	25000	
39001	2200	4500	25000	
39001	2200	5000	25000	
39001	2200	5500	25000	
39001	2200	6000	25000	
39001	2200	6500	25000	
39001	2200	7000	25000	
39001	2200	7500	25000	
39001	2200	8000	25000	
39001	2200	8500	25000	
39001	2200	9000	25000	
39001	2200	9500	25000	
39001	5000	0	800	
39001	5000	500	12000	
39001	5000	1000	12000	
39001	5000	1500	25000	
39001	5000	2000	25000	
39001	5000	2500	25000	
39001	5000	3000	25000	
39001	5000	3500	25000	
39001	5000	4000	25000	
39001	5000	4500	25000	
39001	5000	5000	25000	
39001	5000	5500	25000	
39001	5000	6000	25000	
39001	5000	6500	25000	
39001	5000	7000	25000	
39001	5000	7500	25000	
39001	5000	8000	25000	
39001	5000	8500	25000	
39001	5000	9000	25000	
39001	5000	9500	25000	
39001	12000	0	12000	
39001	12000	500	12000	
39001	12000	1000	12000	
39001	12000	1500	25000	
39001	12000	2000	25000	
39001	12000	2500	25000	
39001	12000	3000	25000	
39001	12000	3500	25000	
39001	12000	4000	25000	
39001	12000	4500	25000	
39001	12000	5000	25000	
39001	12000	5500	25000	
39001	12000	6000	25000	
39001	12000	6500	25000	
39001	12000	7000	25000	
39001	12000	7500	25000	
39001	12000	8000	25000	
39001	12000	8500	25000	
39001	12000	9000	25000	
39001	12000	9500	25000	
39001	25000	0	25000	
39001	25000	500	25000	
39001	25000	1000	25000	
39001	25000	1500	25000	
39001	25000	2000	25000	
39001	25000	2500	25000	
39001	25000	3000	25000	
39001	25000	3500	25000	
39001	25000	4000	25000	
39001	25000	4500	25000	
39001	25000	5000	25000	
39001	25000	5500	25000	
39001	25000	6000	25000	
39001	25000	6500	25000	
39001	25000	7000	25000	
39001	25000	7500	25000	
39001	25000	8000	25000	
39001	25000	8500	25000	
39001	25000	9000	25000	
39001	25000	9500	25000	
39201	200	0	800	
39201	200	500	800	
39201	200	1000	12000	
39201	200	1500	25000	
39201	200	2000	25000	
39201	200	2500	25000	
39201	200	3000	25000	
39201	200	3500	25000	
39201	200	4000	25000	
39201	200	4500	25000	
39201	200	5000	25000	
39201	200	5500	25000	
39201	200	6000	25000	
39201	200	6500	25000	
39201	200	7000	25000	
39201	200	7500	25000	
39201	200	8000	25000	
39201	200	8500	25000	
39201	200	9000	25000	
39201	200	9500	25000	
39201	800	0	800	
39201	800	500	800	
39201	800	1000	12000	
39201	800	1500	25000	
39201	800	2000	25000	
39201	800	2500	25000	
39201	800	3000	25000	
39201	800	3500	25000	
39201	800	4000	25000	
39201	800	4500	25000	
39201	800	5000	25000	
39201	800	5500	25000	
39201	800	6000	25000	
39201	800	6500	25000	
39201	800	7000	25000	
39201	800	7500	25000	
39201	800	8000	25000	
39201	800	8500	25000	
39201	800	9000	25000	
39201	800	9500	25000	
39201	2200	0	800	
39201	2200	500	12000	
39201	2200	1000	12000	
39201	2200	1500	25000	
39201	2200	2000	25000	
39201	2200	2500	25000	
39201	2200	3000	25000	
39201	2200	3500	25000	
39201	2200	4000	25000	
39201	2200	4500	25000	
39201	2200	5000	25000	
39201	2200	5500	25000	
39201	2200	6000	25000	
39201	2200	6500	25000	
39201	2200	7000	25000	
39201	2200	7500	25000	
39201	2200	8000	25000	
39201	2200	8500	25000	
39201	2200	9000	25000	
39201	2200	9500	25000	
39201	5000	0	800	
39201	5000	500	12000	
39201	5000	1000	12000	
39201	5000	1500	25000	
39201	5000	2000	25000	
39201	5000	2500	25000	
39201	5000	3000	25000	
39201	5000	3500	25000	
39201	5000	4000	25000	
39201	5000	4500	25000	
39201	5000	5000	25000	
39201	5000	5500	25000	
39201	5000	6000	25000	
39201	5000	6500	25000	
39201	5000	7000	25000	
39201	5000	7500	25000	
39201	5000	8000	25000	
39201	5000	8500	25000	
39201	5000	9000	25000	
39201	5000	9500	25000	
39201	12000	0	12000	
39201	12000	500	12000	
39201	12000	1000	12000	
39201	12000	1500	25000	
39201	12000	2000	25000	
39201	12000	2500	25000	
39201	12000	3000	25000	
39201	12000	3500	25000	
39201	12000	4000	25000	
39201	12000	4500	25000	
39201	12000	5000	25000	
39201	12000	5500	25000	
39201	12000	6000	25000	
39201	12000	6500	25000	
39201	12000	7000	25000	
39201	12000	7500	25000	
39201	12000	8000	25000	
39201	12000	8500	25000	
39201	12000	9000	25000	
39201	12000	9500	25000	
39201	25000	0	25000	
39201	25000	500	25000	
39201	25000	1000	25000	
39201	25000	1500	25000	
39201	25000	2000	25000	
39201	25000	2500	25000	
39201	25000	3000	25000	
39201	25000	3500	25000	
39201	25000	4000	25000	
39201	25000	4500	25000	
39201	25000	5000	25000	
39201	25000	5500	25000	
39201	25000	6000	25000	
39201	25000	6500	25000	
39201	25000	7000	25000	
39201	25000	7500	25000	
39201	25000	8000	25000	
39201	25000	8500	25000	
39201	25000	9000	25000	
39201	25000	9500	25000	
39401	200	0	800	
39401	200	500	800	
39401	200	1000	12000	
39401	200	1500	25000	
39401	200	2000	25000	
39401	200	2500	25000	
39401	200	3000	25000	
39401	200	3500	25000	
39401	200	4000	25000	
39401	200	4500	25000	
39401	200	5000	25000	
39401	200	5500	25000	
39401	200	6000	25000	
39401	200	6500	25000	
39401	200	7000	25000	
39401	200	7500	25000	
39401	200	8000	25000	
39401	200	8500	25000	
39401	200	9000	25000	
39401	200	9500	25000	
39401	800	0	800	
39401	800	500	800	
39401	800	1000	12000	
39401	800	1500	25000	
39401	800	2000	25000	
39401	800	2500	25000	
39401	800	3000	25000	
39401	800	3500	25000	
39401	800	4000	25000	
39401	800	4500	25000	
39401	800	5000	25000	
39401	800	5500	25000	
39401	800	6000	25000	
39401	800	6500	25000	
39401	800	7000	25000	
39401	800	7500	25000	
39401	800	8000	25000	
39401	800	8500	25000	
39401	800	9000	25000	
39401	800	9500	25000	
39401	2200	0	800	
39401	2200	500	12000	
39401	2200	1000	12000	
39401	2200	1500	25000	
39401	2200	2000	25000	
39401	2200	2500	25000	
39401	2200	3000	25000	
39401	2200	3500	25000	
39401	2200	4000	25000	
39401	2200	4500	25000	
39401	2200	5000	25000	
39401	2200	5500	25000	
39401	2200	6000	25000	
39401	2200	6500	25000	
39401	2200	7000	25000	
39401	2200	7500	25000	
39401	2200	8000	25000	
39401	2200	8500	25000	
39401	2200	9000	25000	
39401	2200	9500	25000	
39401	5000	0	800	
39401	5000	500	12000	
39401	5000	1000	12000	
39401	5000	1500	25000	
39401	5000	2000	25000	
39401	5000	2500	25000	
39401	5000	3000	25000	
39401	5000	3500	25000	
39401	5000	4000	25000	
39401	5000	4500	25000	
39401	5000	5000	25000	
39401	5000	5500	25000	
39401	5000	6000	25000	
39401	5000	6500	25000	
39401	5000	7000	25000	
39401	5000	7500	25000	
39401	5000	8000	25000	
39401	5000	8500	25000	
39401	5000	9000	25000	
39401	5000	9500	25000	
39401	12000	0	12000	
39401	12000	500	12000	
39401	12000	1000	12000	
39401	12000	1500	25000	
39401	12000	2000	25000	
39401	12000	2500	25000	
39401	12000	3000	25000	
39401	12000	3500	25000	
39401	12000	4000	25000	
39401	12000	4500	25000	
39401	12000	5000	25000	
39401	12000	5500	25000	
39401	12000	6000	25000	
39401	12000	6500	25000	
39401	12000	7000	25000	
39401	12000	7500	25000	
39401	12000	8000	25000	
39401	12000	8500	25000	
39401	12000	9000	25000	
39401	12000	9500	25000	
39401	25000	0	25000	
39401	25000	500	25000	
39401	25000	1000	25000	
39401	25000	1500	25000	
39401	25000	2000	25000	
39401	25000	2500	25000	
39401	25000	3000	25000	
39401	25000	3500	25000	
39401	25000	4000	25000	
39401	25000	4500	25000	
39401	25000	5000	25000	
39401	25000	5500	25000	
39401	25000	6000	25000	
39401	25000	6500	25000	
39401	25000	7000	25000	
39401	25000	7500	25000	
39401	25000	8000	25000	
39401	25000	8500	25000	
39401	25000	9000	25000	
39401	25000	9500	25000	
39601	200	0	800	
39601	200	500	800	
39601	200	1000	12000	
39601	200	1500	25000	
39601	200	2000	25000	
39601	200	2500	25000	
39601	200	3000	25000	
39601	200	3500	25000	
39601	200	4000	25000	
39601	200	4500	25000	
39601	200	5000	25000	
39601	200	5500	25000	
39601	200	6000	25000	
39601	200	6500	25000	
39601	200	7000	25000	
39601	200	7500	25000	
39601	200	8000	25000	
39601	200	8500	25000	
39601	200	9000	25000	
39601	200	9500	25000	
39601	800	0	800	
39601	800	500	800	
39601	800	1000	12000	
39601	800	1500	25000	
39601	800	2000	25000	
39601	800	2500	25000	
39601	800	3000	25000	
39601	800	3500	25000	
39601	800	4000	25000	
39601	800	4500	25000	
39601	800	5000	25000	
39601	800	5500	25000	
39601	800	6000	25000	
39601	800	6500	25000	
39601	800	7000	25000	
39601	800	7500	25000	
39601	800	8000	25000	
39601	800	8500	25000	
39601	800	9000	25000	
39601	800	9500	25000	
39601	2200	0	800	
39601	2200	500	12000	
39601	2200	1000	12000	
39601	2200	1500	25000	
39601	2200	2000	25000	
39601	2200	2500	25000	
39601	2200	3000	25000	
39601	2200	3500	25000	
39601	2200	4000	25000	
39601	2200	4500	25000	
39601	2200	5000	25000	
39601	2200	5500	25000	
39601	2200	6000	25000	
39601	2200	6500	25000	
39601	2200	7000	25000	
39601	2200	7500	25000	
39601	2200	8000	25000	
39601	2200	8500	25000	
39601	2200	9000	25000	
39601	2200	9500	25000	
39601	5000	0	800	
39601	5000	500	12000	
39601	5000	1000	12000	
39601	5000	1500	25000	
39601	5000	2000	25000	
39601	5000	2500	25000	
39601	5000	3000	25000	
39601	5000	3500	25000	
39601	5000	4000	25000	
39601	5000	4500	25000	
39601	5000	5000	25000	
39601	5000	5500	25000	
39601	5000	6000	25000	
39601	5000	6500	25000	
39601	5000	7000	25000	
39601	5000	7500	25000	
39601	5000	8000	25000	
39601	5000	8500	25000	
39601	5000	9000	25000	
39601	5000	9500	25000	
39601	12000	0	12000	
39601	12000	500	12000	
39601	12000	1000	12000	
39601	12000	1500	25000	
39601	12000	2000	25000	
39601	12000	2500	25000	
39601	12000	3000	25000	
39601	12000	3500	25000	
39601	12000	4000	25000	
39601	12000	4500	25000	
39601	12000	5000	25000	
39601	12000	5500	25000	
39601	12000	6000	25000	
39601	12000	6500	25000	
39601	12000	7000	25000	
39601	12000	7500	25000	
39601	12000	8000	25000	
39601	12000	8500	25000	
39601	12000	9000	25000	
39601	12000	9500	25000	
39601	25000	0	25000	
39601	25000	500	25000	
39601	25000	1000	25000	
39601	25000	1500	25000	
39601	25000	2000	25000	
39601	25000	2500	25000	
39601	25000	3000	25000	
39601	25000	3500	25000	
39601	25000	4000	25000	
39601	25000	4500	25000	
39601	25000	5000	25000	
39601	25000	5500	25000	
39601	25000	6000	25000	
39601	25000	6500	25000	
39601	25000	7000	25000	
39601	25000	7500	25000	
39601	25000	8000	25000	
39601	25000	8500	25000	
39601	25000	9000	25000	
39601	25000	9500	25000	
39801	200	0	800	
39801	200	500	800	
39801	200	1000	12000	
39801	200	1500	25000	
39801	200	2000	25000	
39801	200	2500	25000	
39801	200	3000	25000	
39801	200	3500	25000	
39801	200	4000	25000	
39801	200	4500	25000	
39801	200	5000	25000	
39801	200	5500	25000	
39801	200	6000	25000	
39801	200	6500	25000	
39801	200	7000	25000	
39801	200	7500	25000	
39801	200	8000	25000	
39801	200	8500	25000	
39801	200	9000	25000	
39801	200	9500	25000	
39801	800	0	800	
39801	800	500	800	
39801	800	1000	12000	
39801	800	1500	25000	
39801	800	2000	25000	
39801	800	2500	25000	
39801	800	3000	25000	
39801	800	3500	25000	
39801	800	4000	25000	
39801	800	4500	25000	
39801	800	5000	25000	
39801	800	5500	25000	
39801	800	6000	25000	
39801	800	6500	25000	
39801	800	7000	25000	
39801	800	7500	25000	
39801	800	8000	25000	
39801	800	8500	25000	
39801	800	9000	25000	
39801	800	9500	25000	
39801	2200	0	800	
39801	2200	500	12000	
39801	2200	1000	12000	
39801	2200	1500	25000	
39801	2200	2000	25000	
39801	2200	2500	25000	
39801	2200	3000	25000	
39801	2200	3500	25000	
39801	2200	4000	25000	
39801	2200	4500	25000	
39801	2200	5000	25000	
39801	2200	5500	25000	
39801	2200	6000	25000	
39801	2200	6500	25000	
39801	2200	7000	25000	
39801	2200	7500	25000	
39801	2200	8000	25000	
39801	2200	8500	25000	
39801	2200	9000	25000	
39801	2200	9500	25000	
39801	5000	0	800	
39801	5000	500	12000	
39801	5000	1000	12000	
39801	5000	1500	25000	
39801	5000	2000	25000	
39801	5000	2500	25000	
39801	5000	3000	25000	
39801	5000	3500	25000	
39801	5000	4000	25000	
39801	5000	4500	25000	
39801	5000	5000	25000	
39801	5000	5500	25000	
39801	5000	6000	25000	
39801	5000	6500	25000	
39801	5000	7000	25000	
39801	5000	7500	25000	
39801	5000	8000	25000	
39801	5000	8500	25000	
39801	5000	9000	25000	
39801	5000	9500	25000	
39801	12000	0	12000	
39801	12000	500	12000	
39801	12000	1000	12000	
39801	12000	1500	25000	
39801	12000	2000	25000	
39801	12000	2500	25000	
39801	12000	3000	25000	
39801	12000	3500	25000	
39801	12000	4000	25000	
39801	12000	4500	25000	
39801	12000	5000	25000	
39801	12000	5500	25000	
39801	12000	6000	25000	
39801	12000	6500	25000	
39801	12000	7000	25000	
39801	12000	7500	25000	
39801	12000	8000	25000	
39801	12000	8500	25000	
39801	12000	9000	25000	
39801	12000	9500	25000	
39801	25000	0	25000	
39801	25000	500	25000	
39801	25000	1000	25000	
39801	25000	1500	25000	
39801	25000	2000	25000	
39801	25000	2500	25000	
39801	25000	3000	25000	
39801	25000	3500	25000	
39801	25000	4000	25000	
39801	25000	4500	25000	
39801	25000	5000	25000	
39801	25000	5500	25000	
39801	25000	6000	25000	
39801	25000	6500	25000	
39801	25000	7000	25000	
39801	25000	7500	25000	
39801	25000	8000	25000	
39801	25000	8500	25000	
39801	25000	9000	25000	
39801	25000	9500	25000	
40001	200	0	800	
40001	200	500	800	
40001	200	1000	12000	
40001	200	1500	25000	
40001	200	2000	25000	
40001	200	2500	25000	
40001	200	3000	25000	
40001	200	3500	25000	
40001	200	4000	25000	
40001	200	4500	25000	
40001	200	5000	25000	
40001	200	5500	25000	
40001	200	6000	25000	
40001	200	6500	25000	
40001	200	7000	25000	
40001	200	7500	25000	
40001	200	8000	25000	
40001	200	8500	25000	
40001	200	9000	25000	
40001	200	9500	25000	
40001	800	0	800	
40001	800	500	800	
40001	800	1000	12000	
40001	800	1500	25000	
40001	800	2000	25000	
40001	800	2500	25000	
40001	800	3000	25000	
40001	800	3500	25000	
40001	800	4000	25000	
40001	800	4500	25000	
40001	800	5000	25000	
40001	800	5500	25000	
40001	800	6000	25000	
40001	800	6500	25000	
40001	800	7000	25000	
40001	800	7500	25000	
40001	800	8000	25000	
40001	800	8500	25000	
40001	800	9000	25000	
40001	800	9500	25000	
40001	2200	0	800	
40001	2200	500	12000	
40001	2200	1000	12000	
40001	2200	1500	25000	
40001	2200	2000	25000	
40001	2200	2500	25000	
40001	2200	3000	25000	
40001	2200	3500	25000	
40001	2200	4000	25000	
40001	2200	4500	25000	
40001	2200	5000	25000	
40001	2200	5500	25000	
40001	2200	6000	25000	
40001	2200	6500	25000	
40001	2200	7000	25000	
40001	2200	7500	25000	
40001	2200	8000	25000	
40001	2200	8500	25000	
40001	2200	9000	25000	
40001	2200	9500	25000	
40001	5000	0	800	
40001	5000	500	12000	
40001	5000	1000	12000	
40001	5000	1500	25000	
40001	5000	2000	25000	
40001	5000	2500	25000	
40001	5000	3000	25000	
40001	5000	3500	25000	
40001	5000	4000	25000	
40001	5000	4500	25000	
40001	5000	5000	25000	
40001	5000	5500	25000	
40001	5000	6000	25000	
40001	5000	6500	25000	
40001	5000	7000	25000	
40001	5000	7500	25000	
40001	5000	8000	25000	
40001	5000	8500	25000	
40001	5000	9000	25000	
40001	5000	9500	25000	
40001	12000	0	12000	
40001	12000	500	12000	
40001	12000	1000	12000	
40001	12000	1500	25000	
40001	12000	2000	25000	
40001	12000	2500	25000	
40001	12000	3000	25000	
40001	12000	3500	25000	
40001	12000	4000	25000	
40001	12000	4500	25000	
40001	12000	5000	25000	
40001	12000	5500	25000	
40001	12000	6000	25000	
40001	12000	6500	25000	
40001	12000	7000	25000	
40001	12000	7500	25000	
40001	12000	8000	25000	
40001	12000	8500	25000	
40001	12000	9000	25000	
40001	12000	9500	25000	
40001	25000	0	25000	
40001	25000	500	25000	
40001	25000	1000	25000	
40001	25000	1500	25000	
40001	25000	2000	25000	
40001	25000	2500	25000	
40001	25000	3000	25000	
40001	25000	3500	25000	
40001	25000	4000	25000	
40001	25000	4500	25000	
40001	25000	5000	25000	
40001	25000	5500	25000	
40001	25000	6000	25000	
40001	25000	6500	25000	
40001	25000	7000	25000	
40001	25000	7500	25000	
40001	25000	8000	25000	
40001	25000	8500	25000	
40001	25000	9000	25000	
40001	25000	9500	25000	
40201	200	0	800	
40201	200	500	800	
40201	200	1000	12000	
40201	200	1500	25000	
40201	200	2000	25000	
40201	200	2500	25000	
40201	200	3000	25000	
40201	200	3500	25000	
40201	200	4000	25000	
40201	200	4500	25000	
40201	200	5000	25000	
40201	200	5500	25000	
40201	200	6000	25000	
40201	200	6500	25000	
40201	200	7000	25000	
40201	200	7500	25000	
40201	200	8000	25000	
40201	200	8500	25000	
40201	200	9000	25000	
40201	200	9500	25000	
40201	800	0	800	
40201	800	500	800	
40201	800	1000	12000	
40201	800	1500	25000	
40201	800	2000	25000	
40201	800	2500	25000	
40201	800	3000	25000	
40201	800	3500	25000	
40201	800	4000	25000	
40201	800	4500	25000	
40201	800	5000	25000	
40201	800	5500	25000	
40201	800	6000	25000	
40201	800	6500	25000	
40201	800	7000	25000	
40201	800	7500	25000	
40201	800	8000	25000	
40201	800	8500	25000	
40201	800	9000	25000	
40201	800	9500	25000	
40201	2200	0	800	
40201	2200	500	12000	
40201	2200	1000	12000	
40201	2200	1500	25000	
40201	2200	2000	25000	
40201	2200	2500	25000	
40201	2200	3000	25000	
40201	2200	3500	25000	
40201	2200	4000	25000	
40201	2200	4500	25000	
40201	2200	5000	25000	
40201	2200	5500	25000	
40201	2200	6000	25000	
40201	2200	6500	25000	
40201	2200	7000	25000	
40201	2200	7500	25000	
40201	2200	8000	25000	
40201	2200	8500	25000	
40201	2200	9000	25000	
40201	2200	9500	25000	
40201	5000	0	800	
40201	5000	500	12000	
40201	5000	1000	12000	
40201	5000	1500	25000	
40201	5000	2000	25000	
40201	5000	2500	25000	
40201	5000	3000	25000	
40201	5000	3500	25000	
40201	5000	4000	25000	
40201	5000	4500	25000	
40201	5000	5000	25000	
40201	5000	5500	25000	
40201	5000	6000	25000	
40201	5000	6500	25000	
40201	5000	7000	25000	
40201	5000	7500	25000	
40201	5000	8000	25000	
40201	5000	8500	25000	
40201	5000	9000	25000	
40201	5000	9500	25000	
40201	12000	0	12000	
40201	12000	500	12000	
40201	12000	1000	12000	
40201	12000	1500	25000	
40201	12000	2000	25000	
40201	12000	2500	25000	
40201	12000	3000	25000	
40201	12000	3500	25000	
40201	12000	4000	25000	
40201	12000	4500	25000	
40201	12000	5000	25000	
40201	12000	5500	25000	
40201	12000	6000	25000	
40201	12000	6500	25000	
40201	12000	7000	25000	
40201	12000	7500	25000	
40201	12000	8000	25000	
40201	12000	8500	25000	
40201	12000	9000	25000	
40201	12000	9500	25000	
40201	25000	0	25000	
40201	25000	500	25000	
40201	25000	1000	25000	
40201	25000	1500	25000	
40201	25000	2000	25000	
40201	25000	2500	25000	
40201	25000	3000	25000	
40201	25000	3500	25000	
40201	25000	4000	25000	
40201	25000	4500	25000	
40201	25000	5000	25000	
40201	25000	5500	25000	
40201	25000	6000	25000	
40201	25000	6500	25000	
40201	25000	7000	25000	
40201	25000	7500	25000	
40201	25000	8000	25000	
40201	25000	8500	25000	
40201	25000	9000	25000	
40201	25000	9500	25000	
40401	200	0	800	
40401	200	500	800	
40401	200	1000	12000	
40401	200	1500	25000	
40401	200	2000	25000	
40401	200	2500	25000	
40401	200	3000	25000	
40401	200	3500	25000	
40401	200	4000	25000	
40401	200	4500	25000	
40401	200	5000	25000	
40401	200	5500	25000	
40401	200	6000	25000	
40401	200	6500	25000	
40401	200	7000	25000	
40401	200	7500	25000	
40401	200	8000	25000	
40401	200	8500	25000	
40401	200	9000	25000	
40401	200	9500	25000	
40401	800	0	800	
40401	800	500	800	
40401	800	1000	12000	
40401	800	1500	25000	
40401	800	2000	25000	
40401	800	2500	25000	
40401	800	3000	25000	
40401	800	3500	25000	
40401	800	4000	25000	
40401	800	4500	25000	
40401	800	5000	25000	
40401	800	5500	25000	
40401	800	6000	25000	
40401	800	6500	25000	
40401	800	7000	25000	
40401	800	7500	25000	
40401	800	8000	25000	
40401	800	8500	25000	
40401	800	9000	25000	
40401	800	9500	25000	
40401	2200	0	800	
40401	2200	500	12000	
40401	2200	1000	12000	
40401	2200	1500	25000	
40401	2200	2000	25000	
40401	2200	2500	25000	
40401	2200	3000	25000	
40401	2200	3500	25000	
40401	2200	4000	25000	
40401	2200	4500	25000	
40401	2200	5000	25000	
40401	2200	5500	25000	
40401	2200	6000	25000	
40401	2200	6500	25000	
40401	2200	7000	25000	
40401	2200	7500	25000	
40401	2200	8000	25000	
40401	2200	8500	25000	
40401	2200	9000	25000	
40401	2200	9500	25000	
40401	5000	0	800	
40401	5000	500	12000	
40401	5000	1000	12000	
40401	5000	1500	25000	
40401	5000	2000	25000	
40401	5000	2500	25000	
40401	5000	3000	25000	
40401	5000	3500	25000	
40401	5000	4000	25000	
40401	5000	4500	25000	
40401	5000	5000	25000	
40401	5000	5500	25000	
40401	5000	6000	25000	
40401	5000	6500	25000	
40401	5000	7000	25000	
40401	5000	7500	25000	
40401	5000	8000	25000	
40401	5000	8500	25000	
40401	5000	9000	25000	
40401	5000	9500	25000	
40401	12000	0	12000	
40401	12000	500	12000	
40401	12000	1000	12000	
40401	12000	1500	25000	
40401	12000	2000	25000	
40401	12000	2500	25000	
40401	12000	3000	25000	
40401	12000	3500	25000	
40401	12000	4000	25000	
40401	12000	4500	25000	
40401	12000	5000	25000	
40401	12000	5500	25000	
40401	12000	6000	25000	
40401	12000	6500	25000	
40401	12000	7000	25000	
40401	12000	7500	25000	
40401	12000	8000	25000	
40401	12000	8500	25000	
40401	12000	9000	25000	
40401	12000	9500	25000	
40401	25000	0	25000	
40401	25000	500	25000	
40401	25000	1000	25000	
40401	25000	1500	25000	
40401	25000	2000	25000	
40401	25000	2500	25000	
40401	25000	3000	25000	
40401	25000	3500	25000	
40401	25000	4000	25000	
40401	25000	4500	25000	
40401	25000	5000	25000	
40401	25000	5500	25000	
40401	25000	6000	25000	
40401	25000	6500	25000	
40401	25000	7000	25000	
40401	25000	7500	25000	
40401	25000	8000	25000	
40401	25000	8500	25000	
40401	25000	9000	25000	
40401	25000	9500	25000	
40601	200	0	800	
40601	200	500	800	
40601	200	1000	12000	
40601	200	1500	25000	
40601	200	2000	25000	
40601	200	2500	25000	
40601	200	3000	25000	
40601	200	3500	25000	
40601	200	4000	25000	
40601	200	4500	25000	
40601	200	5000	25000	
40601	200	5500	25000	
40601	200	6000	25000	
40601	200	6500	25000	
40601	200	7000	25000	
40601	200	7500	25000	
40601	200	8000	25000	
40601	200	8500	25000	
40601	200	9000	25000	
40601	200	9500	25000	
40601	800	0	800	
40601	800	500	800	
40601	800	1000	12000	
40601	800	1500	25000	
40601	800	2000	25000	
40601	800	2500	25000	
40601	800	3000	25000	
40601	800	3500	25000	
40601	800	4000	25000	
40601	800	4500	25000	
40601	800	5000	25000	
40601	800	5500	25000	
40601	800	6000	25000	
40601	800	6500	25000	
40601	800	7000	25000	
40601	800	7500	25000	
40601	800	8000	25000	
40601	800	8500	25000	
40601	800	9000	25000	
40601	800	9500	25000	
40601	2200	0	800	
40601	2200	500	12000	
40601	2200	1000	12000	
40601	2200	1500	25000	
40601	2200	2000	25000	
40601	2200	2500	25000	
40601	2200	3000	25000	
40601	2200	3500	25000	
40601	2200	4000	25000	
40601	2200	4500	25000	
40601	2200	5000	25000	
40601	2200	5500	25000	
40601	2200	6000	25000	
40601	2200	6500	25000	
40601	2200	7000	25000	
40601	2200	7500	25000	
40601	2200	8000	25000	
40601	2200	8500	25000	
40601	2200	9000	25000	
40601	2200	9500	25000	
40601	5000	0	800	
40601	5000	500	12000	
40601	5000	1000	12000	
40601	5000	1500	25000	
40601	5000	2000	25000	
40601	5000	2500	25000	
40601	5000	3000	25000	
40601	5000	3500	25000	
40601	5000	4000	25000	
40601	5000	4500	25000	
40601	5000	5000	25000	
40601	5000	5500	25000	
40601	5000	6000	25000	
40601	5000	6500	25000	
40601	5000	7000	25000	
40601	5000	7500	25000	
40601	5000	8000	25000	
40601	5000	8500	25000	
40601	5000	9000	25000	
40601	5000	9500	25000	
40601	12000	0	12000	
40601	12000	500	12000	
40601	12000	1000	12000	
40601	12000	1500	25000	
40601	12000	2000	25000	
40601	12000	2500	25000	
40601	12000	3000	25000	
40601	12000	3500	25000	
40601	12000	4000	25000	
40601	12000	4500	25000	
40601	12000	5000	25000	
40601	12000	5500	25000	
40601	12000	6000	25000	
40601	12000	6500	25000	
40601	12000	7000	25000	
40601	12000	7500	25000	
40601	12000	8000	25000	
40601	12000	8500	25000	
40601	12000	9000	25000	
40601	12000	9500	25000	
40601	25000	0	25000	
40601	25000	500	25000	
40601	25000	1000	25000	
40601	25000	1500	25000	
40601	25000	2000	25000	
40601	25000	2500	25000	
40601	25000	3000	25000	
40601	25000	3500	25000	
40601	25000	4000	25000	
40601	25000	4500	25000	
40601	25000	5000	25000	
40601	25000	5500	25000	
40601	25000	6000	25000	
40601	25000	6500	25000	
40601	25000	7000	25000	
40601	25000	7500	25000	
40601	25000	8000	25000	
40601	25000	8500	25000	
40601	25000	9000	25000	
40601	25000	9500	25000	
40801	200	0	800	
40801	200	500	800	
40801	200	1000	12000	
40801	200	1500	25000	
40801	200	2000	25000	
40801	200	2500	25000	
40801	200	3000	25000	
40801	200	3500	25000	
40801	200	4000	25000	
40801	200	4500	25000	
40801	200	5000	25000	
40801	200	5500	25000	
40801	200	6000	25000	
40801	200	6500	25000	
40801	200	7000	25000	
40801	200	7500	25000	
40801	200	8000	25000	
40801	200	8500	25000	
40801	200	9000	25000	
40801	200	9500	25000	
40801	800	0	800	
40801	800	500	800	
40801	800	1000	12000	
40801	800	1500	25000	
40801	800	2000	25000	
40801	800	2500	25000	
40801	800	3000	25000	
40801	800	3500	25000	
40801	800	4000	25000	
40801	800	4500	25000	
40801	800	5000	25000	
40801	800	5500	25000	
40801	800	6000	25000	
40801	800	6500	25000	
40801	800	7000	25000	
40801	800	7500	25000	
40801	800	8000	25000	
40801	800	8500	25000	
40801	800	9000	25000	
40801	800	9500	25000	
40801	2200	0	800	
40801	2200	500	12000	
40801	2200	1000	12000	
40801	2200	1500	25000	
40801	2200	2000	25000	
40801	2200	2500	25000	
40801	2200	3000	25000	
40801	2200	3500	25000	
40801	2200	4000	25000	
40801	2200	4500	25000	
40801	2200	5000	25000	
40801	2200	5500	25000	
40801	2200	6000	25000	
40801	2200	6500	25000	
40801	2200	7000	25000	
40801	2200	7500	25000	
40801	2200	8000	25000	
40801	2200	8500	25000	
40801	2200	9000	25000	
40801	2200	9500	25000	
40801	5000	0	800	
40801	5000	500	12000	
40801	5000	1000	12000	
40801	5000	1500	25000	
40801	5000	2000	25000	
40801	5000	2500	25000	
40801	5000	3000	25000	
40801	5000	3500	25000	
40801	5000	4000	25000	
40801	5000	4500	25000	
40801	5000	5000	25000	
40801	5000	5500	25000	
40801	5000	6000	25000	
40801	5000	6500	25000	
40801	5000	7000	25000	
40801	5000	7500	25000	
40801	5000	8000	25000	
40801	5000	8500	25000	
40801	5000	9000	25000	
40801	5000	9500	25000	
40801	12000	0	12000	
40801	12000	500	12000	
40801	12000	1000	12000	
40801	12000	1500	25000	
40801	12000	2000	25000	
40801	12000	2500	25000	
40801	12000	3000	25000	
40801	12000	3500	25000	
40801	12000	4000	25000	
40801	12000	4500	25000	
40801	12000	5000	25000	
40801	12000	5500	25000	
40801	12000	6000	25000	
40801	12000	6500	25000	
40801	12000	7000	25000	
40801	12000	7500	25000	
40801	12000	8000	25000	
40801	12000	8500	25000	
40801	12000	9000	25000	
40801	12000	9500	25000	
40801	25000	0	25000	
40801	25000	500	25000	
40801	25000	1000	25000	
40801	25000	1500	25000	
40801	25000	2000	25000	
40801	25000	2500	25000	
40801	25000	3000	25000	
40801	25000	3500	25000	
40801	25000	4000	25000	
40801	25000	4500	25000	
40801	25000	5000	25000	
40801	25000	5500	25000	
40801	25000	6000	25000	
40801	25000	6500	25000	
40801	25000	7000	25000	
40801	25000	7500	25000	
40801	25000	8000	25000	
40801	25000	8500	25000	
40801	25000	9000	25000	
40801	25000	9500	25000	
41001	200	0	800	
41001	200	500	800	
41001	200	1000	12000	
41001	200	1500	25000	
41001	200	2000	25000	
41001	200	2500	25000	
41001	200	3000	25000	
41001	200	3500	25000	
41001	200	4000	25000	
41001	200	4500	25000	
41001	200	5000	25000	
41001	200	5500	25000	
41001	200	6000	25000	
41001	200	6500	25000	
41001	200	7000	25000	
41001	200	7500	25000	
41001	200	8000	25000	
41001	200	8500	25000	
41001	200	9000	25000	
41001	200	9500	25000	
41001	800	0	800	
41001	800	500	800	
41001	800	1000	12000	
41001	800	1500	25000	
41001	800	2000	25000	
41001	800	2500	25000	
41001	800	3000	25000	
41001	800	3500	25000	
41001	800	4000	25000	
41001	800	4500	25000	
41001	800	5000	25000	
41001	800	5500	25000	
41001	800	6000	25000	
41001	800	6500	25000	
41001	800	7000	25000	
41001	800	7500	25000	
41001	800	8000	25000	
41001	800	8500	25000	
41001	800	9000	25000	
41001	800	9500	25000	
41001	2200	0	800	
41001	2200	500	12000	
41001	2200	1000	12000	
41001	2200	1500	25000	
41001	2200	2000	25000	
41001	2200	2500	25000	
41001	2200	3000	25000	
41001	2200	3500	25000	
41001	2200	4000	25000	
41001	2200	4500	25000	
41001	2200	5000	25000	
41001	2200	5500	25000	
41001	2200	6000	25000	
41001	2200	6500	25000	
41001	2200	7000	25000	
41001	2200	7500	25000	
41001	2200	8000	25000	
41001	2200	8500	25000	
41001	2200	9000	25000	
41001	2200	9500	25000	
41001	5000	0	800	
41001	5000	500	12000	
41001	5000	1000	12000	
41001	5000	1500	25000	
41001	5000	2000	25000	
41001	5000	2500	25000	
41001	5000	3000	25000	
41001	5000	3500	25000	
41001	5000	4000	25000	
41001	5000	4500	25000	
41001	5000	5000	25000	
41001	5000	5500	25000	
41001	5000	6000	25000	
41001	5000	6500	25000	
41001	5000	7000	25000	
41001	5000	7500	25000	
41001	5000	8000	25000	
41001	5000	8500	25000	
41001	5000	9000	25000	
41001	5000	9500	25000	
41001	12000	0	12000	
41001	12000	500	12000	
41001	12000	1000	12000	
41001	12000	1500	25000	
41001	12000	2000	25000	
41001	12000	2500	25000	
41001	12000	3000	25000	
41001	12000	3500	25000	
41001	12000	4000	25000	
41001	12000	4500	25000	
41001	12000	5000	25000	
41001	12000	5500	25000	
41001	12000	6000	25000	
41001	12000	6500	25000	
41001	12000	7000	25000	
41001	12000	7500	25000	
41001	12000	8000	25000	
41001	12000	8500	25000	
41001	12000	9000	25000	
41001	12000	9500	25000	
41001	25000	0	25000	
41001	25000	500	25000	
41001	25000	1000	25000	
41001	25000	1500	25000	
41001	25000	2000	25000	
41001	25000	2500	25000	
41001	25000	3000	25000	
41001	25000	3500	25000	
41001	25000	4000	25000	
41001	25000	4500	25000	
41001	25000	5000	25000	
41001	25000	5500	25000	
41001	25000	6000	25000	
41001	25000	6500	25000	
41001	25000	7000	25000	
41001	25000	7500	25000	
41001	25000	8000	25000	
41001	25000	8500	25000	
41001	25000	9000	25000	
41001	25000	9500	25000	
41201	200	0	800	
41201	200	500	800	
41201	200	1000	12000	
41201	200	1500	25000	
41201	200	2000	25000	
41201	200	2500	25000	
41201	200	3000	25000	
41201	200	3500	25000	
41201	200	4000	25000	
41201	200	4500	25000	
41201	200	5000	25000	
41201	200	5500	25000	
41201	200	6000	25000	
41201	200	6500	25000	
41201	200	7000	25000	
41201	200	7500	25000	
41201	200	8000	25000	
41201	200	8500	25000	
41201	200	9000	25000	
41201	200	9500	25000	
41201	800	0	800	
41201	800	500	800	
41201	800	1000	12000	
41201	800	1500	25000	
41201	800	2000	25000	
41201	800	2500	25000	
41201	800	3000	25000	
41201	800	3500	25000	
41201	800	4000	25000	
41201	800	4500	25000	
41201	800	5000	25000	
41201	800	5500	25000	
41201	800	6000	25000	
41201	800	6500	25000	
41201	800	7000	25000	
41201	800	7500	25000	
41201	800	8000	25000	
41201	800	8500	25000	
41201	800	9000	25000	
41201	800	9500	25000	
41201	2200	0	800	
41201	2200	500	12000	
41201	2200	1000	12000	
41201	2200	1500	25000	
41201	2200	2000	25000	
41201	2200	2500	25000	
41201	2200	3000	25000	
41201	2200	3500	25000	
41201	2200	4000	25000	
41201	2200	4500	25000	
41201	2200	5000	25000	
41201	2200	5500	25000	
41201	2200	6000	25000	
41201	2200	6500	25000	
41201	2200	7000	25000	
41201	2200	7500	25000	
41201	2200	8000	25000	
41201	2200	8500	25000	
41201	2200	9000	25000	
41201	2200	9500	25000	
41201	5000	0	800	
41201	5000	500	12000	
41201	5000	1000	12000	
41201	5000	1500	25000	
41201	5000	2000	25000	
41201	5000	2500	25000	
41201	5000	3000	25000	
41201	5000	3500	25000	
41201	5000	4000	25000	
41201	5000	4500	25000	
41201	5000	5000	25000	
41201	5000	5500	25000	
41201	5000	6000	25000	
41201	5000	6500	25000	
41201	5000	7000	25000	
41201	5000	7500	25000	
41201	5000	8000	25000	
41201	5000	8500	25000	
41201	5000	9000	25000	
41201	5000	9500	25000	
41201	12000	0	12000	
41201	12000	500	12000	
41201	12000	1000	12000	
41201	12000	1500	25000	
41201	12000	2000	25000	
41201	12000	2500	25000	
41201	12000	3000	25000	
41201	12000	3500	25000	
41201	12000	4000	25000	
41201	12000	4500	25000	
41201	12000	5000	25000	
41201	12000	5500	25000	
41201	12000	6000	25000	
41201	12000	6500	25000	
41201	12000	7000	25000	
41201	12000	7500	25000	
41201	12000	8000	25000	
41201	12000	8500	25000	
41201	12000	9000	25000	
41201	12000	9500	25000	
41201	25000	0	25000	
41201	25000	500	25000	
41201	25000	1000	25000	
41201	25000	1500	25000	
41201	25000	2000	25000	
41201	25000	2500	25000	
41201	25000	3000	25000	
41201	25000	3500	25000	
41201	25000	4000	25000	
41201	25000	4500	25000	
41201	25000	5000	25000	
41201	25000	5500	25000	
41201	25000	6000	25000	
41201	25000	6500	25000	
41201	25000	7000	25000	
41201	25000	7500	25000	
41201	25000	8000	25000	
41201	25000	8500	25000	
41201	25000	9000	25000	
41201	25000	9500	25000	
41401	200	0	800	
41401	200	500	800	
41401	200	1000	12000	
41401	200	1500	25000	
41401	200	2000	25000	
41401	200	2500	25000	
41401	200	3000	25000	
41401	200	3500	25000	
41401	200	4000	25000	
41401	200	4500	25000	
41401	200	5000	25000	
41401	200	5500	25000	
41401	200	6000	25000	
41401	200	6500	25000	
41401	200	7000	25000	
41401	200	7500	25000	
41401	200	8000	25000	
41401	200	8500	25000	
41401	200	9000	25000	
41401	200	9500	25000	
41401	800	0	800	
41401	800	500	800	
41401	800	1000	12000	
41401	800	1500	25000	
41401	800	2000	25000	
41401	800	2500	25000	
41401	800	3000	25000	
41401	800	3500	25000	
41401	800	4000	25000	
41401	800	4500	25000	
41401	800	5000	25000	
41401	800	5500	25000	
41401	800	6000	25000	
41401	800	6500	25000	
41401	800	7000	25000	
41401	800	7500	25000	
41401	800	8000	25000	
41401	800	8500	25000	
41401	800	9000	25000	
41401	800	9500	25000	
41401	2200	0	800	
41401	2200	500	12000	
41401	2200	1000	12000	
41401	2200	1500	25000	
41401	2200	2000	25000	
41401	2200	2500	25000	
41401	2200	3000	25000	
41401	2200	3500	25000	
41401	2200	4000	25000	
41401	2200	4500	25000	
41401	2200	5000	25000	
41401	2200	5500	25000	
41401	2200	6000	25000	
41401	2200	6500	25000	
41401	2200	7000	25000	
41401	2200	7500	25000	
41401	2200	8000	25000	
41401	2200	8500	25000	
41401	2200	9000	25000	
41401	2200	9500	25000	
41401	5000	0	800	
41401	5000	500	12000	
41401	5000	1000	12000	
41401	5000	1500	25000	
41401	5000	2000	25000	
41401	5000	2500	25000	
41401	5000	3000	25000	
41401	5000	3500	25000	
41401	5000	4000	25000	
41401	5000	4500	25000	
41401	5000	5000	25000	
41401	5000	5500	25000	
41401	5000	6000	25000	
41401	5000	6500	25000	
41401	5000	7000	25000	
41401	5000	7500	25000	
41401	5000	8000	25000	
41401	5000	8500	25000	
41401	5000	9000	25000	
41401	5000	9500	25000	
41401	12000	0	12000	
41401	12000	500	12000	
41401	12000	1000	12000	
41401	12000	1500	25000	
41401	12000	2000	25000	
41401	12000	2500	25000	
41401	12000	3000	25000	
41401	12000	3500	25000	
41401	12000	4000	25000	
41401	12000	4500	25000	
41401	12000	5000	25000	
41401	12000	5500	25000	
41401	12000	6000	25000	
41401	12000	6500	25000	
41401	12000	7000	25000	
41401	12000	7500	25000	
41401	12000	8000	25000	
41401	12000	8500	25000	
41401	12000	9000	25000	
41401	12000	9500	25000	
41401	25000	0	25000	
41401	25000	500	25000	
41401	25000	1000	25000	
41401	25000	1500	25000	
41401	25000	2000	25000	
41401	25000	2500	25000	
41401	25000	3000	25000	
41401	25000	3500	25000	
41401	25000	4000	25000	
41401	25000	4500	25000	
41401	25000	5000	25000	
41401	25000	5500	25000	
41401	25000	6000	25000	
41401	25000	6500	25000	
41401	25000	7000	25000	
41401	25000	7500	25000	
41401	25000	8000	25000	
41401	25000	8500	25000	
41401	25000	9000	25000	
41401	25000	9500	25000	
41601	200	0	800	
41601	200	500	800	
41601	200	1000	12000	
41601	200	1500	25000	
41601	200	2000	25000	
41601	200	2500	25000	
41601	200	3000	25000	
41601	200	3500	25000	
41601	200	4000	25000	
41601	200	4500	25000	
41601	200	5000	25000	
41601	200	5500	25000	
41601	200	6000	25000	
41601	200	6500	25000	
41601	200	7000	25000	
41601	200	7500	25000	
41601	200	8000	25000	
41601	200	8500	25000	
41601	200	9000	25000	
41601	200	9500	25000	
41601	800	0	800	
41601	800	500	800	
41601	800	1000	12000	
41601	800	1500	25000	
41601	800	2000	25000	
41601	800	2500	25000	
41601	800	3000	25000	
41601	800	3500	25000	
41601	800	4000	25000	
41601	800	4500	25000	
41601	800	5000	25000	
41601	800	5500	25000	
41601	800	6000	25000	
41601	800	6500	25000	
41601	800	7000	25000	
41601	800	7500	25000	
41601	800	8000	25000	
41601	800	8500	25000	
41601	800	9000	25000	
41601	800	9500	25000	
41601	2200	0	800	
41601	2200	500	12000	
41601	2200	1000	12000	
41601	2200	1500	25000	
41601	2200	2000	25000	
41601	2200	2500	25000	
41601	2200	3000	25000	
41601	2200	3500	25000	
41601	2200	4000	25000	
41601	2200	4500	25000	
41601	2200	5000	25000	
41601	2200	5500	25000	
41601	2200	6000	25000	
41601	2200	6500	25000	
41601	2200	7000	25000	
41601	2200	7500	25000	
41601	2200	8000	25000	
41601	2200	8500	25000	
41601	2200	9000	25000	
41601	2200	9500	25000	
41601	5000	0	800	
41601	5000	500	12000	
41601	5000	1000	12000	
41601	5000	1500	25000	
41601	5000	2000	25000	
41601	5000	2500	25000	
41601	5000	3000	25000	
41601	5000	3500	25000	
41601	5000	4000	25000	
41601	5000	4500	25000	
41601	5000	5000	25000	
41601	5000	5500	25000	
41601	5000	6000	25000	
41601	5000	6500	25000	
41601	5000	7000	25000	
41601	5000	7500	25000	
41601	5000	8000	25000	
41601	5000	8500	25000	
41601	5000	9000	25000	
41601	5000	9500	25000	
41601	12000	0	12000	
41601	12000	500	12000	
41601	12000	1000	12000	
41601	12000	1500	25000	
41601	12000	2000	25000	
41601	12000	2500	25000	
41601	12000	3000	25000	
41601	12000	3500	25000	
41601	12000	4000	25000	
41601	12000	4500	25000	
41601	12000	5000	25000	
41601	12000	5500	25000	
41601	12000	6000	25000	
41601	12000	6500	25000	
41601	12000	7000	25000	
41601	12000	7500	25000	
41601	12000	8000	25000	
41601	12000	8500	25000	
41601	12000	9000	25000	
41601	12000	9500	25000	
41601	25000	0	25000	
41601	25000	500	25000	
41601	25000	1000	25000	
41601	25000	1500	25000	
41601	25000	2000	25000	
41601	25000	2500	25000	
41601	25000	3000	25000	
41601	25000	3500	25000	
41601	25000	4000	25000	
41601	25000	4500	25000	
41601	25000	5000	25000	
41601	25000	5500	25000	
41601	25000	6000	25000	
41601	25000	6500	25000	
41601	25000	7000	25000	
41601	25000	7500	25000	
41601	25000	8000	25000	
41601	25000	8500	25000	
41601	25000	9000	25000	
41601	25000	9500	25000	
41801	200	0	800	
41801	200	500	800	
41801	200	1000	12000	
41801	200	1500	25000	
41801	200	2000	25000	
41801	200	2500	25000	
41801	200	3000	25000	
41801	200	3500	25000	
41801	200	4000	25000	
41801	200	4500	25000	
41801	200	5000	25000	
41801	200	5500	25000	
41801	200	6000	25000	
41801	200	6500	25000	
41801	200	7000	25000	
41801	200	7500	25000	
41801	200	8000	25000	
41801	200	8500	25000	
41801	200	9000	25000	
41801	200	9500	25000	
41801	800	0	800	
41801	800	500	800	
41801	800	1000	12000	
41801	800	1500	25000	
41801	800	2000	25000	
41801	800	2500	25000	
41801	800	3000	25000	
41801	800	3500	25000	
41801	800	4000	25000	
41801	800	4500	25000	
41801	800	5000	25000	
41801	800	5500	25000	
41801	800	6000	25000	
41801	800	6500	25000	
41801	800	7000	25000	
41801	800	7500	25000	
41801	800	8000	25000	
41801	800	8500	25000	
41801	800	9000	25000	
41801	800	9500	25000	
41801	2200	0	800	
41801	2200	500	12000	
41801	2200	1000	12000	
41801	2200	1500	25000	
41801	2200	2000	25000	
41801	2200	2500	25000	
41801	2200	3000	25000	
41801	2200	3500	25000	
41801	2200	4000	25000	
41801	2200	4500	25000	
41801	2200	5000	25000	
41801	2200	5500	25000	
41801	2200	6000	25000	
41801	2200	6500	25000	
41801	2200	7000	25000	
41801	2200	7500	25000	
41801	2200	8000	25000	
41801	2200	8500	25000	
41801	2200	9000	25000	
41801	2200	9500	25000	
41801	5000	0	800	
41801	5000	500	12000	
41801	5000	1000	12000	
41801	5000	1500	25000	
41801	5000	2000	25000	
41801	5000	2500	25000	
41801	5000	3000	25000	
41801	5000	3500	25000	
41801	5000	4000	25000	
41801	5000	4500	25000	
41801	5000	5000	25000	
41801	5000	5500	25000	
41801	5000	6000	25000	
41801	5000	6500	25000	
41801	5000	7000	25000	
41801	5000	7500	25000	
41801	5000	8000	25000	
41801	5000	8500	25000	
41801	5000	9000	25000	
41801	5000	9500	25000	
41801	12000	0	12000	
41801	12000	500	12000	
41801	12000	1000	12000	
41801	12000	1500	25000	
41801	12000	2000	25000	
41801	12000	2500	25000	
41801	12000	3000	25000	
41801	12000	3500	25000	
41801	12000	4000	25000	
41801	12000	4500	25000	
41801	12000	5000	25000	
41801	12000	5500	25000	
41801	12000	6000	25000	
41801	12000	6500	25000	
41801	12000	7000	25000	
41801	12000	7500	25000	
41801	12000	8000	25000	
41801	12000	8500	25000	
41801	12000	9000	25000	
41801	12000	9500	25000	
41801	25000	0	25000	
41801	25000	500	25000	
41801	25000	1000	25000	
41801	25000	1500	25000	
41801	25000	2000	25000	
41801	25000	2500	25000	
41801	25000	3000	25000	
41801	25000	3500	25000	
41801	25000	4000	25000	
41801	25000	4500	25000	
41801	25000	5000	25000	
41801	25000	5500	25000	
41801	25000	6000	25000	
41801	25000	6500	25000	
41801	25000	7000	25000	
41801	25000	7500	25000	
41801	25000	8000	25000	
41801	25000	8500	25000	
41801	25000	9000	25000	
41801	25000	9500	25000	
42001	200	0	800	
42001	200	500	800	
42001	200	1000	12000	
42001	200	1500	25000	
42001	200	2000	25000	
42001	200	2500	25000	
42001	200	3000	25000	
42001	200	3500	25000	
42001	200	4000	25000	
42001	200	4500	25000	
42001	200	5000	25000	
42001	200	5500	25000	
42001	200	6000	25000	
42001	200	6500	25000	
42001	200	7000	25000	
42001	200	7500	25000	
42001	200	8000	25000	
42001	200	8500	25000	
42001	200	9000	25000	
42001	200	9500	25000	
42001	800	0	800	
42001	800	500	800	
42001	800	1000	12000	
42001	800	1500	25000	
42001	800	2000	25000	
42001	800	2500	25000	
42001	800	3000	25000	
42001	800	3500	25000	
42001	800	4000	25000	
42001	800	4500	25000	
42001	800	5000	25000	
42001	800	5500	25000	
42001	800	6000	25000	
42001	800	6500	25000	
42001	800	7000	25000	
42001	800	7500	25000	
42001	800	8000	25000	
42001	800	8500	25000	
42001	800	9000	25000	
42001	800	9500	25000	
42001	2200	0	800	
42001	2200	500	12000	
42001	2200	1000	12000	
42001	2200	1500	25000	
42001	2200	2000	25000	
42001	2200	2500	25000	
42001	2200	3000	25000	
42001	2200	3500	25000	
42001	2200	4000	25000	
42001	2200	4500	25000	
42001	2200	5000	25000	
42001	2200	5500	25000	
42001	2200	6000	25000	
42001	2200	6500	25000	
42001	2200	7000	25000	
42001	2200	7500	25000	
42001	2200	8000	25000	
42001	2200	8500	25000	
42001	2200	9000	25000	
42001	2200	9500	25000	
42001	5000	0	800	
42001	5000	500	12000	
42001	5000	1000	12000	
42001	5000	1500	25000	
42001	5000	2000	25000	
42001	5000	2500	25000	
42001	5000	3000	25000	
42001	5000	3500	25000	
42001	5000	4000	25000	
42001	5000	4500	25000	
42001	5000	5000	25000	
42001	5000	5500	25000	
42001	5000	6000	25000	
42001	5000	6500	25000	
42001	5000	7000	25000	
42001	5000	7500	25000	
42001	5000	8000	25000	
42001	5000	8500	25000	
42001	5000	9000	25000	
42001	5000	9500	25000	
42001	12000	0	12000	
42001	12000	500	12000	
42001	12000	1000	12000	
42001	12000	1500	25000	
42001	12000	2000	25000	
42001	12000	2500	25000	
42001	12000	3000	25000	
42001	12000	3500	25000	
42001	12000	4000	25000	
42001	12000	4500	25000	
42001	12000	5000	25000	
42001	12000	5500	25000	
42001	12000	6000	25000	
42001	12000	6500	25000	
42001	12000	7000	25000	
42001	12000	7500	25000	
42001	12000	8000	25000	
42001	12000	8500	25000	
42001	12000	9000	25000	
42001	12000	9500	25000	
42001	25000	0	25000	
42001	25000	500	25000	
42001	25000	1000	25000	
42001	25000	1500	25000	
42001	25000	2000	25000	
42001	25000	2500	25000	
42001	25000	3000	25000	
42001	25000	3500	25000	
42001	25000	4000	25000	
42001	25000	4500	25000	
42001	25000	5000	25000	
42001	25000	5500	25000	
42001	25000	6000	25000	
42001	25000	6500	25000	
42001	25000	7000	25000	
42001	25000	7500	25000	
42001	25000	8000	25000	
42001	25000	8500	25000	
42001	25000	9000	25000	
42001	25000	9500	25000	
42201	200	0	800	
42201	200	500	800	
42201	200	1000	12000	
42201	200	1500	25000	
42201	200	2000	25000	
42201	200	2500	25000	
42201	200	3000	25000	
42201	200	3500	25000	
42201	200	4000	25000	
42201	200	4500	25000	
42201	200	5000	25000	
42201	200	5500	25000	
42201	200	6000	25000	
42201	200	6500	25000	
42201	200	7000	25000	
42201	200	7500	25000	
42201	200	8000	25000	
42201	200	8500	25000	
42201	200	9000	25000	
42201	200	9500	25000	
42201	800	0	800	
42201	800	500	800	
42201	800	1000	12000	
42201	800	1500	25000	
42201	800	2000	25000	
42201	800	2500	25000	
42201	800	3000	25000	
42201	800	3500	25000	
42201	800	4000	25000	
42201	800	4500	25000	
42201	800	5000	25000	
42201	800	5500	25000	
42201	800	6000	25000	
42201	800	6500	25000	
42201	800	7000	25000	
42201	800	7500	25000	
42201	800	8000	25000	
42201	800	8500	25000	
42201	800	9000	25000	
42201	800	9500	25000	
42201	2200	0	800	
42201	2200	500	12000	
42201	2200	1000	12000	
42201	2200	1500	25000	
42201	2200	2000	25000	
42201	2200	2500	25000	
42201	2200	3000	25000	
42201	2200	3500	25000	
42201	2200	4000	25000	
42201	2200	4500	25000	
42201	2200	5000	25000	
42201	2200	5500	25000	
42201	2200	6000	25000	
42201	2200	6500	25000	
42201	2200	7000	25000	
42201	2200	7500	25000	
42201	2200	8000	25000	
42201	2200	8500	25000	
42201	2200	9000	25000	
42201	2200	9500	25000	
42201	5000	0	800	
42201	5000	500	12000	
42201	5000	1000	12000	
42201	5000	1500	25000	
42201	5000	2000	25000	
42201	5000	2500	25000	
42201	5000	3000	25000	
42201	5000	3500	25000	
42201	5000	4000	25000	
42201	5000	4500	25000	
42201	5000	5000	25000	
42201	5000	5500	25000	
42201	5000	6000	25000	
42201	5000	6500	25000	
42201	5000	7000	25000	
42201	5000	7500	25000	
42201	5000	8000	25000	
42201	5000	8500	25000	
42201	5000	9000	25000	
42201	5000	9500	25000	
42201	12000	0	12000	
42201	12000	500	12000	
42201	12000	1000	12000	
42201	12000	1500	25000	
42201	12000	2000	25000	
42201	12000	2500	25000	
42201	12000	3000	25000	
42201	12000	3500	25000	
42201	12000	4000	25000	
42201	12000	4500	25000	
42201	12000	5000	25000	
42201	12000	5500	25000	
42201	12000	6000	25000	
42201	12000	6500	25000	
42201	12000	7000	25000	
42201	12000	7500	25000	
42201	12000	8000	25000	
42201	12000	8500	25000	
42201	12000	9000	25000	
42201	12000	9500	25000	
42201	25000	0	25000	
42201	25000	500	25000	
42201	25000	1000	25000	
42201	25000	1500	25000	
42201	25000	2000	25000	
42201	25000	2500	25000	
42201	25000	3000	25000	
42201	25000	3500	25000	
42201	25000	4000	25000	
42201	25000	4500	25000	
42201	25000	5000	25000	
42201	25000	5500	25000	
42201	25000	6000	25000	
42201	25000	6500	25000	
42201	25000	7000	25000	
42201	25000	7500	25000	
42201	25000	8000	25000	
42201	25000	8500	25000	
42201	25000	9000	25000	
42201	25000	9500	25000	
42401	200	0	800	
42401	200	500	800	
42401	200	1000	12000	
42401	200	1500	25000	
42401	200	2000	25000	
42401	200	2500	25000	
42401	200	3000	25000	
42401	200	3500	25000	
42401	200	4000	25000	
42401	200	4500	25000	
42401	200	5000	25000	
42401	200	5500	25000	
42401	200	6000	25000	
42401	200	6500	25000	
42401	200	7000	25000	
42401	200	7500	25000	
42401	200	8000	25000	
42401	200	8500	25000	
42401	200	9000	25000	
42401	200	9500	25000	
42401	800	0	800	
42401	800	500	800	
42401	800	1000	12000	
42401	800	1500	25000	
42401	800	2000	25000	
42401	800	2500	25000	
42401	800	3000	25000	
42401	800	3500	25000	
42401	800	4000	25000	
42401	800	4500	25000	
42401	800	5000	25000	
42401	800	5500	25000	
42401	800	6000	25000	
42401	800	6500	25000	
42401	800	7000	25000	
42401	800	7500	25000	
42401	800	8000	25000	
42401	800	8500	25000	
42401	800	9000	25000	
42401	800	9500	25000	
42401	2200	0	800	
42401	2200	500	12000	
42401	2200	1000	12000	
42401	2200	1500	25000	
42401	2200	2000	25000	
42401	2200	2500	25000	
42401	2200	3000	25000	
42401	2200	3500	25000	
42401	2200	4000	25000	
42401	2200	4500	25000	
42401	2200	5000	25000	
42401	2200	5500	25000	
42401	2200	6000	25000	
42401	2200	6500	25000	
42401	2200	7000	25000	
42401	2200	7500	25000	
42401	2200	8000	25000	
42401	2200	8500	25000	
42401	2200	9000	25000	
42401	2200	9500	25000	
42401	5000	0	800	
42401	5000	500	12000	
42401	5000	1000	12000	
42401	5000	1500	25000	
42401	5000	2000	25000	
42401	5000	2500	25000	
42401	5000	3000	25000	
42401	5000	3500	25000	
42401	5000	4000	25000	
42401	5000	4500	25000	
42401	5000	5000	25000	
42401	5000	5500	25000	
42401	5000	6000	25000	
42401	5000	6500	25000	
42401	5000	7000	25000	
42401	5000	7500	25000	
42401	5000	8000	25000	
42401	5000	8500	25000	
42401	5000	9000	25000	
42401	5000	9500	25000	
42401	12000	0	12000	
42401	12000	500	12000	
42401	12000	1000	12000	
42401	12000	1500	25000	
42401	12000	2000	25000	
42401	12000	2500	25000	
42401	12000	3000	25000	
42401	12000	3500	25000	
42401	12000	4000	25000	
42401	12000	4500	25000	
42401	12000	5000	25000	
42401	12000	5500	25000	
42401	12000	6000	25000	
42401	12000	6500	25000	
42401	12000	7000	25000	
42401	12000	7500	25000	
42401	12000	8000	25000	
42401	12000	8500	25000	
42401	12000	9000	25000	
42401	12000	9500	25000	
42401	25000	0	25000	
42401	25000	500	25000	
42401	25000	1000	25000	
42401	25000	1500	25000	
42401	25000	2000	25000	
42401	25000	2500	25000	
42401	25000	3000	25000	
42401	25000	3500	25000	
42401	25000	4000	25000	
42401	25000	4500	25000	
42401	25000	5000	25000	
42401	25000	5500	25000	
42401	25000	6000	25000	
42401	25000	6500	25000	
42401	25000	7000	25000	
42401	25000	7500	25000	
42401	25000	8000	25000	
42401	25000	8500	25000	
42401	25000	9000	25000	
42401	25000	9500	25000	
42601	200	0	800	
42601	200	500	800	
42601	200	1000	12000	
42601	200	1500	25000	
42601	200	2000	25000	
42601	200	2500	25000	
42601	200	3000	25000	
42601	200	3500	25000	
42601	200	4000	25000	
42601	200	4500	25000	
42601	200	5000	25000	
42601	200	5500	25000	
42601	200	6000	25000	
42601	200	6500	25000	
42601	200	7000	25000	
42601	200	7500	25000	
42601	200	8000	25000	
42601	200	8500	25000	
42601	200	9000	25000	
42601	200	9500	25000	
42601	800	0	800	
42601	800	500	800	
42601	800	1000	12000	
42601	800	1500	25000	
42601	800	2000	25000	
42601	800	2500	25000	
42601	800	3000	25000	
42601	800	3500	25000	
42601	800	4000	25000	
42601	800	4500	25000	
42601	800	5000	25000	
42601	800	5500	25000	
42601	800	6000	25000	
42601	800	6500	25000	
42601	800	7000	25000	
42601	800	7500	25000	
42601	800	8000	25000	
42601	800	8500	25000	
42601	800	9000	25000	
42601	800	9500	25000	
42601	2200	0	800	
42601	2200	500	12000	
42601	2200	1000	12000	
42601	2200	1500	25000	
42601	2200	2000	25000	
42601	2200	2500	25000	
42601	2200	3000	25000	
42601	2200	3500	25000	
42601	2200	4000	25000	
42601	2200	4500	25000	
42601	2200	5000	25000	
42601	2200	5500	25000	
42601	2200	6000	25000	
42601	2200	6500	25000	
42601	2200	7000	25000	
42601	2200	7500	25000	
42601	2200	8000	25000	
42601	2200	8500	25000	
42601	2200	9000	25000	
42601	2200	9500	25000	
42601	5000	0	800	
42601	5000	500	12000	
42601	5000	1000	12000	
42601	5000	1500	25000	
42601	5000	2000	25000	
42601	5000	2500	25000	
42601	5000	3000	25000	
42601	5000	3500	25000	
42601	5000	4000	25000	
42601	5000	4500	25000	
42601	5000	5000	25000	
42601	5000	5500	25000	
42601	5000	6000	25000	
42601	5000	6500	25000	
42601	5000	7000	25000	
42601	5000	7500	25000	
42601	5000	8000	25000	
42601	5000	8500	25000	
42601	5000	9000	25000	
42601	5000	9500	25000	
42601	12000	0	12000	
42601	12000	500	12000	
42601	12000	1000	12000	
42601	12000	1500	25000	
42601	12000	2000	25000	
42601	12000	2500	25000	
42601	12000	3000	25000	
42601	12000	3500	25000	
42601	12000	4000	25000	
42601	12000	4500	25000	
42601	12000	5000	25000	
42601	12000	5500	25000	
42601	12000	6000	25000	
42601	12000	6500	25000	
42601	12000	7000	25000	
42601	12000	7500	25000	
42601	12000	8000	25000	
42601	12000	8500	25000	
42601	12000	9000	25000	
42601	12000	9500	25000	
42601	25000	0	25000	
42601	25000	500	25000	
42601	25000	1000	25000	
42601	25000	1500	25000	
42601	25000	2000	25000	
42601	25000	2500	25000	
42601	25000	3000	25000	
42601	25000	3500	25000	
42601	25000	4000	25000	
42601	25000	4500	25000	
42601	25000	5000	25000	
42601	25000	5500	25000	
42601	25000	6000	25000	
42601	25000	6500	25000	
42601	25000	7000	25000	
42601	25000	7500	25000	
42601	25000	8000	25000	
42601	25000	8500	25000	
42601	25000	9000	25000	
42601	25000	9500	25000	
42801	200	0	800	
42801	200	500	800	
42801	200	1000	12000	
42801	200	1500	25000	
42801	200	2000	25000	
42801	200	2500	25000	
42801	200	3000	25000	
42801	200	3500	25000	
42801	200	4000	25000	
42801	200	4500	25000	
42801	200	5000	25000	
42801	200	5500	25000	
42801	200	6000	25000	
42801	200	6500	25000	
42801	200	7000	25000	
42801	200	7500	25000	
42801	200	8000	25000	
42801	200	8500	25000	
42801	200	9000	25000	
42801	200	9500	25000	
42801	800	0	800	
42801	800	500	800	
42801	800	1000	12000	
42801	800	1500	25000	
42801	800	2000	25000	
42801	800	2500	25000	
42801	800	3000	25000	
42801	800	3500	25000	
42801	800	4000	25000	
42801	800	4500	25000	
42801	800	5000	25000	
42801	800	5500	25000	
42801	800	6000	25000	
42801	800	6500	25000	
42801	800	7000	25000	
42801	800	7500	25000	
42801	800	8000	25000	
42801	800	8500	25000	
42801	800	9000	25000	
42801	800	9500	25000	
42801	2200	0	800	
42801	2200	500	12000	
42801	2200	1000	12000	
42801	2200	1500	25000	
42801	2200	2000	25000	
42801	2200	2500	25000	
42801	2200	3000	25000	
42801	2200	3500	25000	
42801	2200	4000	25000	
42801	2200	4500	25000	
42801	2200	5000	25000	
42801	2200	5500	25000	
42801	2200	6000	25000	
42801	2200	6500	25000	
42801	2200	7000	25000	
42801	2200	7500	25000	
42801	2200	8000	25000	
42801	2200	8500	25000	
42801	2200	9000	25000	
42801	2200	9500	25000	
42801	5000	0	800	
42801	5000	500	12000	
42801	5000	1000	12000	
42801	5000	1500	25000	
42801	5000	2000	25000	
42801	5000	2500	25000	
42801	5000	3000	25000	
42801	5000	3500	25000	
42801	5000	4000	25000	
42801	5000	4500	25000	
42801	5000	5000	25000	
42801	5000	5500	25000	
42801	5000	6000	25000	
42801	5000	6500	25000	
42801	5000	7000	25000	
42801	5000	7500	25000	
42801	5000	8000	25000	
42801	5000	8500	25000	
42801	5000	9000	25000	
42801	5000	9500	25000	
42801	12000	0	12000	
42801	12000	500	12000	
42801	12000	1000	12000	
42801	12000	1500	25000	
42801	12000	2000	25000	
42801	12000	2500	25000	
42801	12000	3000	25000	
42801	12000	3500	25000	
42801	12000	4000	25000	
42801	12000	4500	25000	
42801	12000	5000	25000	
42801	12000	5500	25000	
42801	12000	6000	25000	
42801	12000	6500	25000	
42801	12000	7000	25000	
42801	12000	7500	25000	
42801	12000	8000	25000	
42801	12000	8500	25000	
42801	12000	9000	25000	
42801	12000	9500	25000	
42801	25000	0	25000	
42801	25000	500	25000	
42801	25000	1000	25000	
42801	25000	1500	25000	
42801	25000	2000	25000	
42801	25000	2500	25000	
42801	25000	3000	25000	
42801	25000	3500	25000	
42801	25000	4000	25000	
42801	25000	4500	25000	
42801	25000	5000	25000	
42801	25000	5500	25000	
42801	25000	6000	25000	
42801	25000	6500	25000	
42801	25000	7000	25000	
42801	25000	7500	25000	
42801	25000	8000	25000	
42801	25000	8500	25000	
42801	25000	9000	25000	
42801	25000	9500	25000	
43001	200	0	800	
43001	200	500	800	
43001	200	1000	12000	
43001	200	1500	25000	
43001	200	2000	25000	
43001	200	2500	25000	
43001	200	3000	25000	
43001	200	3500	25000	
43001	200	4000	25000	
43001	200	4500	25000	
43001	200	5000	25000	
43001	200	5500	25000	
43001	200	6000	25000	
43001	200	6500	25000	
43001	200	7000	25000	
43001	200	7500	25000	
43001	200	8000	25000	
43001	200	8500	25000	
43001	200	9000	25000	
43001	200	9500	25000	
43001	800	0	800	
43001	800	500	800	
43001	800	1000	12000	
43001	800	1500	25000	
43001	800	2000	25000	
43001	800	2500	25000	
43001	800	3000	25000	
43001	800	3500	25000	
43001	800	4000	25000	
43001	800	4500	25000	
43001	800	5000	25000	
43001	800	5500	25000	
43001	800	6000	25000	
43001	800	6500	25000	
43001	800	7000	25000	
43001	800	7500	25000	
43001	800	8000	25000	
43001	800	8500	25000	
43001	800	9000	25000	
43001	800	9500	25000	
43001	2200	0	800	
43001	2200	500	12000	
43001	2200	1000	12000	
43001	2200	1500	25000	
43001	2200	2000	25000	
43001	2200	2500	25000	
43001	2200	3000	25000	
43001	2200	3500	25000	
43001	2200	4000	25000	
43001	2200	4500	25000	
43001	2200	5000	25000	
43001	2200	5500	25000	
43001	2200	6000	25000	
43001	2200	6500	25000	
43001	2200	7000	25000	
43001	2200	7500	25000	
43001	2200	8000	25000	
43001	2200	8500	25000	
43001	2200	9000	25000	
43001	2200	9500	25000	
43001	5000	0	800	
43001	5000	500	12000	
43001	5000	1000	12000	
43001	5000	1500	25000	
43001	5000	2000	25000	
43001	5000	2500	25000	
43001	5000	3000	25000	
43001	5000	3500	25000	
43001	5000	4000	25000	
43001	5000	4500	25000	
43001	5000	5000	25000	
43001	5000	5500	25000	
43001	5000	6000	25000	
43001	5000	6500	25000	
43001	5000	7000	25000	
43001	5000	7500	25000	
43001	5000	8000	25000	
43001	5000	8500	25000	
43001	5000	9000	25000	
43001	5000	9500	25000	
43001	12000	0	12000	
43001	12000	500	12000	
43001	12000	1000	12000	
43001	12000	1500	25000	
43001	12000	2000	25000	
43001	12000	2500	25000	
43001	12000	3000	25000	
43001	12000	3500	25000	
43001	12000	4000	25000	
43001	12000	4500	25000	
43001	12000	5000	25000	
43001	12000	5500	25000	
43001	12000	6000	25000	
43001	12000	6500	25000	
43001	12000	7000	25000	
43001	12000	7500	25000	
43001	12000	8000	25000	
43001	12000	8500	25000	
43001	12000	9000	25000	
43001	12000	9500	25000	
43001	25000	0	25000	
43001	25000	500	25000	
43001	25000	1000	25000	
43001	25000	1500	25000	
43001	25000	2000	25000	
43001	25000	2500	25000	
43001	25000	3000	25000	
43001	25000	3500	25000	
43001	25000	4000	25000	
43001	25000	4500	25000	
43001	25000	5000	25000	
43001	25000	5500	25000	
43001	25000	6000	25000	
43001	25000	6500	25000	
43001	25000	7000	25000	
43001	25000	7500	25000	
43001	25000	8000	25000	
43001	25000	8500	25000	
43001	25000	9000	25000	
43001	25000	9500	25000	
43201	200	0	800	
43201	200	500	800	
43201	200	1000	12000	
43201	200	1500	25000	
43201	200	2000	25000	
43201	200	2500	25000	
43201	200	3000	25000	
43201	200	3500	25000	
43201	200	4000	25000	
43201	200	4500	25000	
43201	200	5000	25000	
43201	200	5500	25000	
43201	200	6000	25000	
43201	200	6500	25000	
43201	200	7000	25000	
43201	200	7500	25000	
43201	200	8000	25000	
43201	200	8500	25000	
43201	200	9000	25000	
43201	200	9500	25000	
43201	800	0	800	
43201	800	500	800	
43201	800	1000	12000	
43201	800	1500	25000	
43201	800	2000	25000	
43201	800	2500	25000	
43201	800	3000	25000	
43201	800	3500	25000	
43201	800	4000	25000	
43201	800	4500	25000	
43201	800	5000	25000	
43201	800	5500	25000	
43201	800	6000	25000	
43201	800	6500	25000	
43201	800	7000	25000	
43201	800	7500	25000	
43201	800	8000	25000	
43201	800	8500	25000	
43201	800	9000	25000	
43201	800	9500	25000	
43201	2200	0	800	
43201	2200	500	12000	
43201	2200	1000	12000	
43201	2200	1500	25000	
43201	2200	2000	25000	
43201	2200	2500	25000	
43201	2200	3000	25000	
43201	2200	3500	25000	
43201	2200	4000	25000	
43201	2200	4500	25000	
43201	2200	5000	25000	
43201	2200	5500	25000	
43201	2200	6000	25000	
43201	2200	6500	25000	
43201	2200	7000	25000	
43201	2200	7500	25000	
43201	2200	8000	25000	
43201	2200	8500	25000	
43201	2200	9000	25000	
43201	2200	9500	25000	
43201	5000	0	800	
43201	5000	500	12000	
43201	5000	1000	12000	
43201	5000	1500	25000	
43201	5000	2000	25000	
43201	5000	2500	25000	
43201	5000	3000	25000	
43201	5000	3500	25000	
43201	5000	4000	25000	
43201	5000	4500	25000	
43201	5000	5000	25000	
43201	5000	5500	25000	
43201	5000	6000	25000	
43201	5000	6500	25000	
43201	5000	7000	25000	
43201	5000	7500	25000	
43201	5000	8000	25000	
43201	5000	8500	25000	
43201	5000	9000	25000	
43201	5000	9500	25000	
43201	12000	0	12000	
43201	12000	500	12000	
43201	12000	1000	12000	
43201	12000	1500	25000	
43201	12000	2000	25000	
43201	12000	2500	25000	
43201	12000	3000	25000	
43201	12000	3500	25000	
43201	12000	4000	25000	
43201	12000	4500	25000	
43201	12000	5000	25000	
43201	12000	5500	25000	
43201	12000	6000	25000	
43201	12000	6500	25000	
43201	12000	7000	25000	
43201	12000	7500	25000	
43201	12000	8000	25000	
43201	12000	8500	25000	
43201	12000	9000	25000	
43201	12000	9500	25000	
43201	25000	0	25000	
43201	25000	500	25000	
43201	25000	1000	25000	
43201	25000	1500	25000	
43201	25000	2000	25000	
43201	25000	2500	25000	
43201	25000	3000	25000	
43201	25000	3500	25000	
43201	25000	4000	25000	
43201	25000	4500	25000	
43201	25000	5000	25000	
43201	25000	5500	25000	
43201	25000	6000	25000	
43201	25000	6500	25000	
43201	25000	7000	25000	
43201	25000	7500	25000	
43201	25000	8000	25000	
43201	25000	8500	25000	
43201	25000	9000	25000	
43201	25000	9500	25000	
43401	200	0	800	
43401	200	500	800	
43401	200	1000	12000	
43401	200	1500	25000	
43401	200	2000	25000	
43401	200	2500	25000	
43401	200	3000	25000	
43401	200	3500	25000	
43401	200	4000	25000	
43401	200	4500	25000	
43401	200	5000	25000	
43401	200	5500	25000	
43401	200	6000	25000	
43401	200	6500	25000	
43401	200	7000	25000	
43401	200	7500	25000	
43401	200	8000	25000	
43401	200	8500	25000	
43401	200	9000	25000	
43401	200	9500	25000	
43401	800	0	800	
43401	800	500	800	
43401	800	1000	12000	
43401	800	1500	25000	
43401	800	2000	25000	
43401	800	2500	25000	
43401	800	3000	25000	
43401	800	3500	25000	
43401	800	4000	25000	
43401	800	4500	25000	
43401	800	5000	25000	
43401	800	5500	25000	
43401	800	6000	25000	
43401	800	6500	25000	
43401	800	7000	25000	
43401	800	7500	25000	
43401	800	8000	25000	
43401	800	8500	25000	
43401	800	9000	25000	
43401	800	9500	25000	
43401	2200	0	800	
43401	2200	500	12000	
43401	2200	1000	12000	
43401	2200	1500	25000	
43401	2200	2000	25000	
43401	2200	2500	25000	
43401	2200	3000	25000	
43401	2200	3500	25000	
43401	2200	4000	25000	
43401	2200	4500	25000	
43401	2200	5000	25000	
43401	2200	5500	25000	
43401	2200	6000	25000	
43401	2200	6500	25000	
43401	2200	7000	25000	
43401	2200	7500	25000	
43401	2200	8000	25000	
43401	2200	8500	25000	
43401	2200	9000	25000	
43401	2200	9500	25000	
43401	5000	0	800	
43401	5000	500	12000	
43401	5000	1000	12000	
43401	5000	1500	25000	
43401	5000	2000	25000	
43401	5000	2500	25000	
43401	5000	3000	25000	
43401	5000	3500	25000	
43401	5000	4000	25000	
43401	5000	4500	25000	
43401	5000	5000	25000	
43401	5000	5500	25000	
43401	5000	6000	25000	
43401	5000	6500	25000	
43401	5000	7000	25000	
43401	5000	7500	25000	
43401	5000	8000	25000	
43401	5000	8500	25000	
43401	5000	9000	25000	
43401	5000	9500	25000	
43401	12000	0	12000	
43401	12000	500	12000	
43401	12000	1000	12000	
43401	12000	1500	25000	
43401	12000	2000	25000	
43401	12000	2500	25000	
43401	12000	3000	25000	
43401	12000	3500	25000	
43401	12000	4000	25000	
43401	12000	4500	25000	
43401	12000	5000	25000	
43401	12000	5500	25000	
43401	12000	6000	25000	
43401	12000	6500	25000	
43401	12000	7000	25000	
43401	12000	7500	25000	
43401	12000	8000	25000	
43401	12000	8500	25000	
43401	12000	9000	25000	
43401	12000	9500	25000	
43401	25000	0	25000	
43401	25000	500	25000	
43401	25000	1000	25000	
43401	25000	1500	25000	
43401	25000	2000	25000	
43401	25000	2500	25000	
43401	25000	3000	25000	
43401	25000	3500	25000	
43401	25000	4000	25000	
43401	25000	4500	25000	
43401	25000	5000	25000	
43401	25000	5500	25000	
43401	25000	6000	25000	
43401	25000	6500	25000	
43401	25000	7000	25000	
43401	25000	7500	25000	
43401	25000	8000	25000	
43401	25000	8500	25000	
43401	25000	9000	25000	
43401	25000	9500	25000	
43601	200	0	800	
43601	200	500	800	
43601	200	1000	12000	
43601	200	1500	25000	
43601	200	2000	25000	
43601	200	2500	25000	
43601	200	3000	25000	
43601	200	3500	25000	
43601	200	4000	25000	
43601	200	4500	25000	
43601	200	5000	25000	
43601	200	5500	25000	
43601	200	6000	25000	
43601	200	6500	25000	
43601	200	7000	25000	
43601	200	7500	25000	
43601	200	8000	25000	
43601	200	8500	25000	
43601	200	9000	25000	
43601	200	9500	25000	
43601	800	0	800	
43601	800	500	800	
43601	800	1000	12000	
43601	800	1500	25000	
43601	800	2000	25000	
43601	800	2500	25000	
43601	800	3000	25000	
43601	800	3500	25000	
43601	800	4000	25000	
43601	800	4500	25000	
43601	800	5000	25000	
43601	800	5500	25000	
43601	800	6000	25000	
43601	800	6500	25000	
43601	800	7000	25000	
43601	800	7500	25000	
43601	800	8000	25000	
43601	800	8500	25000	
43601	800	9000	25000	
43601	800	9500	25000	
43601	2200	0	800	
43601	2200	500	12000	
43601	2200	1000	12000	
43601	2200	1500	25000	
43601	2200	2000	25000	
43601	2200	2500	25000	
43601	2200	3000	25000	
43601	2200	3500	25000	
43601	2200	4000	25000	
43601	2200	4500	25000	
43601	2200	5000	25000	
43601	2200	5500	25000	
43601	2200	6000	25000	
43601	2200	6500	25000	
43601	2200	7000	25000	
43601	2200	7500	25000	
43601	2200	8000	25000	
43601	2200	8500	25000	
43601	2200	9000	25000	
43601	2200	9500	25000	
43601	5000	0	800	
43601	5000	500	12000	
43601	5000	1000	12000	
43601	5000	1500	25000	
43601	5000	2000	25000	
43601	5000	2500	25000	
43601	5000	3000	25000	
43601	5000	3500	25000	
43601	5000	4000	25000	
43601	5000	4500	25000	
43601	5000	5000	25000	
43601	5000	5500	25000	
43601	5000	6000	25000	
43601	5000	6500	25000	
43601	5000	7000	25000	
43601	5000	7500	25000	
43601	5000	8000	25000	
43601	5000	8500	25000	
43601	5000	9000	25000	
43601	5000	9500	25000	
43601	12000	0	12000	
43601	12000	500	12000	
43601	12000	1000	12000	
43601	12000	1500	25000	
43601	12000	2000	25000	
43601	12000	2500	25000	
43601	12000	3000	25000	
43601	12000	3500	25000	
43601	12000	4000	25000	
43601	12000	4500	25000	
43601	12000	5000	25000	
43601	12000	5500	25000	
43601	12000	6000	25000	
43601	12000	6500	25000	
43601	12000	7000	25000	
43601	12000	7500	25000	
43601	12000	8000	25000	
43601	12000	8500	25000	
43601	12000	9000	25000	
43601	12000	9500	25000	
43601	25000	0	25000	
43601	25000	500	25000	
43601	25000	1000	25000	
43601	25000	1500	25000	
43601	25000	2000	25000	
43601	25000	2500	25000	
43601	25000	3000	25000	
43601	25000	3500	25000	
43601	25000	4000	25000	
43601	25000	4500	25000	
43601	25000	5000	25000	
43601	25000	5500	25000	
43601	25000	6000	25000	
43601	25000	6500	25000	
43601	25000	7000	25000	
43601	25000	7500	25000	
43601	25000	8000	25000	
43601	25000	8500	25000	
43601	25000	9000	25000	
43601	25000	9500	25000	
43801	200	0	800	
43801	200	500	800	
43801	200	1000	12000	
43801	200	1500	25000	
43801	200	2000	25000	
43801	200	2500	25000	
43801	200	3000	25000	
43801	200	3500	25000	
43801	200	4000	25000	
43801	200	4500	25000	
43801	200	5000	25000	
43801	200	5500	25000	
43801	200	6000	25000	
43801	200	6500	25000	
43801	200	7000	25000	
43801	200	7500	25000	
43801	200	8000	25000	
43801	200	8500	25000	
43801	200	9000	25000	
43801	200	9500	25000	
43801	800	0	800	
43801	800	500	800	
43801	800	1000	12000	
43801	800	1500	25000	
43801	800	2000	25000	
43801	800	2500	25000	
43801	800	3000	25000	
43801	800	3500	25000	
43801	800	4000	25000	
43801	800	4500	25000	
43801	800	5000	25000	
43801	800	5500	25000	
43801	800	6000	25000	
43801	800	6500	25000	
43801	800	7000	25000	
43801	800	7500	25000	
43801	800	8000	25000	
43801	800	8500	25000	
43801	800	9000	25000	
43801	800	9500	25000	
43801	2200	0	800	
43801	2200	500	12000	
43801	2200	1000	12000	
43801	2200	1500	25000	
43801	2200	2000	25000	
43801	2200	2500	25000	
43801	2200	3000	25000	
43801	2200	3500	25000	
43801	2200	4000	25000	
43801	2200	4500	25000	
43801	2200	5000	25000	
43801	2200	5500	25000	
43801	2200	6000	25000	
43801	2200	6500	25000	
43801	2200	7000	25000	
43801	2200	7500	25000	
43801	2200	8000	25000	
43801	2200	8500	25000	
43801	2200	9000	25000	
43801	2200	9500	25000	
43801	5000	0	800	
43801	5000	500	12000	
43801	5000	1000	12000	
43801	5000	1500	25000	
43801	5000	2000	25000	
43801	5000	2500	25000	
43801	5000	3000	25000	
43801	5000	3500	25000	
43801	5000	4000	25000	
43801	5000	4500	25000	
43801	5000	5000	25000	
43801	5000	5500	25000	
43801	5000	6000	25000	
43801	5000	6500	25000	
43801	5000	7000	25000	
43801	5000	7500	25000	
43801	5000	8000	25000	
43801	5000	8500	25000	
43801	5000	9000	25000	
43801	5000	9500	25000	
43801	12000	0	12000	
43801	12000	500	12000	
43801	12000	1000	12000	
43801	12000	1500	25000	
43801	12000	2000	25000	
43801	12000	2500	25000	
43801	12000	3000	25000	
43801	12000	3500	25000	
43801	12000	4000	25000	
43801	12000	4500	25000	
43801	12000	5000	25000	
43801	12000	5500	25000	
43801	12000	6000	25000	
43801	12000	6500	25000	
43801	12000	7000	25000	
43801	12000	7500	25000	
43801	12000	8000	25000	
43801	12000	8500	25000	
43801	12000	9000	25000	
43801	12000	9500	25000	
43801	25000	0	25000	
43801	25000	500	25000	
43801	25000	1000	25000	
43801	25000	1500	25000	
43801	25000	2000	25000	
43801	25000	2500	25000	
43801	25000	3000	25000	
43801	25000	3500	25000	
43801	25000	4000	25000	
43801	25000	4500	25000	
43801	25000	5000	25000	
43801	25000	5500	25000	
43801	25000	6000	25000	
43801	25000	6500	25000	
43801	25000	7000	25000	
43801	25000	7500	25000	
43801	25000	8000	25000	
43801	25000	8500	25000	
43801	25000	9000	25000	
43801	25000	9500	25000	
44001	200	0	800	
44001	200	500	800	
44001	200	1000	12000	
44001	200	1500	25000	
44001	200	2000	25000	
44001	200	2500	25000	
44001	200	3000	25000	
44001	200	3500	25000	
44001	200	4000	25000	
44001	200	4500	25000	
44001	200	5000	25000	
44001	200	5500	25000	
44001	200	6000	25000	
44001	200	6500	25000	
44001	200	7000	25000	
44001	200	7500	25000	
44001	200	8000	25000	
44001	200	8500	25000	
44001	200	9000	25000	
44001	200	9500	25000	
44001	800	0	800	
44001	800	500	800	
44001	800	1000	12000	
44001	800	1500	25000	
44001	800	2000	25000	
44001	800	2500	25000	
44001	800	3000	25000	
44001	800	3500	25000	
44001	800	4000	25000	
44001	800	4500	25000	
44001	800	5000	25000	
44001	800	5500	25000	
44001	800	6000	25000	
44001	800	6500	25000	
44001	800	7000	25000	
44001	800	7500	25000	
44001	800	8000	25000	
44001	800	8500	25000	
44001	800	9000	25000	
44001	800	9500	25000	
44001	2200	0	800	
44001	2200	500	12000	
44001	2200	1000	12000	
44001	2200	1500	25000	
44001	2200	2000	25000	
44001	2200	2500	25000	
44001	2200	3000	25000	
44001	2200	3500	25000	
44001	2200	4000	25000	
44001	2200	4500	25000	
44001	2200	5000	25000	
44001	2200	5500	25000	
44001	2200	6000	25000	
44001	2200	6500	25000	
44001	2200	7000	25000	
44001	2200	7500	25000	
44001	2200	8000	25000	
44001	2200	8500	25000	
44001	2200	9000	25000	
44001	2200	9500	25000	
44001	5000	0	800	
44001	5000	500	12000	
44001	5000	1000	12000	
44001	5000	1500	25000	
44001	5000	2000	25000	
44001	5000	2500	25000	
44001	5000	3000	25000	
44001	5000	3500	25000	
44001	5000	4000	25000	
44001	5000	4500	25000	
44001	5000	5000	25000	
44001	5000	5500	25000	
44001	5000	6000	25000	
44001	5000	6500	25000	
44001	5000	7000	25000	
44001	5000	7500	25000	
44001	5000	8000	25000	
44001	5000	8500	25000	
44001	5000	9000	25000	
44001	5000	9500	25000	
44001	12000	0	12000	
44001	12000	500	12000	
44001	12000	1000	12000	
44001	12000	1500	25000	
44001	12000	2000	25000	
44001	12000	2500	25000	
44001	12000	3000	25000	
44001	12000	3500	25000	
44001	12000	4000	25000	
44001	12000	4500	25000	
44001	12000	5000	25000	
44001	12000	5500	25000	
44001	12000	6000	25000	
44001	12000	6500	25000	
44001	12000	7000	25000	
44001	12000	7500	25000	
44001	12000	8000	25000	
44001	12000	8500	25000	
44001	12000	9000	25000	
44001	12000	9500	25000	
44001	25000	0	25000	
44001	25000	500	25000	
44001	25000	1000	25000	
44001	25000	1500	25000	
44001	25000	2000	25000	
44001	25000	2500	25000	
44001	25000	3000	25000	
44001	25000	3500	25000	
44001	25000	4000	25000	
44001	25000	4500	25000	
44001	25000	5000	25000	
44001	25000	5500	25000	
44001	25000	6000	25000	
44001	25000	6500	25000	
44001	25000	7000	25000	
44001	25000	7500	25000	
44001	25000	8000	25000	
44001	25000	8500	25000	
44001	25000	9000	25000	
44001	25000	9500	25000	
44201	200	0	800	
44201	200	500	800	
44201	200	1000	12000	
44201	200	1500	25000	
44201	200	2000	25000	
44201	200	2500	25000	
44201	200	3000	25000	
44201	200	3500	25000	
44201	200	4000	25000	
44201	200	4500	25000	
44201	200	5000	25000	
44201	200	5500	25000	
44201	200	6000	25000	
44201	200	6500	25000	
44201	200	7000	25000	
44201	200	7500	25000	
44201	200	8000	25000	
44201	200	8500	25000	
44201	200	9000	25000	
44201	200	9500	25000	
44201	800	0	800	
44201	800	500	800	
44201	800	1000	12000	
44201	800	1500	25000	
44201	800	2000	25000	
44201	800	2500	25000	
44201	800	3000	25000	
44201	800	3500	25000	
44201	800	4000	25000	
44201	800	4500	25000	
44201	800	5000	25000	
44201	800	5500	25000	
44201	800	6000	25000	
44201	800	6500	25000	
44201	800	7000	25000	
44201	800	7500	25000	
44201	800	8000	25000	
44201	800	8500	25000	
44201	800	9000	25000	
44201	800	9500	25000	
44201	2200	0	800	
44201	2200	500	12000	
44201	2200	1000	12000	
44201	2200	1500	25000	
44201	2200	2000	25000	
44201	2200	2500	25000	
44201	2200	3000	25000	
44201	2200	3500	25000	
44201	2200	4000	25000	
44201	2200	4500	25000	
44201	2200	5000	25000	
44201	2200	5500	25000	
44201	2200	6000	25000	
44201	2200	6500	25000	
44201	2200	7000	25000	
44201	2200	7500	25000	
44201	2200	8000	25000	
44201	2200	8500	25000	
44201	2200	9000	25000	
44201	2200	9500	25000	
44201	5000	0	800	
44201	5000	500	12000	
44201	5000	1000	12000	
44201	5000	1500	25000	
44201	5000	2000	25000	
44201	5000	2500	25000	
44201	5000	3000	25000	
44201	5000	3500	25000	
44201	5000	4000	25000	
44201	5000	4500	25000	
44201	5000	5000	25000	
44201	5000	5500	25000	
44201	5000	6000	25000	
44201	5000	6500	25000	
44201	5000	7000	25000	
44201	5000	7500	25000	
44201	5000	8000	25000	
44201	5000	8500	25000	
44201	5000	9000	25000	
44201	5000	9500	25000	
44201	12000	0	12000	
44201	12000	500	12000	
44201	12000	1000	12000	
44201	12000	1500	25000	
44201	12000	2000	25000	
44201	12000	2500	25000	
44201	12000	3000	25000	
44201	12000	3500	25000	
44201	12000	4000	25000	
44201	12000	4500	25000	
44201	12000	5000	25000	
44201	12000	5500	25000	
44201	12000	6000	25000	
44201	12000	6500	25000	
44201	12000	7000	25000	
44201	12000	7500	25000	
44201	12000	8000	25000	
44201	12000	8500	25000	
44201	12000	9000	25000	
44201	12000	9500	25000	
44201	25000	0	25000	
44201	25000	500	25000	
44201	25000	1000	25000	
44201	25000	1500	25000	
44201	25000	2000	25000	
44201	25000	2500	25000	
44201	25000	3000	25000	
44201	25000	3500	25000	
44201	25000	4000	25000	
44201	25000	4500	25000	
44201	25000	5000	25000	
44201	25000	5500	25000	
44201	25000	6000	25000	
44201	25000	6500	25000	
44201	25000	7000	25000	
44201	25000	7500	25000	
44201	25000	8000	25000	
44201	25000	8500	25000	
44201	25000	9000	25000	
44201	25000	9500	25000	
44401	200	0	800	
44401	200	500	800	
44401	200	1000	12000	
44401	200	1500	25000	
44401	200	2000	25000	
44401	200	2500	25000	
44401	200	3000	25000	
44401	200	3500	25000	
44401	200	4000	25000	
44401	200	4500	25000	
44401	200	5000	25000	
44401	200	5500	25000	
44401	200	6000	25000	
44401	200	6500	25000	
44401	200	7000	25000	
44401	200	7500	25000	
44401	200	8000	25000	
44401	200	8500	25000	
44401	200	9000	25000	
44401	200	9500	25000	
44401	800	0	800	
44401	800	500	800	
44401	800	1000	12000	
44401	800	1500	25000	
44401	800	2000	25000	
44401	800	2500	25000	
44401	800	3000	25000	
44401	800	3500	25000	
44401	800	4000	25000	
44401	800	4500	25000	
44401	800	5000	25000	
44401	800	5500	25000	
44401	800	6000	25000	
44401	800	6500	25000	
44401	800	7000	25000	
44401	800	7500	25000	
44401	800	8000	25000	
44401	800	8500	25000	
44401	800	9000	25000	
44401	800	9500	25000	
44401	2200	0	800	
44401	2200	500	12000	
44401	2200	1000	12000	
44401	2200	1500	25000	
44401	2200	2000	25000	
44401	2200	2500	25000	
44401	2200	3000	25000	
44401	2200	3500	25000	
44401	2200	4000	25000	
44401	2200	4500	25000	
44401	2200	5000	25000	
44401	2200	5500	25000	
44401	2200	6000	25000	
44401	2200	6500	25000	
44401	2200	7000	25000	
44401	2200	7500	25000	
44401	2200	8000	25000	
44401	2200	8500	25000	
44401	2200	9000	25000	
44401	2200	9500	25000	
44401	5000	0	800	
44401	5000	500	12000	
44401	5000	1000	12000	
44401	5000	1500	25000	
44401	5000	2000	25000	
44401	5000	2500	25000	
44401	5000	3000	25000	
44401	5000	3500	25000	
44401	5000	4000	25000	
44401	5000	4500	25000	
44401	5000	5000	25000	
44401	5000	5500	25000	
44401	5000	6000	25000	
44401	5000	6500	25000	
44401	5000	7000	25000	
44401	5000	7500	25000	
44401	5000	8000	25000	
44401	5000	8500	25000	
44401	5000	9000	25000	
44401	5000	9500	25000	
44401	12000	0	12000	
44401	12000	500	12000	
44401	12000	1000	12000	
44401	12000	1500	25000	
44401	12000	2000	25000	
44401	12000	2500	25000	
44401	12000	3000	25000	
44401	12000	3500	25000	
44401	12000	4000	25000	
44401	12000	4500	25000	
44401	12000	5000	25000	
44401	12000	5500	25000	
44401	12000	6000	25000	
44401	12000	6500	25000	
44401	12000	7000	25000	
44401	12000	7500	25000	
44401	12000	8000	25000	
44401	12000	8500	25000	
44401	12000	9000	25000	
44401	12000	9500	25000	
44401	25000	0	25000	
44401	25000	500	25000	
44401	25000	1000	25000	
44401	25000	1500	25000	
44401	25000	2000	25000	
44401	25000	2500	25000	
44401	25000	3000	25000	
44401	25000	3500	25000	
44401	25000	4000	25000	
44401	25000	4500	25000	
44401	25000	5000	25000	
44401	25000	5500	25000	
44401	25000	6000	25000	
44401	25000	6500	25000	
44401	25000	7000	25000	
44401	25000	7500	25000	
44401	25000	8000	25000	
44401	25000	8500	25000	
44401	25000	9000	25000	
44401	25000	9500	25000	
44601	200	0	800	
44601	200	500	800	
44601	200	1000	12000	
44601	200	1500	25000	
44601	200	2000	25000	
44601	200	2500	25000	
44601	200	3000	25000	
44601	200	3500	25000	
44601	200	4000	25000	
44601	200	4500	25000	
44601	200	5000	25000	
44601	200	5500	25000	
44601	200	6000	25000	
44601	200	6500	25000	
44601	200	7000	25000	
44601	200	7500	25000	
44601	200	8000	25000	
44601	200	8500	25000	
44601	200	9000	25000	
44601	200	9500	25000	
44601	800	0	800	
44601	800	500	800	
44601	800	1000	12000	
44601	800	1500	25000	
44601	800	2000	25000	
44601	800	2500	25000	
44601	800	3000	25000	
44601	800	3500	25000	
44601	800	4000	25000	
44601	800	4500	25000	
44601	800	5000	25000	
44601	800	5500	25000	
44601	800	6000	25000	
44601	800	6500	25000	
44601	800	7000	25000	
44601	800	7500	25000	
44601	800	8000	25000	
44601	800	8500	25000	
44601	800	9000	25000	
44601	800	9500	25000	
44601	2200	0	800	
44601	2200	500	12000	
44601	2200	1000	12000	
44601	2200	1500	25000	
44601	2200	2000	25000	
44601	2200	2500	25000	
44601	2200	3000	25000	
44601	2200	3500	25000	
44601	2200	4000	25000	
44601	2200	4500	25000	
44601	2200	5000	25000	
44601	2200	5500	25000	
44601	2200	6000	25000	
44601	2200	6500	25000	
44601	2200	7000	25000	
44601	2200	7500	25000	
44601	2200	8000	25000	
44601	2200	8500	25000	
44601	2200	9000	25000	
44601	2200	9500	25000	
44601	5000	0	800	
44601	5000	500	12000	
44601	5000	1000	12000	
44601	5000	1500	25000	
44601	5000	2000	25000	
44601	5000	2500	25000	
44601	5000	3000	25000	
44601	5000	3500	25000	
44601	5000	4000	25000	
44601	5000	4500	25000	
44601	5000	5000	25000	
44601	5000	5500	25000	
44601	5000	6000	25000	
44601	5000	6500	25000	
44601	5000	7000	25000	
44601	5000	7500	25000	
44601	5000	8000	25000	
44601	5000	8500	25000	
44601	5000	9000	25000	
44601	5000	9500	25000	
44601	12000	0	12000	
44601	12000	500	12000	
44601	12000	1000	12000	
44601	12000	1500	25000	
44601	12000	2000	25000	
44601	12000	2500	25000	
44601	12000	3000	25000	
44601	12000	3500	25000	
44601	12000	4000	25000	
44601	12000	4500	25000	
44601	12000	5000	25000	
44601	12000	5500	25000	
44601	12000	6000	25000	
44601	12000	6500	25000	
44601	12000	7000	25000	
44601	12000	7500	25000	
44601	12000	8000	25000	
44601	12000	8500	25000	
44601	12000	9000	25000	
44601	12000	9500	25000	
44601	25000	0	25000	
44601	25000	500	25000	
44601	25000	1000	25000	
44601	25000	1500	25000	
44601	25000	2000	25000	
44601	25000	2500	25000	
44601	25000	3000	25000	
44601	25000	3500	25000	
44601	25000	4000	25000	
44601	25000	4500	25000	
44601	25000	5000	25000	
44601	25000	5500	25000	
44601	25000	6000	25000	
44601	25000	6500	25000	
44601	25000	7000	25000	
44601	25000	7500	25000	
44601	25000	8000	25000	
44601	25000	8500	25000	
44601	25000	9000	25000	
44601	25000	9500	25000	
44801	200	0	800	
44801	200	500	800	
44801	200	1000	12000	
44801	200	1500	25000	
44801	200	2000	25000	
44801	200	2500	25000	
44801	200	3000	25000	
44801	200	3500	25000	
44801	200	4000	25000	
44801	200	4500	25000	
44801	200	5000	25000	
44801	200	5500	25000	
44801	200	6000	25000	
44801	200	6500	25000	
44801	200	7000	25000	
44801	200	7500	25000	
44801	200	8000	25000	
44801	200	8500	25000	
44801	200	9000	25000	
44801	200	9500	25000	
44801	800	0	800	
44801	800	500	800	
44801	800	1000	12000	
44801	800	1500	25000	
44801	800	2000	25000	
44801	800	2500	25000	
44801	800	3000	25000	
44801	800	3500	25000	
44801	800	4000	25000	
44801	800	4500	25000	
44801	800	5000	25000	
44801	800	5500	25000	
44801	800	6000	25000	
44801	800	6500	25000	
44801	800	7000	25000	
44801	800	7500	25000	
44801	800	8000	25000	
44801	800	8500	25000	
44801	800	9000	25000	
44801	800	9500	25000	
44801	2200	0	800	
44801	2200	500	12000	
44801	2200	1000	12000	
44801	2200	1500	25000	
44801	2200	2000	25000	
44801	2200	2500	25000	
44801	2200	3000	25000	
44801	2200	3500	25000	
44801	2200	4000	25000	
44801	2200	4500	25000	
44801	2200	5000	25000	
44801	2200	5500	25000	
44801	2200	6000	25000	
44801	2200	6500	25000	
44801	2200	7000	25000	
44801	2200	7500	25000	
44801	2200	8000	25000	
44801	2200	8500	25000	
44801	2200	9000	25000	
44801	2200	9500	25000	
44801	5000	0	800	
44801	5000	500	12000	
44801	5000	1000	12000	
44801	5000	1500	25000	
44801	5000	2000	25000	
44801	5000	2500	25000	
44801	5000	3000	25000	
44801	5000	3500	25000	
44801	5000	4000	25000	
44801	5000	4500	25000	
44801	5000	5000	25000	
44801	5000	5500	25000	
44801	5000	6000	25000	
44801	5000	6500	25000	
44801	5000	7000	25000	
44801	5000	7500	25000	
44801	5000	8000	25000	
44801	5000	8500	25000	
44801	5000	9000	25000	
44801	5000	9500	25000	
44801	12000	0	12000	
44801	12000	500	12000	
44801	12000	1000	12000	
44801	12000	1500	25000	
44801	12000	2000	25000	
44801	12000	2500	25000	
44801	12000	3000	25000	
44801	12000	3500	25000	
44801	12000	4000	25000	
44801	12000	4500	25000	
44801	12000	5000	25000	
44801	12000	5500	25000	
44801	12000	6000	25000	
44801	12000	6500	25000	
44801	12000	7000	25000	
44801	12000	7500	25000	
44801	12000	8000	25000	
44801	12000	8500	25000	
44801	12000	9000	25000	
44801	12000	9500	25000	
44801	25000	0	25000	
44801	25000	500	25000	
44801	25000	1000	25000	
44801	25000	1500	25000	
44801	25000	2000	25000	
44801	25000	2500	25000	
44801	25000	3000	25000	
44801	25000	3500	25000	
44801	25000	4000	25000	
44801	25000	4500	25000	
44801	25000	5000	25000	
44801	25000	5500	25000	
44801	25000	6000	25000	
44801	25000	6500	25000	
44801	25000	7000	25000	
44801	25000	7500	25000	
44801	25000	8000	25000	
44801	25000	8500	25000	
44801	25000	9000	25000	
44801	25000	9500	25000	
45001	200	0	800	
45001	200	500	800	
45001	200	1000	12000	
45001	200	1500	25000	
45001	200	2000	25000	
45001	200	2500	25000	
45001	200	3000	25000	
45001	200	3500	25000	
45001	200	4000	25000	
45001	200	4500	25000	
45001	200	5000	25000	
45001	200	5500	25000	
45001	200	6000	25000	
45001	200	6500	25000	
45001	200	7000	25000	
45001	200	7500	25000	
45001	200	8000	25000	
45001	200	8500	25000	
45001	200	9000	25000	
45001	200	9500	25000	
45001	800	0	800	
45001	800	500	800	
45001	800	1000	12000	
45001	800	1500	25000	
45001	800	2000	25000	
45001	800	2500	25000	
45001	800	3000	25000	
45001	800	3500	25000	
45001	800	4000	25000	
45001	800	4500	25000	
45001	800	5000	25000	
45001	800	5500	25000	
45001	800	6000	25000	
45001	800	6500	25000	
45001	800	7000	25000	
45001	800	7500	25000	
45001	800	8000	25000	
45001	800	8500	25000	
45001	800	9000	25000	
45001	800	9500	25000	
45001	2200	0	800	
45001	2200	500	12000	
45001	2200	1000	12000	
45001	2200	1500	25000	
45001	2200	2000	25000	
45001	2200	2500	25000	
45001	2200	3000	25000	
45001	2200	3500	25000	
45001	2200	4000	25000	
45001	2200	4500	25000	
45001	2200	5000	25000	
45001	2200	5500	25000	
45001	2200	6000	25000	
45001	2200	6500	25000	
45001	2200	7000	25000	
45001	2200	7500	25000	
45001	2200	8000	25000	
45001	2200	8500	25000	
45001	2200	9000	25000	
45001	2200	9500	25000	
45001	5000	0	800	
45001	5000	500	12000	
45001	5000	1000	12000	
45001	5000	1500	25000	
45001	5000	2000	25000	
45001	5000	2500	25000	
45001	5000	3000	25000	
45001	5000	3500	25000	
45001	5000	4000	25000	
45001	5000	4500	25000	
45001	5000	5000	25000	
45001	5000	5500	25000	
45001	5000	6000	25000	
45001	5000	6500	25000	
45001	5000	7000	25000	
45001	5000	7500	25000	
45001	5000	8000	25000	
45001	5000	8500	25000	
45001	5000	9000	25000	
45001	5000	9500	25000	
45001	12000	0	12000	
45001	12000	500	12000	
45001	12000	1000	12000	
45001	12000	1500	25000	
45001	12000	2000	25000	
45001	12000	2500	25000	
45001	12000	3000	25000	
45001	12000	3500	25000	
45001	12000	4000	25000	
45001	12000	4500	25000	
45001	12000	5000	25000	
45001	12000	5500	25000	
45001	12000	6000	25000	
45001	12000	6500	25000	
45001	12000	7000	25000	
45001	12000	7500	25000	
45001	12000	8000	25000	
45001	12000	8500	25000	
45001	12000	9000	25000	
45001	12000	9500	25000	
45001	25000	0	25000	
45001	25000	500	25000	
45001	25000	1000	25000	
45001	25000	1500	25000	
45001	25000	2000	25000	
45001	25000	2500	25000	
45001	25000	3000	25000	
45001	25000	3500	25000	
45001	25000	4000	25000	
45001	25000	4500	25000	
45001	25000	5000	25000	
45001	25000	5500	25000	
45001	25000	6000	25000	
45001	25000	6500	25000	
45001	25000	7000	25000	
45001	25000	7500	25000	
45001	25000	8000	25000	
45001	25000	8500	25000	
45001	25000	9000	25000	
45001	25000	9500	25000	
45201	200	0	800	
45201	200	500	800	
45201	200	1000	12000	
45201	200	1500	25000	
45201	200	2000	25000	
45201	200	2500	25000	
45201	200	3000	25000	
45201	200	3500	25000	
45201	200	4000	25000	
45201	200	4500	25000	
45201	200	5000	25000	
45201	200	5500	25000	
45201	200	6000	25000	
45201	200	6500	25000	
45201	200	7000	25000	
45201	200	7500	25000	
45201	200	8000	25000	
45201	200	8500	25000	
45201	200	9000	25000	
45201	200	9500	25000	
45201	800	0	800	
45201	800	500	800	
45201	800	1000	12000	
45201	800	1500	25000	
45201	800	2000	25000	
45201	800	2500	25000	
45201	800	3000	25000	
45201	800	3500	25000	
45201	800	4000	25000	
45201	800	4500	25000	
45201	800	5000	25000	
45201	800	5500	25000	
45201	800	6000	25000	
45201	800	6500	25000	
45201	800	7000	25000	
45201	800	7500	25000	
45201	800	8000	25000	
45201	800	8500	25000	
45201	800	9000	25000	
45201	800	9500	25000	
45201	2200	0	800	
45201	2200	500	12000	
45201	2200	1000	12000	
45201	2200	1500	25000	
45201	2200	2000	25000	
45201	2200	2500	25000	
45201	2200	3000	25000	
45201	2200	3500	25000	
45201	2200	4000	25000	
45201	2200	4500	25000	
45201	2200	5000	25000	
45201	2200	5500	25000	
45201	2200	6000	25000	
45201	2200	6500	25000	
45201	2200	7000	25000	
45201	2200	7500	25000	
45201	2200	8000	25000	
45201	2200	8500	25000	
45201	2200	9000	25000	
45201	2200	9500	25000	
45201	5000	0	800	
45201	5000	500	12000	
45201	5000	1000	12000	
45201	5000	1500	25000	
45201	5000	2000	25000	
45201	5000	2500	25000	
45201	5000	3000	25000	
45201	5000	3500	25000	
45201	5000	4000	25000	
45201	5000	4500	25000	
45201	5000	5000	25000	
45201	5000	5500	25000	
45201	5000	6000	25000	
45201	5000	6500	25000	
45201	5000	7000	25000	
45201	5000	7500	25000	
45201	5000	8000	25000	
45201	5000	8500	25000	
45201	5000	9000	25000	
45201	5000	9500	25000	
45201	12000	0	12000	
45201	12000	500	12000	
45201	12000	1000	12000	
45201	12000	1500	25000	
45201	12000	2000	25000	
45201	12000	2500	25000	
45201	12000	3000	25000	
45201	12000	3500	25000	
45201	12000	4000	25000	
45201	12000	4500	25000	
45201	12000	5000	25000	
45201	12000	5500	25000	
45201	12000	6000	25000	
45201	12000	6500	25000	
45201	12000	7000	25000	
45201	12000	7500	25000	
45201	12000	8000	25000	
45201	12000	8500	25000	
45201	12000	9000	25000	
45201	12000	9500	25000	
45201	25000	0	25000	
45201	25000	500	25000	
45201	25000	1000	25000	
45201	25000	1500	25000	
45201	25000	2000	25000	
45201	25000	2500	25000	
45201	25000	3000	25000	
45201	25000	3500	25000	
45201	25000	4000	25000	
45201	25000	4500	25000	
45201	25000	5000	25000	
45201	25000	5500	25000	
45201	25000	6000	25000	
45201	25000	6500	25000	
45201	25000	7000	25000	
45201	25000	7500	25000	
45201	25000	8000	25000	
45201	25000	8500	25000	
45201	25000	9000	25000	
45201	25000	9500	25000	
45401	200	0	800	
45401	200	500	800	
45401	200	1000	12000	
45401	200	1500	25000	
45401	200	2000	25000	
45401	200	2500	25000	
45401	200	3000	25000	
45401	200	3500	25000	
45401	200	4000	25000	
45401	200	4500	25000	
45401	200	5000	25000	
45401	200	5500	25000	
45401	200	6000	25000	
45401	200	6500	25000	
45401	200	7000	25000	
45401	200	7500	25000	
45401	200	8000	25000	
45401	200	8500	25000	
45401	200	9000	25000	
45401	200	9500	25000	
45401	800	0	800	
45401	800	500	800	
45401	800	1000	12000	
45401	800	1500	25000	
45401	800	2000	25000	
45401	800	2500	25000	
45401	800	3000	25000	
45401	800	3500	25000	
45401	800	4000	25000	
45401	800	4500	25000	
45401	800	5000	25000	
45401	800	5500	25000	
45401	800	6000	25000	
45401	800	6500	25000	
45401	800	7000	25000	
45401	800	7500	25000	
45401	800	8000	25000	
45401	800	8500	25000	
45401	800	9000	25000	
45401	800	9500	25000	
45401	2200	0	800	
45401	2200	500	12000	
45401	2200	1000	12000	
45401	2200	1500	25000	
45401	2200	2000	25000	
45401	2200	2500	25000	
45401	2200	3000	25000	
45401	2200	3500	25000	
45401	2200	4000	25000	
45401	2200	4500	25000	
45401	2200	5000	25000	
45401	2200	5500	25000	
45401	2200	6000	25000	
45401	2200	6500	25000	
45401	2200	7000	25000	
45401	2200	7500	25000	
45401	2200	8000	25000	
45401	2200	8500	25000	
45401	2200	9000	25000	
45401	2200	9500	25000	
45401	5000	0	800	
45401	5000	500	12000	
45401	5000	1000	12000	
45401	5000	1500	25000	
45401	5000	2000	25000	
45401	5000	2500	25000	
45401	5000	3000	25000	
45401	5000	3500	25000	
45401	5000	4000	25000	
45401	5000	4500	25000	
45401	5000	5000	25000	
45401	5000	5500	25000	
45401	5000	6000	25000	
45401	5000	6500	25000	
45401	5000	7000	25000	
45401	5000	7500	25000	
45401	5000	8000	25000	
45401	5000	8500	25000	
45401	5000	9000	25000	
45401	5000	9500	25000	
45401	12000	0	12000	
45401	12000	500	12000	
45401	12000	1000	12000	
45401	12000	1500	25000	
45401	12000	2000	25000	
45401	12000	2500	25000	
45401	12000	3000	25000	
45401	12000	3500	25000	
45401	12000	4000	25000	
45401	12000	4500	25000	
45401	12000	5000	25000	
45401	12000	5500	25000	
45401	12000	6000	25000	
45401	12000	6500	25000	
45401	12000	7000	25000	
45401	12000	7500	25000	
45401	12000	8000	25000	
45401	12000	8500	25000	
45401	12000	9000	25000	
45401	12000	9500	25000	
45401	25000	0	25000	
45401	25000	500	25000	
45401	25000	1000	25000	
45401	25000	1500	25000	
45401	25000	2000	25000	
45401	25000	2500	25000	
45401	25000	3000	25000	
45401	25000	3500	25000	
45401	25000	4000	25000	
45401	25000	4500	25000	
45401	25000	5000	25000	
45401	25000	5500	25000	
45401	25000	6000	25000	
45401	25000	6500	25000	
45401	25000	7000	25000	
45401	25000	7500	25000	
45401	25000	8000	25000	
45401	25000	8500	25000	
45401	25000	9000	25000	
45401	25000	9500	25000	
45601	200	0	800	
45601	200	500	800	
45601	200	1000	12000	
45601	200	1500	25000	
45601	200	2000	25000	
45601	200	2500	25000	
45601	200	3000	25000	
45601	200	3500	25000	
45601	200	4000	25000	
45601	200	4500	25000	
45601	200	5000	25000	
45601	200	5500	25000	
45601	200	6000	25000	
45601	200	6500	25000	
45601	200	7000	25000	
45601	200	7500	25000	
45601	200	8000	25000	
45601	200	8500	25000	
45601	200	9000	25000	
45601	200	9500	25000	
45601	800	0	800	
45601	800	500	800	
45601	800	1000	12000	
45601	800	1500	25000	
45601	800	2000	25000	
45601	800	2500	25000	
45601	800	3000	25000	
45601	800	3500	25000	
45601	800	4000	25000	
45601	800	4500	25000	
45601	800	5000	25000	
45601	800	5500	25000	
45601	800	6000	25000	
45601	800	6500	25000	
45601	800	7000	25000	
45601	800	7500	25000	
45601	800	8000	25000	
45601	800	8500	25000	
45601	800	9000	25000	
45601	800	9500	25000	
45601	2200	0	800	
45601	2200	500	12000	
45601	2200	1000	12000	
45601	2200	1500	25000	
45601	2200	2000	25000	
45601	2200	2500	25000	
45601	2200	3000	25000	
45601	2200	3500	25000	
45601	2200	4000	25000	
45601	2200	4500	25000	
45601	2200	5000	25000	
45601	2200	5500	25000	
45601	2200	6000	25000	
45601	2200	6500	25000	
45601	2200	7000	25000	
45601	2200	7500	25000	
45601	2200	8000	25000	
45601	2200	8500	25000	
45601	2200	9000	25000	
45601	2200	9500	25000	
45601	5000	0	800	
45601	5000	500	12000	
45601	5000	1000	12000	
45601	5000	1500	25000	
45601	5000	2000	25000	
45601	5000	2500	25000	
45601	5000	3000	25000	
45601	5000	3500	25000	
45601	5000	4000	25000	
45601	5000	4500	25000	
45601	5000	5000	25000	
45601	5000	5500	25000	
45601	5000	6000	25000	
45601	5000	6500	25000	
45601	5000	7000	25000	
45601	5000	7500	25000	
45601	5000	8000	25000	
45601	5000	8500	25000	
45601	5000	9000	25000	
45601	5000	9500	25000	
45601	12000	0	12000	
45601	12000	500	12000	
45601	12000	1000	12000	
45601	12000	1500	25000	
45601	12000	2000	25000	
45601	12000	2500	25000	
45601	12000	3000	25000	
45601	12000	3500	25000	
45601	12000	4000	25000	
45601	12000	4500	25000	
45601	12000	5000	25000	
45601	12000	5500	25000	
45601	12000	6000	25000	
45601	12000	6500	25000	
45601	12000	7000	25000	
45601	12000	7500	25000	
45601	12000	8000	25000	
45601	12000	8500	25000	
45601	12000	9000	25000	
45601	12000	9500	25000	
45601	25000	0	25000	
45601	25000	500	25000	
45601	25000	1000	25000	
45601	25000	1500	25000	
45601	25000	2000	25000	
45601	25000	2500	25000	
45601	25000	3000	25000	
45601	25000	3500	25000	
45601	25000	4000	25000	
45601	25000	4500	25000	
45601	25000	5000	25000	
45601	25000	5500	25000	
45601	25000	6000	25000	
45601	25000	6500	25000	
45601	25000	7000	25000	
45601	25000	7500	25000	
45601	25000	8000	25000	
45601	25000	8500	25000	
45601	25000	9000	25000	
45601	25000	9500	25000	
45801	200	0	800	
45801	200	500	800	
45801	200	1000	12000	
45801	200	1500	25000	
45801	200	2000	25000	
45801	200	2500	25000	
45801	200	3000	25000	
45801	200	3500	25000	
45801	200	4000	25000	
45801	200	4500	25000	
45801	200	5000	25000	
45801	200	5500	25000	
45801	200	6000	25000	
45801	200	6500	25000	
45801	200	7000	25000	
45801	200	7500	25000	
45801	200	8000	25000	
45801	200	8500	25000	
45801	200	9000	25000	
45801	200	9500	25000	
45801	800	0	800	
45801	800	500	800	
45801	800	1000	12000	
45801	800	1500	25000	
45801	800	2000	25000	
45801	800	2500	25000	
45801	800	3000	25000	
45801	800	3500	25000	
45801	800	4000	25000	
45801	800	4500	25000	
45801	800	5000	25000	
45801	800	5500	25000	
45801	800	6000	25000	
45801	800	6500	25000	
45801	800	7000	25000	
45801	800	7500	25000	
45801	800	8000	25000	
45801	800	8500	25000	
45801	800	9000	25000	
45801	800	9500	25000	
45801	2200	0	800	
45801	2200	500	12000	
45801	2200	1000	12000	
45801	2200	1500	25000	
45801	2200	2000	25000	
45801	2200	2500	25000	
45801	2200	3000	25000	
45801	2200	3500	25000	
45801	2200	4000	25000	
45801	2200	4500	25000	
45801	2200	5000	25000	
45801	2200	5500	25000	
45801	2200	6000	25000	
45801	2200	6500	25000	
45801	2200	7000	25000	
45801	2200	7500	25000	
45801	2200	8000	25000	
45801	2200	8500	25000	
45801	2200	9000	25000	
45801	2200	9500	25000	
45801	5000	0	800	
45801	5000	500	12000	
45801	5000	1000	12000	
45801	5000	1500	25000	
45801	5000	2000	25000	
45801	5000	2500	25000	
45801	5000	3000	25000	
45801	5000	3500	25000	
45801	5000	4000	25000	
45801	5000	4500	25000	
45801	5000	5000	25000	
45801	5000	5500	25000	
45801	5000	6000	25000	
45801	5000	6500	25000	
45801	5000	7000	25000	
45801	5000	7500	25000	
45801	5000	8000	25000	
45801	5000	8500	25000	
45801	5000	9000	25000	
45801	5000	9500	25000	
45801	12000	0	12000	
45801	12000	500	12000	
45801	12000	1000	12000	
45801	12000	1500	25000	
45801	12000	2000	25000	
45801	12000	2500	25000	
45801	12000	3000	25000	
45801	12000	3500	25000	
45801	12000	4000	25000	
45801	12000	4500	25000	
45801	12000	5000	25000	
45801	12000	5500	25000	
45801	12000	6000	25000	
45801	12000	6500	25000	
45801	12000	7000	25000	
45801	12000	7500	25000	
45801	12000	8000	25000	
45801	12000	8500	25000	
45801	12000	9000	25000	
45801	12000	9500	25000	
45801	25000	0	25000	
45801	25000	500	25000	
45801	25000	1000	25000	
45801	25000	1500	25000	
45801	25000	2000	25000	
45801	25000	2500	25000	
45801	25000	3000	25000	
45801	25000	3500	25000	
45801	25000	4000	25000	
45801	25000	4500	25000	
45801	25000	5000	25000	
45801	25000	5500	25000	
45801	25000	6000	25000	
45801	25000	6500	25000	
45801	25000	7000	25000	
45801	25000	7500	25000	
45801	25000	8000	25000	
45801	25000	8500	25000	
45801	25000	9000	25000	
45801	25000	9500	25000	
46001	200	0	800	
46001	200	500	800	
46001	200	1000	12000	
46001	200	1500	25000	
46001	200	2000	25000	
46001	200	2500	25000	
46001	200	3000	25000	
46001	200	3500	25000	
46001	200	4000	25000	
46001	200	4500	25000	
46001	200	5000	25000	
46001	200	5500	25000	
46001	200	6000	25000	
46001	200	6500	25000	
46001	200	7000	25000	
46001	200	7500	25000	
46001	200	8000	25000	
46001	200	8500	25000	
46001	200	9000	25000	
46001	200	9500	25000	
46001	800	0	800	
46001	800	500	800	
46001	800	1000	12000	
46001	800	1500	25000	
46001	800	2000	25000	
46001	800	2500	25000	
46001	800	3000	25000	
46001	800	3500	25000	
46001	800	4000	25000	
46001	800	4500	25000	
46001	800	5000	25000	
46001	800	5500	25000	
46001	800	6000	25000	
46001	800	6500	25000	
46001	800	7000	25000	
46001	800	7500	25000	
46001	800	8000	25000	
46001	800	8500	25000	
46001	800	9000	25000	
46001	800	9500	25000	
46001	2200	0	800	
46001	2200	500	12000	
46001	2200	1000	12000	
46001	2200	1500	25000	
46001	2200	2000	25000	
46001	2200	2500	25000	
46001	2200	3000	25000	
46001	2200	3500	25000	
46001	2200	4000	25000	
46001	2200	4500	25000	
46001	2200	5000	25000	
46001	2200	5500	25000	
46001	2200	6000	25000	
46001	2200	6500	25000	
46001	2200	7000	25000	
46001	2200	7500	25000	
46001	2200	8000	25000	
46001	2200	8500	25000	
46001	2200	9000	25000	
46001	2200	9500	25000	
46001	5000	0	800	
46001	5000	500	12000	
46001	5000	1000	12000	
46001	5000	1500	25000	
46001	5000	2000	25000	
46001	5000	2500	25000	
46001	5000	3000	25000	
46001	5000	3500	25000	
46001	5000	4000	25000	
46001	5000	4500	25000	
46001	5000	5000	25000	
46001	5000	5500	25000	
46001	5000	6000	25000	
46001	5000	6500	25000	
46001	5000	7000	25000	
46001	5000	7500	25000	
46001	5000	8000	25000	
46001	5000	8500	25000	
46001	5000	9000	25000	
46001	5000	9500	25000	
46001	12000	0	12000	
46001	12000	500	12000	
46001	12000	1000	12000	
46001	12000	1500	25000	
46001	12000	2000	25000	
46001	12000	2500	25000	
46001	12000	3000	25000	
46001	12000	3500	25000	
46001	12000	4000	25000	
46001	12000	4500	25000	
46001	12000	5000	25000	
46001	12000	5500	25000	
46001	12000	6000	25000	
46001	12000	6500	25000	
46001	12000	7000	25000	
46001	12000	7500	25000	
46001	12000	8000	25000	
46001	12000	8500	25000	
46001	12000	9000	25000	
46001	12000	9500	25000	
46001	25000	0	25000	
46001	25000	500	25000	
46001	25000	1000	25000	
46001	25000	1500	25000	
46001	25000	2000	25000	
46001	25000	2500	25000	
46001	25000	3000	25000	
46001	25000	3500	25000	
46001	25000	4000	25000	
46001	25000	4500	25000	
46001	25000	5000	25000	
46001	25000	5500	25000	
46001	25000	6000	25000	
46001	25000	6500	25000	
46001	25000	7000	25000	
46001	25000	7500	25000	
46001	25000	8000	25000	
46001	25000	8500	25000	
46001	25000	9000	25000	
46001	25000	9500	25000	
46201	200	0	800	
46201	200	500	800	
46201	200	1000	12000	
46201	200	1500	25000	
46201	200	2000	25000	
46201	200	2500	25000	
46201	200	3000	25000	
46201	200	3500	25000	
46201	200	4000	25000	
46201	200	4500	25000	
46201	200	5000	25000	
46201	200	5500	25000	
46201	200	6000	25000	
46201	200	6500	25000	
46201	200	7000	25000	
46201	200	7500	25000	
46201	200	8000	25000	
46201	200	8500	25000	
46201	200	9000	25000	
46201	200	9500	25000	
46201	800	0	800	
46201	800	500	800	
46201	800	1000	12000	
46201	800	1500	25000	
46201	800	2000	25000	
46201	800	2500	25000	
46201	800	3000	25000	
46201	800	3500	25000	
46201	800	4000	25000	
46201	800	4500	25000	
46201	800	5000	25000	
46201	800	5500	25000	
46201	800	6000	25000	
46201	800	6500	25000	
46201	800	7000	25000	
46201	800	7500	25000	
46201	800	8000	25000	
46201	800	8500	25000	
46201	800	9000	25000	
46201	800	9500	25000	
46201	2200	0	800	
46201	2200	500	12000	
46201	2200	1000	12000	
46201	2200	1500	25000	
46201	2200	2000	25000	
46201	2200	2500	25000	
46201	2200	3000	25000	
46201	2200	3500	25000	
46201	2200	4000	25000	
46201	2200	4500	25000	
46201	2200	5000	25000	
46201	2200	5500	25000	
46201	2200	6000	25000	
46201	2200	6500	25000	
46201	2200	7000	25000	
46201	2200	7500	25000	
46201	2200	8000	25000	
46201	2200	8500	25000	
46201	2200	9000	25000	
46201	2200	9500	25000	
46201	5000	0	800	
46201	5000	500	12000	
46201	5000	1000	12000	
46201	5000	1500	25000	
46201	5000	2000	25000	
46201	5000	2500	25000	
46201	5000	3000	25000	
46201	5000	3500	25000	
46201	5000	4000	25000	
46201	5000	4500	25000	
46201	5000	5000	25000	
46201	5000	5500	25000	
46201	5000	6000	25000	
46201	5000	6500	25000	
46201	5000	7000	25000	
46201	5000	7500	25000	
46201	5000	8000	25000	
46201	5000	8500	25000	
46201	5000	9000	25000	
46201	5000	9500	25000	
46201	12000	0	12000	
46201	12000	500	12000	
46201	12000	1000	12000	
46201	12000	1500	25000	
46201	12000	2000	25000	
46201	12000	2500	25000	
46201	12000	3000	25000	
46201	12000	3500	25000	
46201	12000	4000	25000	
46201	12000	4500	25000	
46201	12000	5000	25000	
46201	12000	5500	25000	
46201	12000	6000	25000	
46201	12000	6500	25000	
46201	12000	7000	25000	
46201	12000	7500	25000	
46201	12000	8000	25000	
46201	12000	8500	25000	
46201	12000	9000	25000	
46201	12000	9500	25000	
46201	25000	0	25000	
46201	25000	500	25000	
46201	25000	1000	25000	
46201	25000	1500	25000	
46201	25000	2000	25000	
46201	25000	2500	25000	
46201	25000	3000	25000	
46201	25000	3500	25000	
46201	25000	4000	25000	
46201	25000	4500	25000	
46201	25000	5000	25000	
46201	25000	5500	25000	
46201	25000	6000	25000	
46201	25000	6500	25000	
46201	25000	7000	25000	
46201	25000	7500	25000	
46201	25000	8000	25000	
46201	25000	8500	25000	
46201	25000	9000	25000	
46201	25000	9500	25000	
46401	200	0	800	
46401	200	500	800	
46401	200	1000	12000	
46401	200	1500	25000	
46401	200	2000	25000	
46401	200	2500	25000	
46401	200	3000	25000	
46401	200	3500	25000	
46401	200	4000	25000	
46401	200	4500	25000	
46401	200	5000	25000	
46401	200	5500	25000	
46401	200	6000	25000	
46401	200	6500	25000	
46401	200	7000	25000	
46401	200	7500	25000	
46401	200	8000	25000	
46401	200	8500	25000	
46401	200	9000	25000	
46401	200	9500	25000	
46401	800	0	800	
46401	800	500	800	
46401	800	1000	12000	
46401	800	1500	25000	
46401	800	2000	25000	
46401	800	2500	25000	
46401	800	3000	25000	
46401	800	3500	25000	
46401	800	4000	25000	
46401	800	4500	25000	
46401	800	5000	25000	
46401	800	5500	25000	
46401	800	6000	25000	
46401	800	6500	25000	
46401	800	7000	25000	
46401	800	7500	25000	
46401	800	8000	25000	
46401	800	8500	25000	
46401	800	9000	25000	
46401	800	9500	25000	
46401	2200	0	800	
46401	2200	500	12000	
46401	2200	1000	12000	
46401	2200	1500	25000	
46401	2200	2000	25000	
46401	2200	2500	25000	
46401	2200	3000	25000	
46401	2200	3500	25000	
46401	2200	4000	25000	
46401	2200	4500	25000	
46401	2200	5000	25000	
46401	2200	5500	25000	
46401	2200	6000	25000	
46401	2200	6500	25000	
46401	2200	7000	25000	
46401	2200	7500	25000	
46401	2200	8000	25000	
46401	2200	8500	25000	
46401	2200	9000	25000	
46401	2200	9500	25000	
46401	5000	0	800	
46401	5000	500	12000	
46401	5000	1000	12000	
46401	5000	1500	25000	
46401	5000	2000	25000	
46401	5000	2500	25000	
46401	5000	3000	25000	
46401	5000	3500	25000	
46401	5000	4000	25000	
46401	5000	4500	25000	
46401	5000	5000	25000	
46401	5000	5500	25000	
46401	5000	6000	25000	
46401	5000	6500	25000	
46401	5000	7000	25000	
46401	5000	7500	25000	
46401	5000	8000	25000	
46401	5000	8500	25000	
46401	5000	9000	25000	
46401	5000	9500	25000	
46401	12000	0	12000	
46401	12000	500	12000	
46401	12000	1000	12000	
46401	12000	1500	25000	
46401	12000	2000	25000	
46401	12000	2500	25000	
46401	12000	3000	25000	
46401	12000	3500	25000	
46401	12000	4000	25000	
46401	12000	4500	25000	
46401	12000	5000	25000	
46401	12000	5500	25000	
46401	12000	6000	25000	
46401	12000	6500	25000	
46401	12000	7000	25000	
46401	12000	7500	25000	
46401	12000	8000	25000	
46401	12000	8500	25000	
46401	12000	9000	25000	
46401	12000	9500	25000	
46401	25000	0	25000	
46401	25000	500	25000	
46401	25000	1000	25000	
46401	25000	1500	25000	
46401	25000	2000	25000	
46401	25000	2500	25000	
46401	25000	3000	25000	
46401	25000	3500	25000	
46401	25000	4000	25000	
46401	25000	4500	25000	
46401	25000	5000	25000	
46401	25000	5500	25000	
46401	25000	6000	25000	
46401	25000	6500	25000	
46401	25000	7000	25000	
46401	25000	7500	25000	
46401	25000	8000	25000	
46401	25000	8500	25000	
46401	25000	9000	25000	
46401	25000	9500	25000	
46601	200	0	800	
46601	200	500	800	
46601	200	1000	12000	
46601	200	1500	25000	
46601	200	2000	25000	
46601	200	2500	25000	
46601	200	3000	25000	
46601	200	3500	25000	
46601	200	4000	25000	
46601	200	4500	25000	
46601	200	5000	25000	
46601	200	5500	25000	
46601	200	6000	25000	
46601	200	6500	25000	
46601	200	7000	25000	
46601	200	7500	25000	
46601	200	8000	25000	
46601	200	8500	25000	
46601	200	9000	25000	
46601	200	9500	25000	
46601	800	0	800	
46601	800	500	800	
46601	800	1000	12000	
46601	800	1500	25000	
46601	800	2000	25000	
46601	800	2500	25000	
46601	800	3000	25000	
46601	800	3500	25000	
46601	800	4000	25000	
46601	800	4500	25000	
46601	800	5000	25000	
46601	800	5500	25000	
46601	800	6000	25000	
46601	800	6500	25000	
46601	800	7000	25000	
46601	800	7500	25000	
46601	800	8000	25000	
46601	800	8500	25000	
46601	800	9000	25000	
46601	800	9500	25000	
46601	2200	0	800	
46601	2200	500	12000	
46601	2200	1000	12000	
46601	2200	1500	25000	
46601	2200	2000	25000	
46601	2200	2500	25000	
46601	2200	3000	25000	
46601	2200	3500	25000	
46601	2200	4000	25000	
46601	2200	4500	25000	
46601	2200	5000	25000	
46601	2200	5500	25000	
46601	2200	6000	25000	
46601	2200	6500	25000	
46601	2200	7000	25000	
46601	2200	7500	25000	
46601	2200	8000	25000	
46601	2200	8500	25000	
46601	2200	9000	25000	
46601	2200	9500	25000	
46601	5000	0	800	
46601	5000	500	12000	
46601	5000	1000	12000	
46601	5000	1500	25000	
46601	5000	2000	25000	
46601	5000	2500	25000	
46601	5000	3000	25000	
46601	5000	3500	25000	
46601	5000	4000	25000	
46601	5000	4500	25000	
46601	5000	5000	25000	
46601	5000	5500	25000	
46601	5000	6000	25000	
46601	5000	6500	25000	
46601	5000	7000	25000	
46601	5000	7500	25000	
46601	5000	8000	25000	
46601	5000	8500	25000	
46601	5000	9000	25000	
46601	5000	9500	25000	
46601	12000	0	12000	
46601	12000	500	12000	
46601	12000	1000	12000	
46601	12000	1500	25000	
46601	12000	2000	25000	
46601	12000	2500	25000	
46601	12000	3000	25000	
46601	12000	3500	25000	
46601	12000	4000	25000	
46601	12000	4500	25000	
46601	12000	5000	25000	
46601	12000	5500	25000	
46601	12000	6000	25000	
46601	12000	6500	25000	
46601	12000	7000	25000	
46601	12000	7500	25000	
46601	12000	8000	25000	
46601	12000	8500	25000	
46601	12000	9000	25000	
46601	12000	9500	25000	
46601	25000	0	25000	
46601	25000	500	25000	
46601	25000	1000	25000	
46601	25000	1500	25000	
46601	25000	2000	25000	
46601	25000	2500	25000	
46601	25000	3000	25000	
46601	25000	3500	25000	
46601	25000	4000	25000	
46601	25000	4500	25000	
46601	25000	5000	25000	
46601	25000	5500	25000	
46601	25000	6000	25000	
46601	25000	6500	25000	
46601	25000	7000	25000	
46601	25000	7500	25000	
46601	25000	8000	25000	
46601	25000	8500	25000	
46601	25000	9000	25000	
46601	25000	9500	25000	
46801	200	0	800	
46801	200	500	800	
46801	200	1000	12000	
46801	200	1500	25000	
46801	200	2000	25000	
46801	200	2500	25000	
46801	200	3000	25000	
46801	200	3500	25000	
46801	200	4000	25000	
46801	200	4500	25000	
46801	200	5000	25000	
46801	200	5500	25000	
46801	200	6000	25000	
46801	200	6500	25000	
46801	200	7000	25000	
46801	200	7500	25000	
46801	200	8000	25000	
46801	200	8500	25000	
46801	200	9000	25000	
46801	200	9500	25000	
46801	800	0	800	
46801	800	500	800	
46801	800	1000	12000	
46801	800	1500	25000	
46801	800	2000	25000	
46801	800	2500	25000	
46801	800	3000	25000	
46801	800	3500	25000	
46801	800	4000	25000	
46801	800	4500	25000	
46801	800	5000	25000	
46801	800	5500	25000	
46801	800	6000	25000	
46801	800	6500	25000	
46801	800	7000	25000	
46801	800	7500	25000	
46801	800	8000	25000	
46801	800	8500	25000	
46801	800	9000	25000	
46801	800	9500	25000	
46801	2200	0	800	
46801	2200	500	12000	
46801	2200	1000	12000	
46801	2200	1500	25000	
46801	2200	2000	25000	
46801	2200	2500	25000	
46801	2200	3000	25000	
46801	2200	3500	25000	
46801	2200	4000	25000	
46801	2200	4500	25000	
46801	2200	5000	25000	
46801	2200	5500	25000	
46801	2200	6000	25000	
46801	2200	6500	25000	
46801	2200	7000	25000	
46801	2200	7500	25000	
46801	2200	8000	25000	
46801	2200	8500	25000	
46801	2200	9000	25000	
46801	2200	9500	25000	
46801	5000	0	800	
46801	5000	500	12000	
46801	5000	1000	12000	
46801	5000	1500	25000	
46801	5000	2000	25000	
46801	5000	2500	25000	
46801	5000	3000	25000	
46801	5000	3500	25000	
46801	5000	4000	25000	
46801	5000	4500	25000	
46801	5000	5000	25000	
46801	5000	5500	25000	
46801	5000	6000	25000	
46801	5000	6500	25000	
46801	5000	7000	25000	
46801	5000	7500	25000	
46801	5000	8000	25000	
46801	5000	8500	25000	
46801	5000	9000	25000	
46801	5000	9500	25000	
46801	12000	0	12000	
46801	12000	500	12000	
46801	12000	1000	12000	
46801	12000	1500	25000	
46801	12000	2000	25000	
46801	12000	2500	25000	
46801	12000	3000	25000	
46801	12000	3500	25000	
46801	12000	4000	25000	
46801	12000	4500	25000	
46801	12000	5000	25000	
46801	12000	5500	25000	
46801	12000	6000	25000	
46801	12000	6500	25000	
46801	12000	7000	25000	
46801	12000	7500	25000	
46801	12000	8000	25000	
46801	12000	8500	25000	
46801	12000	9000	25000	
46801	12000	9500	25000	
46801	25000	0	25000	
46801	25000	500	25000	
46801	25000	1000	25000	
46801	25000	1500	25000	
46801	25000	2000	25000	
46801	25000	2500	25000	
46801	25000	3000	25000	
46801	25000	3500	25000	
46801	25000	4000	25000	
46801	25000	4500	25000	
46801	25000	5000	25000	
46801	25000	5500	25000	
46801	25000	6000	25000	
46801	25000	6500	25000	
46801	25000	7000	25000	
46801	25000	7500	25000	
46801	25000	8000	25000	
46801	25000	8500	25000	
46801	25000	9000	25000	
46801	25000	9500	25000	
47001	200	0	800	
47001	200	500	800	
47001	200	1000	12000	
47001	200	1500	25000	
47001	200	2000	25000	
47001	200	2500	25000	
47001	200	3000	25000	
47001	200	3500	25000	
47001	200	4000	25000	
47001	200	4500	25000	
47001	200	5000	25000	
47001	200	5500	25000	
47001	200	6000	25000	
47001	200	6500	25000	
47001	200	7000	25000	
47001	200	7500	25000	
47001	200	8000	25000	
47001	200	8500	25000	
47001	200	9000	25000	
47001	200	9500	25000	
47001	800	0	800	
47001	800	500	800	
47001	800	1000	12000	
47001	800	1500	25000	
47001	800	2000	25000	
47001	800	2500	25000	
47001	800	3000	25000	
47001	800	3500	25000	
47001	800	4000	25000	
47001	800	4500	25000	
47001	800	5000	25000	
47001	800	5500	25000	
47001	800	6000	25000	
47001	800	6500	25000	
47001	800	7000	25000	
47001	800	7500	25000	
47001	800	8000	25000	
47001	800	8500	25000	
47001	800	9000	25000	
47001	800	9500	25000	
47001	2200	0	800	
47001	2200	500	12000	
47001	2200	1000	12000	
47001	2200	1500	25000	
47001	2200	2000	25000	
47001	2200	2500	25000	
47001	2200	3000	25000	
47001	2200	3500	25000	
47001	2200	4000	25000	
47001	2200	4500	25000	
47001	2200	5000	25000	
47001	2200	5500	25000	
47001	2200	6000	25000	
47001	2200	6500	25000	
47001	2200	7000	25000	
47001	2200	7500	25000	
47001	2200	8000	25000	
47001	2200	8500	25000	
47001	2200	9000	25000	
47001	2200	9500	25000	
47001	5000	0	800	
47001	5000	500	12000	
47001	5000	1000	12000	
47001	5000	1500	25000	
47001	5000	2000	25000	
47001	5000	2500	25000	
47001	5000	3000	25000	
47001	5000	3500	25000	
47001	5000	4000	25000	
47001	5000	4500	25000	
47001	5000	5000	25000	
47001	5000	5500	25000	
47001	5000	6000	25000	
47001	5000	6500	25000	
47001	5000	7000	25000	
47001	5000	7500	25000	
47001	5000	8000	25000	
47001	5000	8500	25000	
47001	5000	9000	25000	
47001	5000	9500	25000	
47001	12000	0	12000	
47001	12000	500	12000	
47001	12000	1000	12000	
47001	12000	1500	25000	
47001	12000	2000	25000	
47001	12000	2500	25000	
47001	12000	3000	25000	
47001	12000	3500	25000	
47001	12000	4000	25000	
47001	12000	4500	25000	
47001	12000	5000	25000	
47001	12000	5500	25000	
47001	12000	6000	25000	
47001	12000	6500	25000	
47001	12000	7000	25000	
47001	12000	7500	25000	
47001	12000	8000	25000	
47001	12000	8500	25000	
47001	12000	9000	25000	
47001	12000	9500	25000	
47001	25000	0	25000	
47001	25000	500	25000	
47001	25000	1000	25000	
47001	25000	1500	25000	
47001	25000	2000	25000	
47001	25000	2500	25000	
47001	25000	3000	25000	
47001	25000	3500	25000	
47001	25000	4000	25000	
47001	25000	4500	25000	
47001	25000	5000	25000	
47001	25000	5500	25000	
47001	25000	6000	25000	
47001	25000	6500	25000	
47001	25000	7000	25000	
47001	25000	7500	25000	
47001	25000	8000	25000	
47001	25000	8500	25000	
47001	25000	9000	25000	
47001	25000	9500	25000	
47201	200	0	800	
47201	200	500	800	
47201	200	1000	12000	
47201	200	1500	25000	
47201	200	2000	25000	
47201	200	2500	25000	
47201	200	3000	25000	
47201	200	3500	25000	
47201	200	4000	25000	
47201	200	4500	25000	
47201	200	5000	25000	
47201	200	5500	25000	
47201	200	6000	25000	
47201	200	6500	25000	
47201	200	7000	25000	
47201	200	7500	25000	
47201	200	8000	25000	
47201	200	8500	25000	
47201	200	9000	25000	
47201	200	9500	25000	
47201	800	0	800	
47201	800	500	800	
47201	800	1000	12000	
47201	800	1500	25000	
47201	800	2000	25000	
47201	800	2500	25000	
47201	800	3000	25000	
47201	800	3500	25000	
47201	800	4000	25000	
47201	800	4500	25000	
47201	800	5000	25000	
47201	800	5500	25000	
47201	800	6000	25000	
47201	800	6500	25000	
47201	800	7000	25000	
47201	800	7500	25000	
47201	800	8000	25000	
47201	800	8500	25000	
47201	800	9000	25000	
47201	800	9500	25000	
47201	2200	0	800	
47201	2200	500	12000	
47201	2200	1000	12000	
47201	2200	1500	25000	
47201	2200	2000	25000	
47201	2200	2500	25000	
47201	2200	3000	25000	
47201	2200	3500	25000	
47201	2200	4000	25000	
47201	2200	4500	25000	
47201	2200	5000	25000	
47201	2200	5500	25000	
47201	2200	6000	25000	
47201	2200	6500	25000	
47201	2200	7000	25000	
47201	2200	7500	25000	
47201	2200	8000	25000	
47201	2200	8500	25000	
47201	2200	9000	25000	
47201	2200	9500	25000	
47201	5000	0	800	
47201	5000	500	12000	
47201	5000	1000	12000	
47201	5000	1500	25000	
47201	5000	2000	25000	
47201	5000	2500	25000	
47201	5000	3000	25000	
47201	5000	3500	25000	
47201	5000	4000	25000	
47201	5000	4500	25000	
47201	5000	5000	25000	
47201	5000	5500	25000	
47201	5000	6000	25000	
47201	5000	6500	25000	
47201	5000	7000	25000	
47201	5000	7500	25000	
47201	5000	8000	25000	
47201	5000	8500	25000	
47201	5000	9000	25000	
47201	5000	9500	25000	
47201	12000	0	12000	
47201	12000	500	12000	
47201	12000	1000	12000	
47201	12000	1500	25000	
47201	12000	2000	25000	
47201	12000	2500	25000	
47201	12000	3000	25000	
47201	12000	3500	25000	
47201	12000	4000	25000	
47201	12000	4500	25000	
47201	12000	5000	25000	
47201	12000	5500	25000	
47201	12000	6000	25000	
47201	12000	6500	25000	
47201	12000	7000	25000	
47201	12000	7500	25000	
47201	12000	8000	25000	
47201	12000	8500	25000	
47201	12000	9000	25000	
47201	12000	9500	25000	
47201	25000	0	25000	
47201	25000	500	25000	
47201	25000	1000	25000	
47201	25000	1500	25000	
47201	25000	2000	25000	
47201	25000	2500	25000	
47201	25000	3000	25000	
47201	25000	3500	25000	
47201	25000	4000	25000	
47201	25000	4500	25000	
47201	25000	5000	25000	
47201	25000	5500	25000	
47201	25000	6000	25000	
47201	25000	6500	25000	
47201	25000	7000	25000	
47201	25000	7500	25000	
47201	25000	8000	25000	
47201	25000	8500	25000	
47201	25000	9000	25000	
47201	25000	9500	25000	
47401	200	0	800	
47401	200	500	800	
47401	200	1000	12000	
47401	200	1500	25000	
47401	200	2000	25000	
47401	200	2500	25000	
47401	200	3000	25000	
47401	200	3500	25000	
47401	200	4000	25000	
47401	200	4500	25000	
47401	200	5000	25000	
47401	200	5500	25000	
47401	200	6000	25000	
47401	200	6500	25000	
47401	200	7000	25000	
47401	200	7500	25000	
47401	200	8000	25000	
47401	200	8500	25000	
47401	200	9000	25000	
47401	200	9500	25000	
47401	800	0	800	
47401	800	500	800	
47401	800	1000	12000	
47401	800	1500	25000	
47401	800	2000	25000	
47401	800	2500	25000	
47401	800	3000	25000	
47401	800	3500	25000	
47401	800	4000	25000	
47401	800	4500	25000	
47401	800	5000	25000	
47401	800	5500	25000	
47401	800	6000	25000	
47401	800	6500	25000	
47401	800	7000	25000	
47401	800	7500	25000	
47401	800	8000	25000	
47401	800	8500	25000	
47401	800	9000	25000	
47401	800	9500	25000	
47401	2200	0	800	
47401	2200	500	12000	
47401	2200	1000	12000	
47401	2200	1500	25000	
47401	2200	2000	25000	
47401	2200	2500	25000	
47401	2200	3000	25000	
47401	2200	3500	25000	
47401	2200	4000	25000	
47401	2200	4500	25000	
47401	2200	5000	25000	
47401	2200	5500	25000	
47401	2200	6000	25000	
47401	2200	6500	25000	
47401	2200	7000	25000	
47401	2200	7500	25000	
47401	2200	8000	25000	
47401	2200	8500	25000	
47401	2200	9000	25000	
47401	2200	9500	25000	
47401	5000	0	800	
47401	5000	500	12000	
47401	5000	1000	12000	
47401	5000	1500	25000	
47401	5000	2000	25000	
47401	5000	2500	25000	
47401	5000	3000	25000	
47401	5000	3500	25000	
47401	5000	4000	25000	
47401	5000	4500	25000	
47401	5000	5000	25000	
47401	5000	5500	25000	
47401	5000	6000	25000	
47401	5000	6500	25000	
47401	5000	7000	25000	
47401	5000	7500	25000	
47401	5000	8000	25000	
47401	5000	8500	25000	
47401	5000	9000	25000	
47401	5000	9500	25000	
47401	12000	0	12000	
47401	12000	500	12000	
47401	12000	1000	12000	
47401	12000	1500	25000	
47401	12000	2000	25000	
47401	12000	2500	25000	
47401	12000	3000	25000	
47401	12000	3500	25000	
47401	12000	4000	25000	
47401	12000	4500	25000	
47401	12000	5000	25000	
47401	12000	5500	25000	
47401	12000	6000	25000	
47401	12000	6500	25000	
47401	12000	7000	25000	
47401	12000	7500	25000	
47401	12000	8000	25000	
47401	12000	8500	25000	
47401	12000	9000	25000	
47401	12000	9500	25000	
47401	25000	0	25000	
47401	25000	500	25000	
47401	25000	1000	25000	
47401	25000	1500	25000	
47401	25000	2000	25000	
47401	25000	2500	25000	
47401	25000	3000	25000	
47401	25000	3500	25000	
47401	25000	4000	25000	
47401	25000	4500	25000	
47401	25000	5000	25000	
47401	25000	5500	25000	
47401	25000	6000	25000	
47401	25000	6500	25000	
47401	25000	7000	25000	
47401	25000	7500	25000	
47401	25000	8000	25000	
47401	25000	8500	25000	
47401	25000	9000	25000	
47401	25000	9500	25000	
47601	200	0	800	
47601	200	500	800	
47601	200	1000	12000	
47601	200	1500	25000	
47601	200	2000	25000	
47601	200	2500	25000	
47601	200	3000	25000	
47601	200	3500	25000	
47601	200	4000	25000	
47601	200	4500	25000	
47601	200	5000	25000	
47601	200	5500	25000	
47601	200	6000	25000	
47601	200	6500	25000	
47601	200	7000	25000	
47601	200	7500	25000	
47601	200	8000	25000	
47601	200	8500	25000	
47601	200	9000	25000	
47601	200	9500	25000	
47601	800	0	800	
47601	800	500	800	
47601	800	1000	12000	
47601	800	1500	25000	
47601	800	2000	25000	
47601	800	2500	25000	
47601	800	3000	25000	
47601	800	3500	25000	
47601	800	4000	25000	
47601	800	4500	25000	
47601	800	5000	25000	
47601	800	5500	25000	
47601	800	6000	25000	
47601	800	6500	25000	
47601	800	7000	25000	
47601	800	7500	25000	
47601	800	8000	25000	
47601	800	8500	25000	
47601	800	9000	25000	
47601	800	9500	25000	
47601	2200	0	800	
47601	2200	500	12000	
47601	2200	1000	12000	
47601	2200	1500	25000	
47601	2200	2000	25000	
47601	2200	2500	25000	
47601	2200	3000	25000	
47601	2200	3500	25000	
47601	2200	4000	25000	
47601	2200	4500	25000	
47601	2200	5000	25000	
47601	2200	5500	25000	
47601	2200	6000	25000	
47601	2200	6500	25000	
47601	2200	7000	25000	
47601	2200	7500	25000	
47601	2200	8000	25000	
47601	2200	8500	25000	
47601	2200	9000	25000	
47601	2200	9500	25000	
47601	5000	0	800	
47601	5000	500	12000	
47601	5000	1000	12000	
47601	5000	1500	25000	
47601	5000	2000	25000	
47601	5000	2500	25000	
47601	5000	3000	25000	
47601	5000	3500	25000	
47601	5000	4000	25000	
47601	5000	4500	25000	
47601	5000	5000	25000	
47601	5000	5500	25000	
47601	5000	6000	25000	
47601	5000	6500	25000	
47601	5000	7000	25000	
47601	5000	7500	25000	
47601	5000	8000	25000	
47601	5000	8500	25000	
47601	5000	9000	25000	
47601	5000	9500	25000	
47601	12000	0	12000	
47601	12000	500	12000	
47601	12000	1000	12000	
47601	12000	1500	25000	
47601	12000	2000	25000	
47601	12000	2500	25000	
47601	12000	3000	25000	
47601	12000	3500	25000	
47601	12000	4000	25000	
47601	12000	4500	25000	
47601	12000	5000	25000	
47601	12000	5500	25000	
47601	12000	6000	25000	
47601	12000	6500	25000	
47601	12000	7000	25000	
47601	12000	7500	25000	
47601	12000	8000	25000	
47601	12000	8500	25000	
47601	12000	9000	25000	
47601	12000	9500	25000	
47601	25000	0	25000	
47601	25000	500	25000	
47601	25000	1000	25000	
47601	25000	1500	25000	
47601	25000	2000	25000	
47601	25000	2500	25000	
47601	25000	3000	25000	
47601	25000	3500	25000	
47601	25000	4000	25000	
47601	25000	4500	25000	
47601	25000	5000	25000	
47601	25000	5500	25000	
47601	25000	6000	25000	
47601	25000	6500	25000	
47601	25000	7000	25000	
47601	25000	7500	25000	
47601	25000	8000	25000	
47601	25000	8500	25000	
47601	25000	9000	25000	
47601	25000	9500	25000	
47801	200	0	800	
47801	200	500	25000	
47801	200	1000	25000	
47801	200	1500	25000	
47801	200	2000	25000	
47801	200	2500	25000	
47801	200	3000	25000	
47801	200	3500	25000	
47801	200	4000	25000	
47801	200	4500	25000	
47801	200	5000	25000	
47801	200	5500	25000	
47801	200	6000	25000	
47801	200	6500	25000	
47801	200	7000	25000	
47801	200	7500	25000	
47801	200	8000	25000	
47801	200	8500	25000	
47801	200	9000	25000	
47801	200	9500	25000	
47801	800	0	800	
47801	800	500	25000	
47801	800	1000	25000	
47801	800	1500	25000	
47801	800	2000	25000	
47801	800	2500	25000	
47801	800	3000	25000	
47801	800	3500	25000	
47801	800	4000	25000	
47801	800	4500	25000	
47801	800	5000	25000	
47801	800	5500	25000	
47801	800	6000	25000	
47801	800	6500	25000	
47801	800	7000	25000	
47801	800	7500	25000	
47801	800	8000	25000	
47801	800	8500	25000	
47801	800	9000	25000	
47801	800	9500	25000	
47801	2200	0	25000	
47801	2200	500	25000	
47801	2200	1000	25000	
47801	2200	1500	25000	
47801	2200	2000	25000	
47801	2200	2500	25000	
47801	2200	3000	25000	
47801	2200	3500	25000	
47801	2200	4000	25000	
47801	2200	4500	25000	
47801	2200	5000	25000	
47801	2200	5500	25000	
47801	2200	6000	25000	
47801	2200	6500	25000	
47801	2200	7000	25000	
47801	2200	7500	25000	
47801	2200	8000	25000	
47801	2200	8500	25000	
47801	2200	9000	25000	
47801	2200	9500	25000	
47801	5000	0	25000	
47801	5000	500	25000	
47801	5000	1000	25000	
47801	5000	1500	25000	
47801	5000	2000	25000	
47801	5000	2500	25000	
47801	5000	3000	25000	
47801	5000	3500	25000	
47801	5000	4000	25000	
47801	5000	4500	25000	
47801	5000	5000	25000	
47801	5000	5500	25000	
47801	5000	6000	25000	
47801	5000	6500	25000	
47801	5000	7000	25000	
47801	5000	7500	25000	
47801	5000	8000	25000	
47801	5000	8500	25000	
47801	5000	9000	25000	
47801	5000	9500	25000	
47801	12000	0	25000	
47801	12000	500	25000	
47801	12000	1000	25000	
47801	12000	1500	25000	
47801	12000	2000	25000	
47801	12000	2500	25000	
47801	12000	3000	25000	
47801	12000	3500	25000	
47801	12000	4000	25000	
47801	12000	4500	25000	
47801	12000	5000	25000	
47801	12000	5500	25000	
47801	12000	6000	25000	
47801	12000	6500	25000	
47801	12000	7000	25000	
47801	12000	7500	25000	
47801	12000	8000	25000	
47801	12000	8500	25000	
47801	12000	9000	25000	
47801	12000	9500	25000	
47801	25000	0	25000	
47801	25000	500	25000	
47801	25000	1000	25000	
47801	25000	1500	25000	
47801	25000	2000	25000	
47801	25000	2500	25000	
47801	25000	3000	25000	
47801	25000	3500	25000	
47801	25000	4000	25000	
47801	25000	4500	25000	
47801	25000	5000	25000	
47801	25000	5500	25000	
47801	25000	6000	25000	
47801	25000	6500	25000	
47801	25000	7000	25000	
47801	25000	7500	25000	
47801	25000	8000	25000	
47801	25000	8500	25000	
47801	25000	9000	25000	
47801	25000	9500	25000	
48001	200	0	800	
48001	200	500	25000	
48001	200	1000	25000	
48001	200	1500	25000	
48001	200	2000	25000	
48001	200	2500	25000	
48001	200	3000	25000	
48001	200	3500	25000	
48001	200	4000	25000	
48001	200	4500	25000	
48001	200	5000	25000	
48001	200	5500	25000	
48001	200	6000	25000	
48001	200	6500	25000	
48001	200	7000	25000	
48001	200	7500	25000	
48001	200	8000	25000	
48001	200	8500	25000	
48001	200	9000	25000	
48001	200	9500	25000	
48001	800	0	800	
48001	800	500	25000	
48001	800	1000	25000	
48001	800	1500	25000	
48001	800	2000	25000	
48001	800	2500	25000	
48001	800	3000	25000	
48001	800	3500	25000	
48001	800	4000	25000	
48001	800	4500	25000	
48001	800	5000	25000	
48001	800	5500	25000	
48001	800	6000	25000	
48001	800	6500	25000	
48001	800	7000	25000	
48001	800	7500	25000	
48001	800	8000	25000	
48001	800	8500	25000	
48001	800	9000	25000	
48001	800	9500	25000	
48001	2200	0	25000	
48001	2200	500	25000	
48001	2200	1000	25000	
48001	2200	1500	25000	
48001	2200	2000	25000	
48001	2200	2500	25000	
48001	2200	3000	25000	
48001	2200	3500	25000	
48001	2200	4000	25000	
48001	2200	4500	25000	
48001	2200	5000	25000	
48001	2200	5500	25000	
48001	2200	6000	25000	
48001	2200	6500	25000	
48001	2200	7000	25000	
48001	2200	7500	25000	
48001	2200	8000	25000	
48001	2200	8500	25000	
48001	2200	9000	25000	
48001	2200	9500	25000	
48001	5000	0	25000	
48001	5000	500	25000	
48001	5000	1000	25000	
48001	5000	1500	25000	
48001	5000	2000	25000	
48001	5000	2500	25000	
48001	5000	3000	25000	
48001	5000	3500	25000	
48001	5000	4000	25000	
48001	5000	4500	25000	
48001	5000	5000	25000	
48001	5000	5500	25000	
48001	5000	6000	25000	
48001	5000	6500	25000	
48001	5000	7000	25000	
48001	5000	7500	25000	
48001	5000	8000	25000	
48001	5000	8500	25000	
48001	5000	9000	25000	
48001	5000	9500	25000	
48001	12000	0	25000	
48001	12000	500	25000	
48001	12000	1000	25000	
48001	12000	1500	25000	
48001	12000	2000	25000	
48001	12000	2500	25000	
48001	12000	3000	25000	
48001	12000	3500	25000	
48001	12000	4000	25000	
48001	12000	4500	25000	
48001	12000	5000	25000	
48001	12000	5500	25000	
48001	12000	6000	25000	
48001	12000	6500	25000	
48001	12000	7000	25000	
48001	12000	7500	25000	
48001	12000	8000	25000	
48001	12000	8500	25000	
48001	12000	9000	25000	
48001	12000	9500	25000	
48001	25000	0	25000	
48001	25000	500	25000	
48001	25000	1000	25000	
48001	25000	1500	25000	
48001	25000	2000	25000	
48001	25000	2500	25000	
48001	25000	3000	25000	
48001	25000	3500	25000	
48001	25000	4000	25000	
48001	25000	4500	25000	
48001	25000	5000	25000	
48001	25000	5500	25000	
48001	25000	6000	25000	
48001	25000	6500	25000	
48001	25000	7000	25000	
48001	25000	7500	25000	
48001	25000	8000	25000	
48001	25000	8500	25000	
48001	25000	9000	25000	
48001	25000	9500	25000	
48201	200	0	800	
48201	200	500	25000	
48201	200	1000	25000	
48201	200	1500	25000	
48201	200	2000	25000	
48201	200	2500	25000	
48201	200	3000	25000	
48201	200	3500	25000	
48201	200	4000	25000	
48201	200	4500	25000	
48201	200	5000	25000	
48201	200	5500	25000	
48201	200	6000	25000	
48201	200	6500	25000	
48201	200	7000	25000	
48201	200	7500	25000	
48201	200	8000	25000	
48201	200	8500	25000	
48201	200	9000	25000	
48201	200	9500	25000	
48201	800	0	800	
48201	800	500	25000	
48201	800	1000	25000	
48201	800	1500	25000	
48201	800	2000	25000	
48201	800	2500	25000	
48201	800	3000	25000	
48201	800	3500	25000	
48201	800	4000	25000	
48201	800	4500	25000	
48201	800	5000	25000	
48201	800	5500	25000	
48201	800	6000	25000	
48201	800	6500	25000	
48201	800	7000	25000	
48201	800	7500	25000	
48201	800	8000	25000	
48201	800	8500	25000	
48201	800	9000	25000	
48201	800	9500	25000	
48201	2200	0	25000	
48201	2200	500	25000	
48201	2200	1000	25000	
48201	2200	1500	25000	
48201	2200	2000	25000	
48201	2200	2500	25000	
48201	2200	3000	25000	
48201	2200	3500	25000	
48201	2200	4000	25000	
48201	2200	4500	25000	
48201	2200	5000	25000	
48201	2200	5500	25000	
48201	2200	6000	25000	
48201	2200	6500	25000	
48201	2200	7000	25000	
48201	2200	7500	25000	
48201	2200	8000	25000	
48201	2200	8500	25000	
48201	2200	9000	25000	
48201	2200	9500	25000	
48201	5000	0	25000	
48201	5000	500	25000	
48201	5000	1000	25000	
48201	5000	1500	25000	
48201	5000	2000	25000	
48201	5000	2500	25000	
48201	5000	3000	25000	
48201	5000	3500	25000	
48201	5000	4000	25000	
48201	5000	4500	25000	
48201	5000	5000	25000	
48201	5000	5500	25000	
48201	5000	6000	25000	
48201	5000	6500	25000	
48201	5000	7000	25000	
48201	5000	7500	25000	
48201	5000	8000	25000	
48201	5000	8500	25000	
48201	5000	9000	25000	
48201	5000	9500	25000	
48201	12000	0	25000	
48201	12000	500	25000	
48201	12000	1000	25000	
48201	12000	1500	25000	
48201	12000	2000	25000	
48201	12000	2500	25000	
48201	12000	3000	25000	
48201	12000	3500	25000	
48201	12000	4000	25000	
48201	12000	4500	25000	
48201	12000	5000	25000	
48201	12000	5500	25000	
48201	12000	6000	25000	
48201	12000	6500	25000	
48201	12000	7000	25000	
48201	12000	7500	25000	
48201	12000	8000	25000	
48201	12000	8500	25000	
48201	12000	9000	25000	
48201	12000	9500	25000	
48201	25000	0	25000	
48201	25000	500	25000	
48201	25000	1000	25000	
48201	25000	1500	25000	
48201	25000	2000	25000	
48201	25000	2500	25000	
48201	25000	3000	25000	
48201	25000	3500	25000	
48201	25000	4000	25000	
48201	25000	4500	25000	
48201	25000	5000	25000	
48201	25000	5500	25000	
48201	25000	6000	25000	
48201	25000	6500	25000	
48201	25000	7000	25000	
48201	25000	7500	25000	
48201	25000	8000	25000	
48201	25000	8500	25000	
48201	25000	9000	25000	
48201	25000	9500	25000	
48401	200	0	800	
48401	200	500	25000	
48401	200	1000	25000	
48401	200	1500	25000	
48401	200	2000	25000	
48401	200	2500	25000	
48401	200	3000	25000	
48401	200	3500	25000	
48401	200	4000	25000	
48401	200	4500	25000	
48401	200	5000	25000	
48401	200	5500	25000	
48401	200	6000	25000	
48401	200	6500	25000	
48401	200	7000	25000	
48401	200	7500	25000	
48401	200	8000	25000	
48401	200	8500	25000	
48401	200	9000	25000	
48401	200	9500	25000	
48401	800	0	800	
48401	800	500	25000	
48401	800	1000	25000	
48401	800	1500	25000	
48401	800	2000	25000	
48401	800	2500	25000	
48401	800	3000	25000	
48401	800	3500	25000	
48401	800	4000	25000	
48401	800	4500	25000	
48401	800	5000	25000	
48401	800	5500	25000	
48401	800	6000	25000	
48401	800	6500	25000	
48401	800	7000	25000	
48401	800	7500	25000	
48401	800	8000	25000	
48401	800	8500	25000	
48401	800	9000	25000	
48401	800	9500	25000	
48401	2200	0	25000	
48401	2200	500	25000	
48401	2200	1000	25000	
48401	2200	1500	25000	
48401	2200	2000	25000	
48401	2200	2500	25000	
48401	2200	3000	25000	
48401	2200	3500	25000	
48401	2200	4000	25000	
48401	2200	4500	25000	
48401	2200	5000	25000	
48401	2200	5500	25000	
48401	2200	6000	25000	
48401	2200	6500	25000	
48401	2200	7000	25000	
48401	2200	7500	25000	
48401	2200	8000	25000	
48401	2200	8500	25000	
48401	2200	9000	25000	
48401	2200	9500	25000	
48401	5000	0	25000	
48401	5000	500	25000	
48401	5000	1000	25000	
48401	5000	1500	25000	
48401	5000	2000	25000	
48401	5000	2500	25000	
48401	5000	3000	25000	
48401	5000	3500	25000	
48401	5000	4000	25000	
48401	5000	4500	25000	
48401	5000	5000	25000	
48401	5000	5500	25000	
48401	5000	6000	25000	
48401	5000	6500	25000	
48401	5000	7000	25000	
48401	5000	7500	25000	
48401	5000	8000	25000	
48401	5000	8500	25000	
48401	5000	9000	25000	
48401	5000	9500	25000	
48401	12000	0	25000	
48401	12000	500	25000	
48401	12000	1000	25000	
48401	12000	1500	25000	
48401	12000	2000	25000	
48401	12000	2500	25000	
48401	12000	3000	25000	
48401	12000	3500	25000	
48401	12000	4000	25000	
48401	12000	4500	25000	
48401	12000	5000	25000	
48401	12000	5500	25000	
48401	12000	6000	25000	
48401	12000	6500	25000	
48401	12000	7000	25000	
48401	12000	7500	25000	
48401	12000	8000	25000	
48401	12000	8500	25000	
48401	12000	9000	25000	
48401	12000	9500	25000	
48401	25000	0	25000	
48401	25000	500	25000	
48401	25000	1000	25000	
48401	25000	1500	25000	
48401	25000	2000	25000	
48401	25000	2500	25000	
48401	25000	3000	25000	
48401	25000	3500	25000	
48401	25000	4000	25000	
48401	25000	4500	25000	
48401	25000	5000	25000	
48401	25000	5500	25000	
48401	25000	6000	25000	
48401	25000	6500	25000	
48401	25000	7000	25000	
48401	25000	7500	25000	
48401	25000	8000	25000	
48401	25000	8500	25000	
48401	25000	9000	25000	
48401	25000	9500	25000	
48601	200	0	800	
48601	200	500	25000	
48601	200	1000	25000	
48601	200	1500	25000	
48601	200	2000	25000	
48601	200	2500	25000	
48601	200	3000	25000	
48601	200	3500	25000	
48601	200	4000	25000	
48601	200	4500	25000	
48601	200	5000	25000	
48601	200	5500	25000	
48601	200	6000	25000	
48601	200	6500	25000	
48601	200	7000	25000	
48601	200	7500	25000	
48601	200	8000	25000	
48601	200	8500	25000	
48601	200	9000	25000	
48601	200	9500	25000	
48601	800	0	800	
48601	800	500	25000	
48601	800	1000	25000	
48601	800	1500	25000	
48601	800	2000	25000	
48601	800	2500	25000	
48601	800	3000	25000	
48601	800	3500	25000	
48601	800	4000	25000	
48601	800	4500	25000	
48601	800	5000	25000	
48601	800	5500	25000	
48601	800	6000	25000	
48601	800	6500	25000	
48601	800	7000	25000	
48601	800	7500	25000	
48601	800	8000	25000	
48601	800	8500	25000	
48601	800	9000	25000	
48601	800	9500	25000	
48601	2200	0	25000	
48601	2200	500	25000	
48601	2200	1000	25000	
48601	2200	1500	25000	
48601	2200	2000	25000	
48601	2200	2500	25000	
48601	2200	3000	25000	
48601	2200	3500	25000	
48601	2200	4000	25000	
48601	2200	4500	25000	
48601	2200	5000	25000	
48601	2200	5500	25000	
48601	2200	6000	25000	
48601	2200	6500	25000	
48601	2200	7000	25000	
48601	2200	7500	25000	
48601	2200	8000	25000	
48601	2200	8500	25000	
48601	2200	9000	25000	
48601	2200	9500	25000	
48601	5000	0	25000	
48601	5000	500	25000	
48601	5000	1000	25000	
48601	5000	1500	25000	
48601	5000	2000	25000	
48601	5000	2500	25000	
48601	5000	3000	25000	
48601	5000	3500	25000	
48601	5000	4000	25000	
48601	5000	4500	25000	
48601	5000	5000	25000	
48601	5000	5500	25000	
48601	5000	6000	25000	
48601	5000	6500	25000	
48601	5000	7000	25000	
48601	5000	7500	25000	
48601	5000	8000	25000	
48601	5000	8500	25000	
48601	5000	9000	25000	
48601	5000	9500	25000	
48601	12000	0	25000	
48601	12000	500	25000	
48601	12000	1000	25000	
48601	12000	1500	25000	
48601	12000	2000	25000	
48601	12000	2500	25000	
48601	12000	3000	25000	
48601	12000	3500	25000	
48601	12000	4000	25000	
48601	12000	4500	25000	
48601	12000	5000	25000	
48601	12000	5500	25000	
48601	12000	6000	25000	
48601	12000	6500	25000	
48601	12000	7000	25000	
48601	12000	7500	25000	
48601	12000	8000	25000	
48601	12000	8500	25000	
48601	12000	9000	25000	
48601	12000	9500	25000	
48601	25000	0	25000	
48601	25000	500	25000	
48601	25000	1000	25000	
48601	25000	1500	25000	
48601	25000	2000	25000	
48601	25000	2500	25000	
48601	25000	3000	25000	
48601	25000	3500	25000	
48601	25000	4000	25000	
48601	25000	4500	25000	
48601	25000	5000	25000	
48601	25000	5500	25000	
48601	25000	6000	25000	
48601	25000	6500	25000	
48601	25000	7000	25000	
48601	25000	7500	25000	
48601	25000	8000	25000	
48601	25000	8500	25000	
48601	25000	9000	25000	
48601	25000	9500	25000	
48801	200	0	800	
48801	200	500	25000	
48801	200	1000	25000	
48801	200	1500	25000	
48801	200	2000	25000	
48801	200	2500	25000	
48801	200	3000	25000	
48801	200	3500	25000	
48801	200	4000	25000	
48801	200	4500	25000	
48801	200	5000	25000	
48801	200	5500	25000	
48801	200	6000	25000	
48801	200	6500	25000	
48801	200	7000	25000	
48801	200	7500	25000	
48801	200	8000	25000	
48801	200	8500	25000	
48801	200	9000	25000	
48801	200	9500	25000	
48801	800	0	800	
48801	800	500	25000	
48801	800	1000	25000	
48801	800	1500	25000	
48801	800	2000	25000	
48801	800	2500	25000	
48801	800	3000	25000	
48801	800	3500	25000	
48801	800	4000	25000	
48801	800	4500	25000	
48801	800	5000	25000	
48801	800	5500	25000	
48801	800	6000	25000	
48801	800	6500	25000	
48801	800	7000	25000	
48801	800	7500	25000	
48801	800	8000	25000	
48801	800	8500	25000	
48801	800	9000	25000	
48801	800	9500	25000	
48801	2200	0	25000	
48801	2200	500	25000	
48801	2200	1000	25000	
48801	2200	1500	25000	
48801	2200	2000	25000	
48801	2200	2500	25000	
48801	2200	3000	25000	
48801	2200	3500	25000	
48801	2200	4000	25000	
48801	2200	4500	25000	
48801	2200	5000	25000	
48801	2200	5500	25000	
48801	2200	6000	25000	
48801	2200	6500	25000	
48801	2200	7000	25000	
48801	2200	7500	25000	
48801	2200	8000	25000	
48801	2200	8500	25000	
48801	2200	9000	25000	
48801	2200	9500	25000	
48801	5000	0	25000	
48801	5000	500	25000	
48801	5000	1000	25000	
48801	5000	1500	25000	
48801	5000	2000	25000	
48801	5000	2500	25000	
48801	5000	3000	25000	
48801	5000	3500	25000	
48801	5000	4000	25000	
48801	5000	4500	25000	
48801	5000	5000	25000	
48801	5000	5500	25000	
48801	5000	6000	25000	
48801	5000	6500	25000	
48801	5000	7000	25000	
48801	5000	7500	25000	
48801	5000	8000	25000	
48801	5000	8500	25000	
48801	5000	9000	25000	
48801	5000	9500	25000	
48801	12000	0	25000	
48801	12000	500	25000	
48801	12000	1000	25000	
48801	12000	1500	25000	
48801	12000	2000	25000	
48801	12000	2500	25000	
48801	12000	3000	25000	
48801	12000	3500	25000	
48801	12000	4000	25000	
48801	12000	4500	25000	
48801	12000	5000	25000	
48801	12000	5500	25000	
48801	12000	6000	25000	
48801	12000	6500	25000	
48801	12000	7000	25000	
48801	12000	7500	25000	
48801	12000	8000	25000	
48801	12000	8500	25000	
48801	12000	9000	25000	
48801	12000	9500	25000	
48801	25000	0	25000	
48801	25000	500	25000	
48801	25000	1000	25000	
48801	25000	1500	25000	
48801	25000	2000	25000	
48801	25000	2500	25000	
48801	25000	3000	25000	
48801	25000	3500	25000	
48801	25000	4000	25000	
48801	25000	4500	25000	
48801	25000	5000	25000	
48801	25000	5500	25000	
48801	25000	6000	25000	
48801	25000	6500	25000	
48801	25000	7000	25000	
48801	25000	7500	25000	
48801	25000	8000	25000	
48801	25000	8500	25000	
48801	25000	9000	25000	
48801	25000	9500	25000	
49001	200	0	800	
49001	200	500	25000	
49001	200	1000	25000	
49001	200	1500	25000	
49001	200	2000	25000	
49001	200	2500	25000	
49001	200	3000	25000	
49001	200	3500	25000	
49001	200	4000	25000	
49001	200	4500	25000	
49001	200	5000	25000	
49001	200	5500	25000	
49001	200	6000	25000	
49001	200	6500	25000	
49001	200	7000	25000	
49001	200	7500	25000	
49001	200	8000	25000	
49001	200	8500	25000	
49001	200	9000	25000	
49001	200	9500	25000	
49001	800	0	800	
49001	800	500	25000	
49001	800	1000	25000	
49001	800	1500	25000	
49001	800	2000	25000	
49001	800	2500	25000	
49001	800	3000	25000	
49001	800	3500	25000	
49001	800	4000	25000	
49001	800	4500	25000	
49001	800	5000	25000	
49001	800	5500	25000	
49001	800	6000	25000	
49001	800	6500	25000	
49001	800	7000	25000	
49001	800	7500	25000	
49001	800	8000	25000	
49001	800	8500	25000	
49001	800	9000	25000	
49001	800	9500	25000	
49001	2200	0	25000	
49001	2200	500	25000	
49001	2200	1000	25000	
49001	2200	1500	25000	
49001	2200	2000	25000	
49001	2200	2500	25000	
49001	2200	3000	25000	
49001	2200	3500	25000	
49001	2200	4000	25000	
49001	2200	4500	25000	
49001	2200	5000	25000	
49001	2200	5500	25000	
49001	2200	6000	25000	
49001	2200	6500	25000	
49001	2200	7000	25000	
49001	2200	7500	25000	
49001	2200	8000	25000	
49001	2200	8500	25000	
49001	2200	9000	25000	
49001	2200	9500	25000	
49001	5000	0	25000	
49001	5000	500	25000	
49001	5000	1000	25000	
49001	5000	1500	25000	
49001	5000	2000	25000	
49001	5000	2500	25000	
49001	5000	3000	25000	
49001	5000	3500	25000	
49001	5000	4000	25000	
49001	5000	4500	25000	
49001	5000	5000	25000	
49001	5000	5500	25000	
49001	5000	6000	25000	
49001	5000	6500	25000	
49001	5000	7000	25000	
49001	5000	7500	25000	
49001	5000	8000	25000	
49001	5000	8500	25000	
49001	5000	9000	25000	
49001	5000	9500	25000	
49001	12000	0	25000	
49001	12000	500	25000	
49001	12000	1000	25000	
49001	12000	1500	25000	
49001	12000	2000	25000	
49001	12000	2500	25000	
49001	12000	3000	25000	
49001	12000	3500	25000	
49001	12000	4000	25000	
49001	12000	4500	25000	
49001	12000	5000	25000	
49001	12000	5500	25000	
49001	12000	6000	25000	
49001	12000	6500	25000	
49001	12000	7000	25000	
49001	12000	7500	25000	
49001	12000	8000	25000	
49001	12000	8500	25000	
49001	12000	9000	25000	
49001	12000	9500	25000	
49001	25000	0	25000	
49001	25000	500	25000	
49001	25000	1000	25000	
49001	25000	1500	25000	
49001	25000	2000	25000	
49001	25000	2500	25000	
49001	25000	3000	25000	
49001	25000	3500	25000	
49001	25000	4000	25000	
49001	25000	4500	25000	
49001	25000	5000	25000	
49001	25000	5500	25000	
49001	25000	6000	25000	
49001	25000	6500	25000	
49001	25000	7000	25000	
49001	25000	7500	25000	
49001	25000	8000	25000	
49001	25000	8500	25000	
49001	25000	9000	25000	
49001	25000	9500	25000	
49201	200	0	800	
49201	200	500	25000	
49201	200	1000	25000	
49201	200	1500	25000	
49201	200	2000	25000	
49201	200	2500	25000	
49201	200	3000	25000	
49201	200	3500	25000	
49201	200	4000	25000	
49201	200	4500	25000	
49201	200	5000	25000	
49201	200	5500	25000	
49201	200	6000	25000	
49201	200	6500	25000	
49201	200	7000	25000	
49201	200	7500	25000	
49201	200	8000	25000	
49201	200	8500	25000	
49201	200	9000	25000	
49201	200	9500	25000	
49201	800	0	800	
49201	800	500	25000	
49201	800	1000	25000	
49201	800	1500	25000	
49201	800	2000	25000	
49201	800	2500	25000	
49201	800	3000	25000	
49201	800	3500	25000	
49201	800	4000	25000	
49201	800	4500	25000	
49201	800	5000	25000	
49201	800	5500	25000	
49201	800	6000	25000	
49201	800	6500	25000	
49201	800	7000	25000	
49201	800	7500	25000	
49201	800	8000	25000	
49201	800	8500	25000	
49201	800	9000	25000	
49201	800	9500	25000	
49201	2200	0	25000	
49201	2200	500	25000	
49201	2200	1000	25000	
49201	2200	1500	25000	
49201	2200	2000	25000	
49201	2200	2500	25000	
49201	2200	3000	25000	
49201	2200	3500	25000	
49201	2200	4000	25000	
49201	2200	4500	25000	
49201	2200	5000	25000	
49201	2200	5500	25000	
49201	2200	6000	25000	
49201	2200	6500	25000	
49201	2200	7000	25000	
49201	2200	7500	25000	
49201	2200	8000	25000	
49201	2200	8500	25000	
49201	2200	9000	25000	
49201	2200	9500	25000	
49201	5000	0	25000	
49201	5000	500	25000	
49201	5000	1000	25000	
49201	5000	1500	25000	
49201	5000	2000	25000	
49201	5000	2500	25000	
49201	5000	3000	25000	
49201	5000	3500	25000	
49201	5000	4000	25000	
49201	5000	4500	25000	
49201	5000	5000	25000	
49201	5000	5500	25000	
49201	5000	6000	25000	
49201	5000	6500	25000	
49201	5000	7000	25000	
49201	5000	7500	25000	
49201	5000	8000	25000	
49201	5000	8500	25000	
49201	5000	9000	25000	
49201	5000	9500	25000	
49201	12000	0	25000	
49201	12000	500	25000	
49201	12000	1000	25000	
49201	12000	1500	25000	
49201	12000	2000	25000	
49201	12000	2500	25000	
49201	12000	3000	25000	
49201	12000	3500	25000	
49201	12000	4000	25000	
49201	12000	4500	25000	
49201	12000	5000	25000	
49201	12000	5500	25000	
49201	12000	6000	25000	
49201	12000	6500	25000	
49201	12000	7000	25000	
49201	12000	7500	25000	
49201	12000	8000	25000	
49201	12000	8500	25000	
49201	12000	9000	25000	
49201	12000	9500	25000	
49201	25000	0	25000	
49201	25000	500	25000	
49201	25000	1000	25000	
49201	25000	1500	25000	
49201	25000	2000	25000	
49201	25000	2500	25000	
49201	25000	3000	25000	
49201	25000	3500	25000	
49201	25000	4000	25000	
49201	25000	4500	25000	
49201	25000	5000	25000	
49201	25000	5500	25000	
49201	25000	6000	25000	
49201	25000	6500	25000	
49201	25000	7000	25000	
49201	25000	7500	25000	
49201	25000	8000	25000	
49201	25000	8500	25000	
49201	25000	9000	25000	
49201	25000	9500	25000	
49401	200	0	800	
49401	200	500	25000	
49401	200	1000	25000	
49401	200	1500	25000	
49401	200	2000	25000	
49401	200	2500	25000	
49401	200	3000	25000	
49401	200	3500	25000	
49401	200	4000	25000	
49401	200	4500	25000	
49401	200	5000	25000	
49401	200	5500	25000	
49401	200	6000	25000	
49401	200	6500	25000	
49401	200	7000	25000	
49401	200	7500	25000	
49401	200	8000	25000	
49401	200	8500	25000	
49401	200	9000	25000	
49401	200	9500	25000	
49401	800	0	800	
49401	800	500	25000	
49401	800	1000	25000	
49401	800	1500	25000	
49401	800	2000	25000	
49401	800	2500	25000	
49401	800	3000	25000	
49401	800	3500	25000	
49401	800	4000	25000	
49401	800	4500	25000	
49401	800	5000	25000	
49401	800	5500	25000	
49401	800	6000	25000	
49401	800	6500	25000	
49401	800	7000	25000	
49401	800	7500	25000	
49401	800	8000	25000	
49401	800	8500	25000	
49401	800	9000	25000	
49401	800	9500	25000	
49401	2200	0	25000	
49401	2200	500	25000	
49401	2200	1000	25000	
49401	2200	1500	25000	
49401	2200	2000	25000	
49401	2200	2500	25000	
49401	2200	3000	25000	
49401	2200	3500	25000	
49401	2200	4000	25000	
49401	2200	4500	25000	
49401	2200	5000	25000	
49401	2200	5500	25000	
49401	2200	6000	25000	
49401	2200	6500	25000	
49401	2200	7000	25000	
49401	2200	7500	25000	
49401	2200	8000	25000	
49401	2200	8500	25000	
49401	2200	9000	25000	
49401	2200	9500	25000	
49401	5000	0	25000	
49401	5000	500	25000	
49401	5000	1000	25000	
49401	5000	1500	25000	
49401	5000	2000	25000	
49401	5000	2500	25000	
49401	5000	3000	25000	
49401	5000	3500	25000	
49401	5000	4000	25000	
49401	5000	4500	25000	
49401	5000	5000	25000	
49401	5000	5500	25000	
49401	5000	6000	25000	
49401	5000	6500	25000	
49401	5000	7000	25000	
49401	5000	7500	25000	
49401	5000	8000	25000	
49401	5000	8500	25000	
49401	5000	9000	25000	
49401	5000	9500	25000	
49401	12000	0	25000	
49401	12000	500	25000	
49401	12000	1000	25000	
49401	12000	1500	25000	
49401	12000	2000	25000	
49401	12000	2500	25000	
49401	12000	3000	25000	
49401	12000	3500	25000	
49401	12000	4000	25000	
49401	12000	4500	25000	
49401	12000	5000	25000	
49401	12000	5500	25000	
49401	12000	6000	25000	
49401	12000	6500	25000	
49401	12000	7000	25000	
49401	12000	7500	25000	
49401	12000	8000	25000	
49401	12000	8500	25000	
49401	12000	9000	25000	
49401	12000	9500	25000	
49401	25000	0	25000	
49401	25000	500	25000	
49401	25000	1000	25000	
49401	25000	1500	25000	
49401	25000	2000	25000	
49401	25000	2500	25000	
49401	25000	3000	25000	
49401	25000	3500	25000	
49401	25000	4000	25000	
49401	25000	4500	25000	
49401	25000	5000	25000	
49401	25000	5500	25000	
49401	25000	6000	25000	
49401	25000	6500	25000	
49401	25000	7000	25000	
49401	25000	7500	25000	
49401	25000	8000	25000	
49401	25000	8500	25000	
49401	25000	9000	25000	
49401	25000	9500	25000	
49601	200	0	800	
49601	200	500	25000	
49601	200	1000	25000	
49601	200	1500	25000	
49601	200	2000	25000	
49601	200	2500	25000	
49601	200	3000	25000	
49601	200	3500	25000	
49601	200	4000	25000	
49601	200	4500	25000	
49601	200	5000	25000	
49601	200	5500	25000	
49601	200	6000	25000	
49601	200	6500	25000	
49601	200	7000	25000	
49601	200	7500	25000	
49601	200	8000	25000	
49601	200	8500	25000	
49601	200	9000	25000	
49601	200	9500	25000	
49601	800	0	800	
49601	800	500	25000	
49601	800	1000	25000	
49601	800	1500	25000	
49601	800	2000	25000	
49601	800	2500	25000	
49601	800	3000	25000	
49601	800	3500	25000	
49601	800	4000	25000	
49601	800	4500	25000	
49601	800	5000	25000	
49601	800	5500	25000	
49601	800	6000	25000	
49601	800	6500	25000	
49601	800	7000	25000	
49601	800	7500	25000	
49601	800	8000	25000	
49601	800	8500	25000	
49601	800	9000	25000	
49601	800	9500	25000	
49601	2200	0	25000	
49601	2200	500	25000	
49601	2200	1000	25000	
49601	2200	1500	25000	
49601	2200	2000	25000	
49601	2200	2500	25000	
49601	2200	3000	25000	
49601	2200	3500	25000	
49601	2200	4000	25000	
49601	2200	4500	25000	
49601	2200	5000	25000	
49601	2200	5500	25000	
49601	2200	6000	25000	
49601	2200	6500	25000	
49601	2200	7000	25000	
49601	2200	7500	25000	
49601	2200	8000	25000	
49601	2200	8500	25000	
49601	2200	9000	25000	
49601	2200	9500	25000	
49601	5000	0	25000	
49601	5000	500	25000	
49601	5000	1000	25000	
49601	5000	1500	25000	
49601	5000	2000	25000	
49601	5000	2500	25000	
49601	5000	3000	25000	
49601	5000	3500	25000	
49601	5000	4000	25000	
49601	5000	4500	25000	
49601	5000	5000	25000	
49601	5000	5500	25000	
49601	5000	6000	25000	
49601	5000	6500	25000	
49601	5000	7000	25000	
49601	5000	7500	25000	
49601	5000	8000	25000	
49601	5000	8500	25000	
49601	5000	9000	25000	
49601	5000	9500	25000	
49601	12000	0	25000	
49601	12000	500	25000	
49601	12000	1000	25000	
49601	12000	1500	25000	
49601	12000	2000	25000	
49601	12000	2500	25000	
49601	12000	3000	25000	
49601	12000	3500	25000	
49601	12000	4000	25000	
49601	12000	4500	25000	
49601	12000	5000	25000	
49601	12000	5500	25000	
49601	12000	6000	25000	
49601	12000	6500	25000	
49601	12000	7000	25000	
49601	12000	7500	25000	
49601	12000	8000	25000	
49601	12000	8500	25000	
49601	12000	9000	25000	
49601	12000	9500	25000	
49601	25000	0	25000	
49601	25000	500	25000	
49601	25000	1000	25000	
49601	25000	1500	25000	
49601	25000	2000	25000	
49601	25000	2500	25000	
49601	25000	3000	25000	
49601	25000	3500	25000	
49601	25000	4000	25000	
49601	25000	4500	25000	
49601	25000	5000	25000	
49601	25000	5500	25000	
49601	25000	6000	25000	
49601	25000	6500	25000	
49601	25000	7000	25000	
49601	25000	7500	25000	
49601	25000	8000	25000	
49601	25000	8500	25000	
49601	25000	9000	25000	
49601	25000	9500	25000	
49801	200	0	800	
49801	200	500	25000	
49801	200	1000	25000	
49801	200	1500	25000	
49801	200	2000	25000	
49801	200	2500	25000	
49801	200	3000	25000	
49801	200	3500	25000	
49801	200	4000	25000	
49801	200	4500	25000	
49801	200	5000	25000	
49801	200	5500	25000	
49801	200	6000	25000	
49801	200	6500	25000	
49801	200	7000	25000	
49801	200	7500	25000	
49801	200	8000	25000	
49801	200	8500	25000	
49801	200	9000	25000	
49801	200	9500	25000	
49801	800	0	800	
49801	800	500	25000	
49801	800	1000	25000	
49801	800	1500	25000	
49801	800	2000	25000	
49801	800	2500	25000	
49801	800	3000	25000	
49801	800	3500	25000	
49801	800	4000	25000	
49801	800	4500	25000	
49801	800	5000	25000	
49801	800	5500	25000	
49801	800	6000	25000	
49801	800	6500	25000	
49801	800	7000	25000	
49801	800	7500	25000	
49801	800	8000	25000	
49801	800	8500	25000	
49801	800	9000	25000	
49801	800	9500	25000	
49801	2200	0	25000	
49801	2200	500	25000	
49801	2200	1000	25000	
49801	2200	1500	25000	
49801	2200	2000	25000	
49801	2200	2500	25000	
49801	2200	3000	25000	
49801	2200	3500	25000	
49801	2200	4000	25000	
49801	2200	4500	25000	
49801	2200	5000	25000	
49801	2200	5500	25000	
49801	2200	6000	25000	
49801	2200	6500	25000	
49801	2200	7000	25000	
49801	2200	7500	25000	
49801	2200	8000	25000	
49801	2200	8500	25000	
49801	2200	9000	25000	
49801	2200	9500	25000	
49801	5000	0	25000	
49801	5000	500	25000	
49801	5000	1000	25000	
49801	5000	1500	25000	
49801	5000	2000	25000	
49801	5000	2500	25000	
49801	5000	3000	25000	
49801	5000	3500	25000	
49801	5000	4000	25000	
49801	5000	4500	25000	
49801	5000	5000	25000	
49801	5000	5500	25000	
49801	5000	6000	25000	
49801	5000	6500	25000	
49801	5000	7000	25000	
49801	5000	7500	25000	
49801	5000	8000	25000	
49801	5000	8500	25000	
49801	5000	9000	25000	
49801	5000	9500	25000	
49801	12000	0	25000	
49801	12000	500	25000	
49801	12000	1000	25000	
49801	12000	1500	25000	
49801	12000	2000	25000	
49801	12000	2500	25000	
49801	12000	3000	25000	
49801	12000	3500	25000	
49801	12000	4000	25000	
49801	12000	4500	25000	
49801	12000	5000	25000	
49801	12000	5500	25000	
49801	12000	6000	25000	
49801	12000	6500	25000	
49801	12000	7000	25000	
49801	12000	7500	25000	
49801	12000	8000	25000	
49801	12000	8500	25000	
49801	12000	9000	25000	
49801	12000	9500	25000	
49801	25000	0	25000	
49801	25000	500	25000	
49801	25000	1000	25000	
49801	25000	1500	25000	
49801	25000	2000	25000	
49801	25000	2500	25000	
49801	25000	3000	25000	
49801	25000	3500	25000	
49801	25000	4000	25000	
49801	25000	4500	25000	
49801	25000	5000	25000	
49801	25000	5500	25000	
49801	25000	6000	25000	
49801	25000	6500	25000	
49801	25000	7000	25000	
49801	25000	7500	25000	
49801	25000	8000	25000	
49801	25000	8500	25000	
49801	25000	9000	25000	
49801	25000	9500	25000	
